,age_min,age_max,wife_ed_min,wife_ed_max,husb_ed_min,husb_ed_max,no_kids_min,no_kids_max,wife_rel_min,wife_rel_max,wife_works_min,wife_works_max,husb_occupation_min,husb_occupation_max,SOL_index_min,SOL_index_max,media_exp_min,media_exp_max,class
0,16,32,1,2,3,3,3,4,0,1,0,1,1,4,1,3,0,0,1
1,33,49,1,3,1,3,8,16,0,1,0,1,1,4,4,4,0,1,1
2,33,49,1,3,1,3,6,7,0,1,0,1,1,4,4,4,0,1,1
3,33,49,1,3,1,3,9,16,0,1,0,1,1,4,1,3,0,0,1
4,33,49,3,3,1,3,6,8,0,1,0,1,1,4,1,3,0,0,1
5,16,25,4,4,1,4,0,2,0,1,0,1,3,4,1,3,0,1,1
6,33,49,1,2,3,3,6,8,0,1,0,1,1,4,1,3,0,0,1
7,16,22,3,3,1,3,0,2,0,1,0,1,1,4,1,2,0,1,1
8,16,32,1,3,1,3,3,4,0,1,0,1,1,4,4,4,0,1,1
9,33,49,1,3,1,3,6,16,0,1,0,1,1,2,1,3,1,1,1
10,33,49,1,3,1,3,0,5,0,1,0,1,3,4,1,3,1,1,1
11,40,49,1,3,4,4,0,4,0,1,0,1,1,2,1,3,0,1,1
12,44,45,4,4,1,4,0,4,0,1,0,1,1,1,1,4,0,1,1
13,39,49,1,3,4,4,0,4,0,1,0,1,3,4,1,4,0,1,1
14,33,39,1,3,4,4,0,4,0,1,0,1,1,2,1,3,0,1,1
15,26,32,1,3,4,4,0,2,0,1,0,1,3,4,1,3,0,1,1
16,33,49,1,3,1,3,6,7,0,1,0,1,1,4,4,4,0,1,1
17,33,49,1,3,1,3,6,7,0,1,0,1,1,4,4,4,0,1,1
18,33,49,1,2,1,2,6,8,0,1,0,1,1,4,1,3,0,0,1
19,33,49,1,3,1,3,0,5,0,1,0,1,1,2,1,3,1,1,1
20,26,32,1,3,4,4,0,2,0,1,0,1,3,4,1,3,0,1,1
21,22,25,1,3,4,4,0,2,0,1,0,1,1,4,1,3,0,1,1
22,46,49,4,4,1,4,0,4,0,1,0,1,1,1,1,4,0,1,1
23,38,39,4,4,1,4,0,3,0,1,0,1,1,1,1,4,0,1,1
24,43,49,4,4,1,4,5,6,0,1,0,1,1,1,1,4,0,1,1
25,33,49,1,3,4,4,5,16,0,1,0,1,3,4,1,4,0,1,1
26,38,39,4,4,1,4,0,3,0,1,0,1,1,1,1,4,0,1,1
27,26,32,4,4,1,4,0,1,0,1,0,0,1,1,1,4,0,1,1
28,16,25,4,4,1,4,0,2,0,1,0,1,2,2,1,3,0,1,1
29,33,49,1,3,1,3,8,16,0,1,0,1,1,4,4,4,0,1,1
30,25,32,1,3,4,4,0,2,0,1,0,1,1,4,4,4,0,1,1
31,26,32,4,4,1,4,0,2,0,1,0,1,3,4,1,3,0,1,1
32,26,32,1,3,4,4,0,2,0,1,0,1,1,2,1,3,0,1,1
33,33,49,1,3,1,2,0,5,0,1,0,1,3,4,1,3,0,0,1
34,16,25,1,2,1,3,0,2,0,1,0,1,1,4,3,4,0,1,1
35,33,49,1,3,1,3,6,16,0,1,0,1,3,4,1,3,1,1,1
36,33,49,1,2,1,2,6,8,0,1,0,1,1,4,1,3,0,0,1
37,16,32,3,3,1,3,3,4,0,1,0,1,1,4,1,3,0,0,1
38,39,49,1,3,1,3,0,5,0,1,0,1,3,4,4,4,0,1,1
39,26,32,1,2,1,3,0,2,0,1,0,1,1,4,3,4,0,1,1
40,16,32,1,2,1,2,3,4,0,1,0,1,1,4,1,3,0,0,1
41,42,49,1,3,1,3,0,5,0,1,0,1,1,2,1,3,0,0,1
42,40,49,1,3,4,4,0,4,0,1,0,1,1,2,1,3,0,1,1
43,40,43,4,4,1,4,0,4,0,1,0,1,1,1,1,4,0,1,1
44,23,32,1,2,1,3,0,1,0,1,0,1,1,4,1,2,0,1,1
45,22,25,1,3,4,4,0,2,0,1,0,1,1,4,1,3,0,1,1
46,29,32,4,4,1,4,0,2,0,1,1,1,1,2,1,4,0,1,1
47,38,49,4,4,1,4,0,4,0,1,0,1,2,2,1,4,0,1,1
48,26,28,4,4,1,4,0,2,0,1,1,1,1,2,1,4,0,1,1
49,26,32,4,4,1,4,0,1,0,1,0,0,1,1,1,4,0,1,1
50,26,32,4,4,1,4,0,1,0,1,0,0,1,1,1,4,0,1,1
51,33,49,4,4,1,4,5,16,0,1,0,1,2,2,1,4,0,1,1
52,33,49,1,3,4,4,5,16,0,1,0,1,3,4,1,4,0,1,1
53,33,35,4,4,1,4,0,4,0,1,0,1,2,2,1,4,0,1,1
54,33,49,1,3,4,4,5,6,0,1,0,1,1,2,1,3,0,1,1
55,16,20,1,2,1,3,0,2,0,1,0,1,1,4,1,2,0,1,1
56,43,49,4,4,1,4,5,6,0,1,0,1,1,1,1,4,0,1,1
57,33,49,1,3,4,4,7,16,0,1,0,1,1,2,1,3,0,1,1
58,16,25,1,2,1,3,0,2,0,1,0,1,1,4,3,4,0,1,1
59,43,49,4,4,1,4,5,6,0,1,0,1,1,1,1,4,0,1,1
60,33,49,1,3,1,3,9,16,0,1,0,1,1,4,1,3,0,0,1
61,16,25,1,2,1,3,0,2,0,1,0,1,1,4,3,4,0,1,1
62,42,49,1,3,1,3,0,5,0,1,0,1,1,2,1,3,0,0,1
63,21,22,1,2,1,3,0,2,0,1,0,1,1,4,1,2,0,1,1
64,26,32,1,3,4,4,0,2,0,1,0,1,1,2,1,3,0,1,1
65,22,25,1,3,4,4,0,2,0,1,0,1,1,4,1,3,0,1,1
66,33,49,4,4,1,4,5,16,0,1,0,1,3,4,1,4,0,1,1
67,16,32,1,2,3,3,3,4,0,1,0,1,1,4,1,3,0,0,1
68,16,24,1,3,4,4,0,2,0,1,0,1,1,4,4,4,0,1,1
69,16,25,4,4,1,4,0,2,0,1,0,1,3,4,1,3,0,1,1
70,42,49,1,3,1,3,0,5,0,1,0,1,1,2,1,3,0,0,1
71,33,49,1,3,1,3,8,16,0,1,0,1,1,4,4,4,0,1,1
72,23,32,1,2,1,3,0,1,0,1,0,1,1,4,1,2,0,1,1
73,23,32,1,2,1,3,0,1,0,1,0,1,1,4,1,2,0,1,1
74,16,21,1,3,4,4,0,2,0,1,0,1,1,4,1,3,0,1,1
75,16,21,1,3,4,4,0,2,0,1,0,1,1,4,1,3,0,1,1
76,26,32,4,4,1,4,0,2,0,1,0,0,2,2,1,4,0,1,1
77,38,49,1,3,4,4,0,4,0,1,0,1,1,2,4,4,0,1,1
78,33,49,1,3,3,3,0,5,0,1,0,1,3,4,1,3,0,0,1
79,38,39,4,4,1,4,0,3,0,1,0,1,1,1,1,4,0,1,1
80,24,25,4,4,1,4,0,2,0,1,0,1,1,1,1,4,0,1,1
81,43,49,4,4,1,4,5,6,0,1,0,1,1,1,1,4,0,1,1
82,16,24,1,3,4,4,0,2,0,1,0,1,1,4,4,4,0,1,1
83,26,32,4,4,1,4,0,1,0,1,0,0,1,1,1,4,0,1,1
84,29,32,4,4,1,4,0,2,0,1,1,1,1,2,1,4,0,1,1
85,33,35,4,4,1,4,0,2,0,1,0,1,1,1,1,4,0,1,1
86,24,25,4,4,1,4,0,2,0,1,0,1,1,1,1,4,0,1,1
87,33,35,4,4,1,4,3,3,0,1,0,1,1,1,1,4,0,1,1
88,16,32,1,3,4,4,3,16,0,1,0,1,1,2,4,4,0,1,1
89,16,32,1,2,1,2,3,4,0,1,0,1,1,4,1,3,0,0,1
90,23,32,1,2,1,3,0,1,0,1,0,1,1,4,1,2,0,1,1
91,33,49,1,3,4,4,5,16,0,1,0,1,1,2,4,4,0,1,1
92,16,32,1,2,1,2,3,4,0,1,0,1,1,4,1,3,0,0,1
93,33,49,1,3,1,2,0,5,0,1,0,1,3,4,1,3,0,0,1
94,42,49,1,3,1,3,0,5,0,1,0,1,1,2,1,3,0,0,1
95,33,49,1,3,1,3,6,16,0,1,0,1,1,2,1,3,1,1,1
96,33,41,1,3,1,3,0,5,0,1,0,1,1,2,1,3,0,0,1
97,16,32,4,4,1,4,4,16,0,1,0,1,1,2,1,4,0,1,1
98,16,32,1,2,1,2,3,4,0,1,0,1,1,4,1,3,0,0,1
99,16,32,1,3,3,3,5,16,0,1,0,1,1,4,1,3,0,0,1
100,16,32,1,3,1,3,3,16,0,1,0,1,1,4,1,3,1,1,1
101,16,20,1,2,1,3,0,2,0,1,0,1,1,4,1,2,0,1,1
102,16,29,1,3,4,4,3,3,0,1,0,1,1,4,1,3,0,1,1
103,16,32,4,4,1,4,4,16,0,1,0,1,1,2,1,4,0,1,1
104,22,25,1,3,4,4,0,2,0,1,0,1,1,4,1,3,0,1,1
105,33,49,1,3,3,3,0,5,0,1,0,1,3,4,1,3,0,0,1
106,16,23,4,4,1,4,0,2,0,1,0,1,1,1,1,4,0,1,1
107,40,49,1,3,4,4,0,4,0,1,0,1,1,2,1,3,0,1,1
108,23,32,1,2,1,3,2,2,0,1,0,1,1,4,1,2,0,1,1
109,16,32,1,2,3,3,3,4,0,1,0,1,1,4,1,3,0,0,1
110,37,49,4,4,1,4,0,4,0,1,0,1,3,4,1,4,0,1,1
111,16,32,1,3,3,3,5,16,0,1,0,1,1,4,1,3,0,0,1
112,16,23,4,4,1,4,0,2,0,1,0,1,1,1,1,4,0,1,1
113,16,32,1,2,1,2,3,4,0,1,0,1,1,4,1,3,0,0,1
114,16,21,1,3,4,4,0,2,0,1,0,1,1,4,1,3,0,1,1
115,36,37,4,4,1,4,0,3,0,1,0,1,1,1,1,4,0,1,1
116,33,34,4,4,1,4,0,4,0,1,0,1,3,4,1,4,0,1,1
117,40,49,1,3,4,4,0,4,0,1,0,1,1,2,1,3,0,1,1
118,33,49,4,4,1,4,5,16,0,1,0,1,2,2,1,4,0,1,1
119,26,32,1,2,1,3,0,2,0,1,0,1,1,4,3,4,0,1,1
120,33,42,1,3,1,3,0,5,0,1,0,1,1,2,4,4,0,1,1
121,33,41,1,3,1,3,0,5,0,1,0,1,1,2,1,3,0,0,1
122,26,32,1,3,4,4,0,2,0,1,0,1,3,4,1,3,0,1,1
123,16,20,1,2,1,3,0,2,0,1,0,1,1,4,1,2,0,1,1
124,33,49,1,3,1,2,0,5,0,1,0,1,3,4,1,3,0,0,1
125,26,32,1,3,4,4,0,2,0,1,0,1,1,2,1,3,0,1,1
126,44,45,4,4,1,4,0,4,0,1,0,1,1,1,1,4,0,1,1
127,33,49,1,3,1,3,0,5,0,1,0,1,3,4,1,3,1,1,1
128,33,49,1,3,1,3,0,5,0,1,0,1,1,2,1,3,1,1,1
129,22,25,1,3,4,4,0,2,0,1,0,1,1,4,1,3,0,1,1
130,39,49,1,3,4,4,0,4,0,1,0,1,3,4,1,4,0,1,1
131,26,32,4,4,1,4,0,1,0,1,0,0,1,1,1,4,0,1,1
132,33,49,1,2,1,2,6,8,0,1,0,1,1,4,1,3,0,0,1
133,26,32,1,3,4,4,0,2,0,1,0,1,3,4,1,3,0,1,1
134,26,28,4,4,1,4,0,2,0,1,1,1,1,2,1,4,0,1,1
135,16,32,1,3,1,3,3,4,0,1,0,1,1,4,4,4,0,1,1
136,16,25,4,4,1,4,0,2,0,1,0,1,3,4,1,3,0,1,1
137,16,22,3,3,1,3,0,2,0,1,0,1,1,4,1,2,0,1,1
138,26,32,4,4,1,4,0,2,0,1,0,1,3,4,1,3,0,1,1
139,16,23,4,4,1,4,0,2,0,1,0,1,1,1,1,4,0,1,1
140,33,35,4,4,1,4,0,2,0,1,0,1,1,1,1,4,0,1,1
141,26,32,4,4,1,4,0,2,0,1,0,1,3,4,1,3,0,1,1
142,46,49,4,4,1,4,0,4,0,1,0,1,1,1,1,4,0,1,1
143,35,36,4,4,1,4,0,4,0,1,0,1,3,4,1,4,0,1,1
144,25,32,1,3,4,4,0,2,0,1,0,1,1,4,4,4,0,1,1
145,33,35,4,4,1,4,3,3,0,1,0,1,1,1,1,4,0,1,1
146,38,49,4,4,1,4,0,4,0,1,0,1,2,2,1,4,0,1,1
147,40,43,4,4,1,4,0,4,0,1,0,1,1,1,1,4,0,1,1
148,26,32,4,4,1,4,0,1,0,1,0,0,1,1,1,4,0,1,1
149,43,49,4,4,1,4,5,6,0,1,0,1,1,1,1,4,0,1,1
150,38,49,4,4,1,4,0,4,0,1,0,1,2,2,1,4,0,1,1
151,16,32,1,2,3,3,3,4,0,1,0,1,1,4,1,3,0,0,1
152,38,49,1,3,4,4,0,4,0,1,0,1,1,2,4,4,0,1,1
153,16,25,4,4,1,4,0,2,0,1,0,1,2,2,4,4,0,1,1
154,42,49,1,3,1,3,0,5,0,1,0,1,1,2,1,3,0,0,1
155,33,49,1,3,1,3,6,16,0,1,0,1,1,2,1,3,1,1,1
156,33,35,4,4,1,4,0,4,0,1,0,1,2,2,1,4,0,1,1
157,30,32,1,3,4,4,3,16,0,1,0,1,1,4,1,3,0,1,1
158,33,49,1,3,4,4,5,6,0,1,0,1,1,2,1,3,0,1,1
159,21,22,1,2,1,3,0,2,0,1,0,1,1,4,1,2,0,1,1
160,16,32,1,3,1,3,3,16,0,1,0,1,1,4,1,3,1,1,1
161,26,32,4,4,1,4,0,1,0,1,0,0,1,1,1,4,0,1,1
162,42,49,1,3,1,3,0,5,0,1,0,1,1,2,1,3,0,0,1
163,33,49,1,3,3,3,0,5,0,1,0,1,3,4,1,3,0,0,1
164,33,35,4,4,1,4,0,4,0,1,0,1,2,2,1,4,0,1,1
165,33,37,1,3,4,4,0,4,0,1,0,1,1,2,4,4,0,1,1
166,33,49,1,3,4,4,5,16,0,1,0,1,1,2,4,4,0,1,1
167,26,28,4,4,1,4,0,2,0,1,1,1,1,2,1,4,0,1,1
168,16,25,4,4,1,4,0,2,0,1,0,1,2,2,4,4,0,1,1
169,16,24,1,3,4,4,0,2,0,1,0,1,1,4,4,4,0,1,1
170,46,49,4,4,1,4,0,4,0,1,0,1,1,1,1,4,0,1,1
171,33,49,1,2,1,2,6,8,0,1,0,1,1,4,1,3,0,0,1
172,16,24,1,3,4,4,0,2,0,1,0,1,1,4,4,4,0,1,1
173,16,32,3,3,1,3,0,2,0,1,0,1,1,4,4,4,0,1,1
174,23,32,3,3,1,3,0,2,0,1,0,1,1,4,1,2,0,1,1
175,25,32,1,3,4,4,0,2,0,1,0,1,1,4,4,4,0,1,1
176,26,28,4,4,1,4,0,2,0,1,1,1,1,2,1,4,0,1,1
177,16,32,1,3,4,4,3,16,0,1,0,1,1,2,4,4,0,1,1
178,38,49,1,3,4,4,0,4,0,1,0,1,1,2,4,4,0,1,1
179,33,49,1,3,1,3,8,16,0,1,0,1,1,4,4,4,0,1,1
180,33,35,4,4,1,4,0,2,0,1,0,1,1,1,1,4,0,1,1
181,22,25,1,3,4,4,0,2,0,1,0,1,1,4,1,3,0,1,1
182,33,49,1,3,1,3,9,16,0,1,0,1,1,4,1,3,0,0,1
183,33,49,1,3,1,2,0,5,0,1,0,1,3,4,1,3,0,0,1
184,33,49,1,3,4,4,5,6,0,1,0,1,1,2,1,3,0,1,1
185,33,38,1,3,1,3,0,5,0,1,0,1,3,4,4,4,0,1,1
186,16,21,1,3,4,4,0,2,0,1,0,1,1,4,1,3,0,1,1
187,33,49,1,3,1,3,0,5,0,1,0,1,3,4,1,3,1,1,1
188,16,22,3,3,1,3,0,2,0,1,0,1,1,4,1,2,0,1,1
189,16,32,3,3,1,3,3,4,0,1,0,1,1,4,1,3,0,0,1
190,16,32,1,2,1,2,3,4,0,1,0,1,1,4,1,3,0,0,1
191,30,32,1,3,4,4,3,16,0,1,0,1,1,4,1,3,0,1,1
192,33,49,1,3,1,3,6,16,0,1,0,1,3,4,1,3,1,1,1
193,16,32,3,3,1,3,0,2,0,1,0,1,1,4,3,3,0,1,1
194,16,21,1,3,4,4,0,2,0,1,0,1,1,4,1,3,0,1,1
195,33,49,1,3,1,3,6,16,0,1,0,1,3,4,1,3,1,1,1
196,16,32,1,2,1,2,3,4,0,1,0,1,1,4,1,3,0,0,1
197,33,49,1,3,4,4,5,16,0,1,0,1,1,2,4,4,0,1,1
198,16,32,1,3,1,2,5,16,0,1,0,1,1,4,1,3,0,0,1
199,26,32,1,3,4,4,0,2,0,1,0,1,3,4,1,3,0,1,1
200,33,49,1,3,4,4,7,16,0,1,0,1,1,2,1,3,0,1,1
201,22,25,1,3,4,4,0,2,0,1,0,1,1,4,1,3,0,1,1
202,33,37,1,3,4,4,0,4,0,1,0,1,1,2,4,4,0,1,1
203,26,32,1,2,1,3,0,2,0,1,0,1,1,4,3,4,0,1,1
204,40,49,1,3,4,4,0,4,0,1,0,1,1,2,1,3,0,1,1
205,21,22,1,2,1,3,0,2,0,1,0,1,1,4,1,2,0,1,1
206,26,32,1,3,4,4,0,2,0,1,0,1,3,4,1,3,0,1,1
207,26,32,1,3,4,4,0,2,0,1,0,1,1,2,1,3,0,1,1
208,29,32,4,4,1,4,0,2,0,1,1,1,1,2,1,4,0,1,1
209,33,49,1,3,3,3,0,5,0,1,0,1,3,4,1,3,0,0,1
210,39,49,1,3,1,3,0,5,0,1,0,1,3,4,4,4,0,1,1
211,33,49,1,3,1,2,0,5,0,1,0,1,3,4,1,3,0,0,1
212,16,29,1,3,4,4,3,3,0,1,0,1,1,4,1,3,0,1,1
213,33,49,1,3,3,3,0,5,0,1,0,1,3,4,1,3,0,0,1
214,33,49,1,2,3,3,6,8,0,1,0,1,1,4,1,3,0,0,1
215,26,32,1,3,4,4,0,2,0,1,0,1,1,2,1,3,0,1,1
216,33,49,1,3,1,2,0,5,0,1,0,1,3,4,1,3,0,0,1
217,33,49,1,3,1,3,6,16,0,1,0,1,1,2,1,3,1,1,1
218,16,32,1,3,1,3,3,16,0,1,0,1,1,4,1,3,1,1,1
219,16,32,3,3,1,3,0,2,0,1,0,1,1,4,3,3,0,1,1
220,16,25,1,2,1,3,0,2,0,1,0,1,1,4,3,4,0,1,1
221,26,32,1,3,4,4,0,2,0,1,0,1,3,4,1,3,0,1,1
222,33,49,1,3,1,3,0,5,0,1,0,1,1,2,1,3,1,1,1
223,16,25,1,2,1,3,0,2,0,1,0,1,1,4,3,4,0,1,1
224,46,49,4,4,1,4,0,4,0,1,0,1,1,1,1,4,0,1,1
225,16,32,4,4,1,4,4,16,0,1,0,1,1,2,1,4,0,1,1
226,33,42,1,3,1,3,0,5,0,1,0,1,1,2,4,4,0,1,1
227,33,49,1,3,1,3,0,5,0,1,0,1,1,2,1,3,1,1,1
228,33,49,1,3,4,4,5,16,0,1,0,1,3,4,1,4,0,1,1
229,26,32,1,3,4,4,0,2,0,1,0,1,3,4,1,3,0,1,1
230,39,49,1,3,1,3,0,5,0,1,0,1,3,4,4,4,0,1,1
231,26,32,1,3,4,4,0,2,0,1,0,1,1,2,1,3,0,1,1
232,16,21,1,3,4,4,0,2,0,1,0,1,1,4,1,3,0,1,1
233,16,25,1,2,1,3,0,2,0,1,0,1,1,4,3,4,0,1,1
234,33,49,1,3,1,3,0,5,0,1,0,1,3,4,1,3,1,1,1
235,26,32,1,2,1,3,0,2,0,1,0,1,1,4,3,4,0,1,1
236,33,49,1,3,3,3,0,5,0,1,0,1,3,4,1,3,0,0,1
237,16,25,4,4,1,4,0,2,0,1,0,1,3,4,1,3,0,1,1
238,33,49,3,3,1,3,6,8,0,1,0,1,1,4,1,3,0,0,1
239,16,32,3,3,1,3,0,2,0,1,0,1,1,4,3,3,0,1,1
240,16,21,1,3,4,4,0,2,0,1,0,1,1,4,1,3,0,1,1
241,33,41,1,3,1,3,0,5,0,1,0,1,1,2,1,3,0,0,1
242,39,49,1,3,4,4,0,4,0,1,0,1,3,4,1,4,0,1,1
243,16,23,4,4,1,4,0,2,0,1,0,1,1,1,1,4,0,1,1
244,16,32,1,3,4,4,3,16,0,1,0,1,1,2,4,4,0,1,1
245,33,35,4,4,1,4,0,2,0,1,0,1,1,1,1,4,0,1,1
246,33,35,4,4,1,4,0,2,0,1,0,1,1,1,1,4,0,1,1
247,16,23,4,4,1,4,0,2,0,1,0,1,1,1,1,4,0,1,1
248,26,28,4,4,1,4,0,2,0,1,1,1,1,2,1,4,0,1,1
249,33,49,1,3,1,3,6,16,0,1,0,1,1,2,1,3,1,1,1
250,33,35,4,4,1,4,3,3,0,1,0,1,1,1,1,4,0,1,1
251,33,49,4,4,1,4,5,16,0,1,0,1,3,4,1,4,0,1,1
252,23,32,3,3,1,3,0,2,0,1,0,1,1,4,1,2,0,1,1
253,26,32,4,4,1,4,0,1,0,1,0,0,1,1,1,4,0,1,1
254,33,49,1,3,1,3,0,5,0,1,0,1,3,4,1,3,1,1,1
255,35,36,4,4,1,4,0,4,0,1,0,1,3,4,1,4,0,1,1
256,38,49,1,3,4,4,0,4,0,1,0,1,1,2,4,4,0,1,1
257,33,49,1,3,1,3,6,7,0,1,0,1,1,4,4,4,0,1,1
258,33,49,1,3,1,2,0,5,0,1,0,1,3,4,1,3,0,0,1
259,39,49,1,3,1,3,0,5,0,1,0,1,3,4,4,4,0,1,1
260,33,49,1,2,1,2,6,8,0,1,0,1,1,4,1,3,0,0,1
261,33,49,1,3,3,3,0,5,0,1,0,1,3,4,1,3,0,0,1
262,16,32,1,3,1,3,3,4,0,1,0,1,1,4,4,4,0,1,1
263,16,22,3,3,1,3,0,2,0,1,0,1,1,4,1,2,0,1,1
264,30,32,1,3,4,4,3,16,0,1,0,1,1,4,1,3,0,1,1
265,16,23,4,4,1,4,0,2,0,1,0,1,1,1,1,4,0,1,1
266,33,49,1,3,4,4,5,16,0,1,0,1,1,2,4,4,0,1,1
267,33,49,1,3,4,4,5,16,0,1,0,1,3,4,1,4,0,1,1
268,33,49,3,3,1,3,6,8,0,1,0,1,1,4,1,3,0,0,1
269,33,49,1,2,1,2,6,8,0,1,0,1,1,4,1,3,0,0,1
270,29,32,4,4,1,4,0,2,0,1,1,1,1,2,1,4,0,1,1
271,25,32,1,3,4,4,0,2,0,1,0,1,1,4,4,4,0,1,1
272,22,25,1,3,4,4,0,2,0,1,0,1,1,4,1,3,0,1,1
273,33,49,1,3,4,4,5,6,0,1,0,1,1,2,1,3,0,1,1
274,22,25,1,3,4,4,0,2,0,1,0,1,1,4,1,3,0,1,1
275,33,39,1,3,4,4,0,4,0,1,0,1,1,2,1,3,0,1,1
276,43,49,1,3,1,3,0,5,0,1,0,1,1,2,4,4,0,1,1
277,33,42,1,3,1,3,0,5,0,1,0,1,1,2,4,4,0,1,1
278,33,49,1,3,4,4,5,16,0,1,0,1,3,4,1,4,0,1,1
279,38,49,4,4,1,4,0,4,0,1,0,1,2,2,1,4,0,1,1
280,33,49,1,2,3,3,6,8,0,1,0,1,1,4,1,3,0,0,1
281,16,21,1,3,4,4,0,2,0,1,0,1,1,4,1,3,0,1,1
282,16,23,4,4,1,4,0,2,0,1,0,1,1,1,1,4,0,1,1
283,39,49,1,3,1,3,0,5,0,1,0,1,3,4,4,4,0,1,1
284,25,32,1,3,4,4,0,2,0,1,0,1,1,4,4,4,0,1,1
285,33,49,4,4,1,4,5,16,0,1,0,1,2,2,1,4,0,1,1
286,16,23,4,4,1,4,0,2,0,1,0,1,1,1,1,4,0,1,1
287,16,29,1,3,4,4,4,16,0,1,0,1,1,4,1,3,0,1,1
288,21,22,1,2,1,3,0,2,0,1,0,1,1,4,1,2,0,1,1
289,33,49,1,3,1,3,0,5,0,1,0,1,1,2,1,3,1,1,1
290,16,25,4,4,1,4,0,2,0,1,0,1,2,2,1,3,0,1,1
291,33,39,4,4,1,4,4,4,0,1,0,1,1,1,1,4,0,1,1
292,43,49,1,3,1,3,0,5,0,1,0,1,1,2,4,4,0,1,1
293,37,49,4,4,1,4,0,4,0,1,0,1,3,4,1,4,0,1,1
294,29,32,4,4,1,4,0,2,0,1,1,1,1,2,1,4,0,1,1
295,33,49,1,3,4,4,5,16,0,1,0,1,1,2,4,4,0,1,1
296,33,49,1,3,4,4,5,16,0,1,0,1,1,2,4,4,0,1,1
297,46,49,4,4,1,4,0,4,0,1,0,1,1,1,1,4,0,1,1
298,16,30,4,4,1,4,3,3,0,1,0,1,1,2,1,4,0,1,1
299,26,28,4,4,1,4,0,2,0,1,1,1,1,2,1,4,0,1,1
300,16,32,1,3,1,3,5,16,0,1,0,1,1,4,4,4,0,1,1
301,26,32,4,4,1,4,0,2,0,1,0,0,2,2,1,4,0,1,1
302,16,32,3,3,1,3,0,2,0,1,0,1,1,4,4,4,0,1,1
303,16,24,1,3,4,4,0,2,0,1,0,1,1,4,4,4,0,1,1
304,16,25,4,4,1,4,0,2,0,1,0,1,2,2,4,4,0,1,1
305,16,25,4,4,1,4,0,2,0,1,0,1,3,4,1,3,0,1,1
306,43,49,1,3,1,3,0,5,0,1,0,1,1,2,4,4,0,1,1
307,33,49,1,3,4,4,5,16,0,1,0,1,1,2,4,4,0,1,1
308,16,22,3,3,1,3,0,2,0,1,0,1,1,4,1,2,0,1,1
309,22,25,1,3,4,4,0,2,0,1,0,1,1,4,1,3,0,1,1
310,40,49,1,3,4,4,0,4,0,1,0,1,1,2,1,3,0,1,1
311,33,42,1,3,1,3,0,5,0,1,0,1,1,2,4,4,0,1,1
312,22,25,1,3,4,4,0,2,0,1,0,1,1,4,1,3,0,1,1
313,37,49,4,4,1,4,0,4,0,1,0,1,3,4,1,4,0,1,1
314,33,49,1,3,1,2,0,5,0,1,0,1,3,4,1,3,0,0,1
315,33,42,1,3,1,3,0,5,0,1,0,1,1,2,4,4,0,1,1
316,26,32,1,3,4,4,0,2,0,1,0,1,1,2,1,3,0,1,1
317,16,32,1,3,1,3,5,16,0,1,0,1,1,4,4,4,0,1,1
318,16,21,1,3,4,4,0,2,0,1,0,1,1,4,1,3,0,1,1
319,16,32,1,3,1,3,3,4,0,1,0,1,1,4,4,4,0,1,1
320,37,49,4,4,1,4,0,4,0,1,0,1,3,4,1,4,0,1,1
321,39,49,1,3,1,3,0,5,0,1,0,1,3,4,4,4,0,1,1
322,38,49,1,3,4,4,0,4,0,1,0,1,1,2,4,4,0,1,1
323,16,25,1,2,1,3,0,2,0,1,0,1,1,4,3,4,0,1,1
324,26,28,4,4,1,4,0,2,0,1,1,1,1,2,1,4,0,1,1
325,16,25,4,4,1,4,0,2,0,1,0,1,2,2,1,3,0,1,1
326,33,49,1,3,1,3,0,5,0,1,0,1,3,4,1,3,1,1,1
327,35,36,4,4,1,4,0,4,0,1,0,1,3,4,1,4,0,1,1
328,37,49,4,4,1,4,0,4,0,1,0,1,3,4,1,4,0,1,1
329,39,49,1,3,4,4,0,4,0,1,0,1,3,4,1,4,0,1,1
330,25,32,1,3,4,4,0,2,0,1,0,1,1,4,4,4,0,1,1
331,33,38,1,3,1,3,0,5,0,1,0,1,3,4,4,4,0,1,1
332,16,25,1,2,1,3,0,2,0,1,0,1,1,4,3,4,0,1,1
333,46,49,4,4,1,4,0,4,0,1,0,1,1,1,1,4,0,1,1
334,16,32,4,4,1,4,0,2,0,1,0,1,3,4,4,4,0,1,1
335,16,32,1,3,1,3,3,16,0,1,0,1,1,4,1,3,1,1,1
336,33,34,4,4,1,4,0,4,0,1,0,1,3,4,1,4,0,1,1
337,16,30,4,4,1,4,3,3,0,1,0,1,1,2,1,4,0,1,1
338,16,25,4,4,1,4,0,2,0,1,0,1,2,2,4,4,0,1,1
339,16,29,1,3,4,4,3,3,0,1,0,1,1,4,1,3,0,1,1
340,16,32,1,2,3,3,3,4,0,1,0,1,1,4,1,3,0,0,1
341,33,49,3,3,1,3,6,8,0,1,0,1,1,4,1,3,0,0,1
342,16,25,4,4,1,4,0,2,0,1,0,1,2,2,4,4,0,1,1
343,39,49,1,3,4,4,0,4,0,1,0,1,3,4,1,4,0,1,1
344,16,25,4,4,1,4,0,2,0,1,0,1,3,4,1,3,0,1,1
345,26,28,4,4,1,4,0,2,0,1,1,1,1,2,1,4,0,1,1
346,33,34,4,4,1,4,0,4,0,1,0,1,3,4,1,4,0,1,1
347,16,32,1,3,1,3,3,16,0,1,0,1,1,4,1,3,1,1,1
348,16,32,1,2,1,2,3,4,0,1,0,1,1,4,1,3,0,0,1
349,23,32,3,3,1,3,0,2,0,1,0,1,1,4,1,2,0,1,1
350,16,20,1,2,1,3,0,2,0,1,0,1,1,4,1,2,0,1,1
351,33,49,1,3,1,3,6,16,0,1,0,1,3,4,1,3,1,1,1
352,23,32,1,2,1,3,2,2,0,1,0,1,1,4,1,2,0,1,1
353,23,32,1,2,1,3,0,1,0,1,0,1,1,4,1,2,0,1,1
354,33,49,1,2,3,3,6,8,0,1,0,1,1,4,1,3,0,0,1
355,23,32,1,2,1,3,0,1,0,1,0,1,1,4,1,2,0,1,1
356,16,24,1,3,4,4,0,2,0,1,0,1,1,4,4,4,0,1,1
357,16,32,1,3,4,4,3,16,0,1,0,1,3,4,4,4,0,1,1
358,42,49,1,3,1,3,0,5,0,1,0,1,1,2,1,3,0,0,1
359,16,25,1,2,1,3,0,2,0,1,0,1,1,4,3,4,0,1,1
360,16,21,1,3,4,4,0,2,0,1,0,1,1,4,1,3,0,1,1
361,43,49,1,3,1,3,0,5,0,1,0,1,1,2,4,4,0,1,1
362,33,38,1,3,1,3,0,5,0,1,0,1,3,4,4,4,0,1,1
363,26,32,1,2,1,3,0,2,0,1,0,1,1,4,3,4,0,1,1
364,23,32,3,3,1,3,0,2,0,1,0,1,1,4,1,2,0,1,1
365,16,32,1,3,1,3,3,4,0,1,0,1,1,4,4,4,0,1,1
366,33,42,1,3,1,3,0,5,0,1,0,1,1,2,4,4,0,1,1
367,16,25,4,4,1,4,0,2,0,1,0,1,2,2,1,3,0,1,1
368,33,49,1,2,3,3,6,8,0,1,0,1,1,4,1,3,0,0,1
369,16,32,1,3,3,3,5,16,0,1,0,1,1,4,1,3,0,0,1
370,33,42,1,3,1,3,0,5,0,1,0,1,1,2,4,4,0,1,1
371,33,41,1,3,1,3,0,5,0,1,0,1,1,2,1,3,0,0,1
372,16,20,1,2,1,3,0,2,0,1,0,1,1,4,1,2,0,1,1
373,38,49,1,3,4,4,0,4,0,1,0,1,1,2,4,4,0,1,1
374,33,49,1,3,1,3,0,5,0,1,0,1,3,4,1,3,1,1,1
375,23,32,3,3,1,3,0,2,0,1,0,1,1,4,1,2,0,1,1
376,33,49,1,3,1,3,0,5,0,1,0,1,1,2,1,3,1,1,1
377,30,32,1,3,4,4,3,16,0,1,0,1,1,4,1,3,0,1,1
378,16,25,1,2,1,3,0,2,0,1,0,1,1,4,3,4,0,1,1
379,33,49,1,3,1,3,6,16,0,1,0,1,3,4,1,3,1,1,1
380,33,49,3,3,1,3,6,8,0,1,0,1,1,4,1,3,0,0,1
381,33,49,1,3,4,4,5,6,0,1,0,1,1,2,1,3,0,1,1
382,33,49,1,3,3,3,0,5,0,1,0,1,3,4,1,3,0,0,1
383,23,32,1,2,1,3,0,1,0,1,0,1,1,4,1,2,0,1,1
384,33,49,1,3,4,4,5,16,0,1,0,1,3,4,1,4,0,1,1
385,38,39,4,4,1,4,0,3,0,1,0,1,1,1,1,4,0,1,1
386,44,45,4,4,1,4,0,4,0,1,0,1,1,1,1,4,0,1,1
387,16,32,4,4,1,4,0,2,0,1,0,1,3,4,4,4,0,1,1
388,25,32,1,3,4,4,0,2,0,1,0,1,1,4,4,4,0,1,1
389,16,25,1,2,1,3,0,2,0,1,0,1,1,4,3,4,0,1,1
390,33,34,4,4,1,4,0,4,0,1,0,1,3,4,1,4,0,1,1
391,33,49,4,4,1,4,5,16,0,1,0,1,3,4,1,4,0,1,1
392,33,49,1,3,4,4,5,16,0,1,0,1,1,2,4,4,0,1,1
393,16,32,3,3,1,3,0,2,0,1,0,1,1,4,4,4,0,1,1
394,26,32,4,4,1,4,0,2,0,1,0,0,2,2,1,4,0,1,1
395,36,37,4,4,1,4,0,3,0,1,0,1,1,1,1,4,0,1,1
396,33,49,1,3,1,3,6,7,0,1,0,1,1,4,4,4,0,1,1
397,33,49,1,3,1,3,6,16,0,1,0,1,1,2,1,3,1,1,1
398,16,20,1,2,1,3,0,2,0,1,0,1,1,4,1,2,0,1,1
399,33,49,1,3,1,3,0,5,0,1,0,1,1,2,1,3,1,1,1
400,33,49,1,3,1,3,0,5,0,1,0,1,3,4,1,3,1,1,1
401,16,32,1,3,4,4,3,16,0,1,0,1,1,2,4,4,0,1,1
402,33,49,1,2,1,2,6,8,0,1,0,1,1,4,1,3,0,0,1
403,39,49,1,3,1,3,0,5,0,1,0,1,3,4,4,4,0,1,1
404,16,29,1,3,4,4,4,16,0,1,0,1,1,4,1,3,0,1,1
405,16,32,3,3,1,3,0,2,0,1,0,1,1,4,3,3,0,1,1
406,16,32,1,3,1,3,3,4,0,1,0,1,1,4,4,4,0,1,1
407,43,49,1,3,1,3,0,5,0,1,0,1,1,2,4,4,0,1,1
408,33,41,1,3,1,3,0,5,0,1,0,1,1,2,1,3,0,0,1
409,16,32,3,3,1,3,0,2,0,1,0,1,1,4,4,4,0,1,1
410,43,49,1,3,1,3,0,5,0,1,0,1,1,2,4,4,0,1,1
411,39,49,1,3,4,4,0,4,0,1,0,1,3,4,1,4,0,1,1
412,39,49,1,3,1,3,0,5,0,1,0,1,3,4,4,4,0,1,1
413,23,32,1,2,1,3,2,2,0,1,0,1,1,4,1,2,0,1,1
414,16,32,1,3,1,3,3,4,0,1,0,1,1,4,4,4,0,1,1
415,33,49,1,3,1,3,6,7,0,1,0,1,1,4,4,4,0,1,2
416,43,49,4,4,1,4,5,6,0,1,0,1,1,1,1,4,0,1,2
417,33,39,4,4,1,4,4,4,0,1,0,1,1,1,1,4,0,1,2
418,26,32,4,4,1,4,2,2,0,1,0,0,1,1,1,4,0,1,2
419,33,41,1,3,1,3,0,5,0,1,0,1,1,2,1,3,0,0,2
420,33,39,1,3,4,4,0,4,0,1,0,1,1,2,1,3,0,1,2
421,39,49,1,3,4,4,0,4,0,1,0,1,3,4,1,4,0,1,2
422,29,32,4,4,1,4,0,2,0,1,1,1,1,2,1,4,0,1,2
423,16,32,1,3,4,4,3,16,0,1,0,1,3,4,4,4,0,1,2
424,33,49,1,3,1,3,6,7,0,1,0,1,1,4,4,4,0,1,2
425,26,32,4,4,1,4,2,2,0,1,0,0,1,1,1,4,0,1,2
426,33,39,4,4,1,4,4,4,0,1,0,1,1,1,1,4,0,1,2
427,26,32,1,2,1,3,0,2,0,1,0,1,1,4,3,4,0,1,2
428,16,32,1,3,4,4,3,16,0,1,0,1,3,4,4,4,0,1,2
429,33,39,4,4,1,4,4,4,0,1,0,1,1,1,1,4,0,1,2
430,16,23,4,4,1,4,0,2,0,1,0,1,1,1,1,4,0,1,2
431,16,24,1,3,4,4,0,2,0,1,0,1,1,4,4,4,0,1,2
432,16,29,1,3,4,4,3,3,0,1,0,1,1,4,1,3,0,1,2
433,37,49,4,4,1,4,0,4,0,1,0,1,3,4,1,4,0,1,2
434,16,21,1,3,4,4,0,2,0,1,0,1,1,4,1,3,0,1,2
435,33,49,4,4,1,4,7,16,0,1,0,1,1,1,1,4,0,1,2
436,26,32,1,2,1,3,0,2,0,1,0,1,1,4,3,4,0,1,2
437,33,41,1,3,1,3,0,5,0,1,0,1,1,2,1,3,0,0,2
438,26,32,1,2,1,3,0,2,0,1,0,1,1,4,3,4,0,1,2
439,25,32,1,3,4,4,0,2,0,1,0,1,1,4,4,4,0,1,2
440,16,32,4,4,1,4,4,16,0,1,0,1,1,2,1,4,0,1,2
441,33,49,4,4,1,4,5,16,0,1,0,1,2,2,1,4,0,1,2
442,46,49,4,4,1,4,0,4,0,1,0,1,1,1,1,4,0,1,2
443,26,32,4,4,1,4,2,2,0,1,0,0,1,1,1,4,0,1,2
444,33,49,4,4,1,4,7,16,0,1,0,1,1,1,1,4,0,1,2
445,33,49,1,3,1,3,6,7,0,1,0,1,1,4,4,4,0,1,2
446,38,39,4,4,1,4,0,3,0,1,0,1,1,1,1,4,0,1,2
447,33,39,4,4,1,4,5,6,0,1,0,1,1,1,1,4,0,1,2
448,36,37,4,4,1,4,0,3,0,1,0,1,1,1,1,4,0,1,2
449,16,24,1,3,4,4,0,2,0,1,0,1,1,4,4,4,0,1,2
450,16,32,4,4,1,4,0,2,0,1,0,1,3,4,4,4,0,1,2
451,26,32,1,3,4,4,0,2,0,1,0,1,1,2,1,3,0,1,2
452,23,32,3,3,1,3,0,2,0,1,0,1,1,4,1,2,0,1,2
453,29,32,4,4,1,4,0,2,0,1,1,1,1,2,1,4,0,1,2
454,36,37,4,4,1,4,0,4,0,1,0,1,2,2,1,4,0,1,2
455,16,32,3,3,1,3,0,2,0,1,0,1,1,4,4,4,0,1,2
456,36,37,4,4,1,4,0,3,0,1,0,1,1,1,1,4,0,1,2
457,40,43,4,4,1,4,0,4,0,1,0,1,1,1,1,4,0,1,2
458,46,49,4,4,1,4,0,4,0,1,0,1,1,1,1,4,0,1,2
459,33,49,4,4,1,4,7,16,0,1,0,1,1,1,1,4,0,1,2
460,33,39,4,4,1,4,4,4,0,1,0,1,1,1,1,4,0,1,2
461,33,35,4,4,1,4,0,2,0,1,0,1,1,1,1,4,0,1,2
462,36,37,4,4,1,4,0,3,0,1,0,1,1,1,1,4,0,1,2
463,36,37,4,4,1,4,0,3,0,1,0,1,1,1,1,4,0,1,2
464,33,39,4,4,1,4,4,4,0,1,0,1,1,1,1,4,0,1,2
465,38,39,4,4,1,4,0,3,0,1,0,1,1,1,1,4,0,1,2
466,16,32,3,3,1,3,0,2,0,1,0,1,1,4,4,4,0,1,2
467,33,49,4,4,1,4,7,16,0,1,0,1,1,1,1,4,0,1,2
468,22,25,1,3,4,4,0,2,0,1,0,1,1,4,1,3,0,1,2
469,33,49,1,3,4,4,5,16,0,1,0,1,1,2,4,4,0,1,2
470,29,32,4,4,1,4,3,16,0,1,0,1,3,4,1,4,0,1,2
471,33,49,1,3,3,3,0,5,0,1,0,1,3,4,1,3,0,0,2
472,33,34,4,4,1,4,0,4,0,1,0,1,3,4,1,4,0,1,2
473,33,39,4,4,1,4,4,4,0,1,0,1,1,1,1,4,0,1,2
474,33,49,4,4,1,4,7,16,0,1,0,1,1,1,1,4,0,1,2
475,33,35,4,4,1,4,3,3,0,1,0,1,1,1,1,4,0,1,2
476,43,49,4,4,1,4,5,6,0,1,0,1,1,1,1,4,0,1,2
477,16,23,4,4,1,4,0,2,0,1,0,1,1,1,1,4,0,1,2
478,40,42,4,4,1,4,5,6,0,1,0,1,1,1,1,4,0,1,2
479,38,49,4,4,1,4,0,4,0,1,0,1,2,2,1,4,0,1,2
480,16,25,4,4,1,4,0,2,0,1,0,1,2,2,1,3,0,1,2
481,33,49,1,3,1,3,6,16,0,1,0,1,1,2,1,3,1,1,2
482,16,25,4,4,1,4,0,2,0,1,0,1,3,4,1,3,0,1,2
483,30,32,1,3,4,4,3,16,0,1,0,1,1,4,1,3,0,1,2
484,16,32,3,3,1,3,0,2,0,1,0,1,1,4,3,3,0,1,2
485,33,49,1,3,4,4,7,16,0,1,0,1,1,2,1,3,0,1,2
486,33,49,4,4,1,4,5,16,0,1,0,1,3,4,1,4,0,1,2
487,40,43,4,4,1,4,0,4,0,1,0,1,1,1,1,4,0,1,2
488,33,49,1,3,3,3,0,5,0,1,0,1,3,4,1,3,0,0,2
489,16,32,1,3,4,4,3,16,0,1,0,1,3,4,4,4,0,1,2
490,16,28,4,4,1,4,3,16,0,1,0,1,3,4,1,4,0,1,2
491,40,42,4,4,1,4,5,6,0,1,0,1,1,1,1,4,0,1,2
492,36,37,4,4,1,4,0,3,0,1,0,1,1,1,1,4,0,1,2
493,33,49,4,4,1,4,5,16,0,1,0,1,2,2,1,4,0,1,2
494,16,25,4,4,1,4,0,2,0,1,0,1,2,2,4,4,0,1,2
495,46,49,4,4,1,4,0,4,0,1,0,1,1,1,1,4,0,1,2
496,31,32,4,4,1,4,3,3,0,1,0,1,1,2,1,4,0,1,2
497,26,28,4,4,1,4,0,2,0,1,1,1,1,2,1,4,0,1,2
498,43,49,4,4,1,4,5,6,0,1,0,1,1,1,1,4,0,1,2
499,26,32,4,4,1,4,0,2,0,1,0,0,2,2,1,4,0,1,2
500,33,49,1,2,1,2,6,8,0,1,0,1,1,4,1,3,0,0,2
501,26,32,4,4,1,4,2,2,0,1,0,0,1,1,1,4,0,1,2
502,33,49,1,3,1,3,6,7,0,1,0,1,1,4,4,4,0,1,2
503,16,32,3,3,1,3,3,4,0,1,0,1,1,4,1,3,0,0,2
504,33,49,1,2,3,3,6,8,0,1,0,1,1,4,1,3,0,0,2
505,33,39,4,4,1,4,4,4,0,1,0,1,1,1,1,4,0,1,2
506,16,23,4,4,1,4,0,2,0,1,0,1,1,1,1,4,0,1,2
507,33,49,1,3,4,4,5,6,0,1,0,1,1,2,1,3,0,1,2
508,29,32,4,4,1,4,3,16,0,1,0,1,3,4,1,4,0,1,2
509,33,39,4,4,1,4,5,6,0,1,0,1,1,1,1,4,0,1,2
510,29,32,4,4,1,4,0,2,0,1,1,1,1,2,1,4,0,1,2
511,16,32,3,3,1,3,0,2,0,1,0,1,1,4,4,4,0,1,2
512,33,35,4,4,1,4,0,2,0,1,0,1,1,1,1,4,0,1,2
513,36,37,4,4,1,4,0,4,0,1,0,1,2,2,1,4,0,1,2
514,26,32,4,4,1,4,2,2,0,1,0,0,1,1,1,4,0,1,2
515,29,32,4,4,1,4,3,16,0,1,0,1,3,4,1,4,0,1,2
516,36,37,4,4,1,4,0,4,0,1,0,1,2,2,1,4,0,1,2
517,33,34,4,4,1,4,0,4,0,1,0,1,3,4,1,4,0,1,2
518,33,49,1,3,4,4,5,16,0,1,0,1,3,4,1,4,0,1,2
519,33,49,1,3,4,4,7,16,0,1,0,1,1,2,1,3,0,1,2
520,33,49,3,3,1,3,6,8,0,1,0,1,1,4,1,3,0,0,2
521,33,39,4,4,1,4,5,6,0,1,0,1,1,1,1,4,0,1,2
522,16,32,3,3,1,3,3,4,0,1,0,1,1,4,1,3,0,0,2
523,23,32,3,3,1,3,0,2,0,1,0,1,1,4,1,2,0,1,2
524,16,32,4,4,1,4,0,2,0,1,0,1,3,4,4,4,0,1,2
525,16,24,1,3,4,4,0,2,0,1,0,1,1,4,4,4,0,1,2
526,33,41,1,3,1,3,0,5,0,1,0,1,1,2,1,3,0,0,2
527,33,49,1,3,1,3,6,7,0,1,0,1,1,4,4,4,0,1,2
528,26,32,4,4,1,4,2,2,0,1,0,0,1,1,1,4,0,1,2
529,33,49,1,3,1,3,6,7,0,1,0,1,1,4,4,4,0,1,2
530,33,49,3,3,1,3,6,8,0,1,0,1,1,4,1,3,0,0,2
531,33,49,3,3,1,3,6,8,0,1,0,1,1,4,1,3,0,0,2
532,43,49,4,4,1,4,5,6,0,1,0,1,1,1,1,4,0,1,2
533,38,49,1,3,4,4,0,4,0,1,0,1,1,2,4,4,0,1,2
534,33,49,4,4,1,4,5,16,0,1,0,1,3,4,1,4,0,1,2
535,22,25,1,3,4,4,0,2,0,1,0,1,1,4,1,3,0,1,2
536,26,32,4,4,1,4,2,2,0,1,0,0,1,1,1,4,0,1,2
537,33,49,4,4,1,4,5,16,0,1,0,1,3,4,1,4,0,1,2
538,30,32,1,3,4,4,3,16,0,1,0,1,1,4,1,3,0,1,2
539,16,30,4,4,1,4,3,3,0,1,0,1,1,2,1,4,0,1,2
540,16,32,3,3,1,3,0,2,0,1,0,1,1,4,4,4,0,1,2
541,26,32,4,4,1,4,0,1,0,1,0,0,1,1,1,4,0,1,2
542,33,49,1,3,4,4,7,16,0,1,0,1,1,2,1,3,0,1,2
543,35,36,4,4,1,4,0,4,0,1,0,1,3,4,1,4,0,1,2
544,33,49,4,4,1,4,5,16,0,1,0,1,3,4,1,4,0,1,2
545,33,49,4,4,1,4,5,16,0,1,0,1,2,2,1,4,0,1,2
546,24,25,4,4,1,4,0,2,0,1,0,1,1,1,1,4,0,1,2
547,24,25,4,4,1,4,0,2,0,1,0,1,1,1,1,4,0,1,2
548,40,43,4,4,1,4,0,4,0,1,0,1,1,1,1,4,0,1,2
549,33,49,1,3,4,4,5,6,0,1,0,1,1,2,1,3,0,1,2
550,24,25,4,4,1,4,0,2,0,1,0,1,1,1,1,4,0,1,2
551,33,34,4,4,1,4,0,4,0,1,0,1,3,4,1,4,0,1,2
552,29,32,4,4,1,4,3,16,0,1,0,1,3,4,1,4,0,1,2
553,46,49,4,4,1,4,0,4,0,1,0,1,1,1,1,4,0,1,2
554,16,32,4,4,1,4,4,16,0,1,0,1,1,2,1,4,0,1,2
555,21,22,1,2,1,3,0,2,0,1,0,1,1,4,1,2,0,1,2
556,16,32,1,3,3,3,5,16,0,1,0,1,1,4,1,3,0,0,2
557,25,32,1,3,4,4,0,2,0,1,0,1,1,4,4,4,0,1,2
558,33,49,4,4,1,4,5,16,0,1,0,1,3,4,1,4,0,1,2
559,29,32,4,4,1,4,3,16,0,1,0,1,3,4,1,4,0,1,2
560,38,39,4,4,1,4,0,3,0,1,0,1,1,1,1,4,0,1,2
561,33,49,1,3,1,3,8,16,0,1,0,1,1,4,4,4,0,1,2
562,33,42,1,3,1,3,0,5,0,1,0,1,1,2,4,4,0,1,2
563,33,49,1,3,4,4,5,16,0,1,0,1,3,4,1,4,0,1,2
564,33,49,1,3,1,3,9,16,0,1,0,1,1,4,1,3,0,0,2
565,16,23,4,4,1,4,0,2,0,1,0,1,1,1,1,4,0,1,2
566,26,32,4,4,1,4,0,1,0,1,0,0,1,1,1,4,0,1,2
567,33,39,1,3,4,4,0,4,0,1,0,1,1,2,1,3,0,1,2
568,33,42,1,3,1,3,0,5,0,1,0,1,1,2,4,4,0,1,2
569,38,39,4,4,1,4,0,3,0,1,0,1,1,1,1,4,0,1,2
570,36,37,4,4,1,4,0,4,0,1,0,1,2,2,1,4,0,1,2
571,16,25,4,4,1,4,0,2,0,1,0,1,2,2,1,3,0,1,2
572,33,37,1,3,4,4,0,4,0,1,0,1,1,2,4,4,0,1,2
573,16,25,1,2,1,3,0,2,0,1,0,1,1,4,3,4,0,1,2
574,38,49,4,4,1,4,0,4,0,1,0,1,2,2,1,4,0,1,2
575,16,32,4,4,1,4,4,16,0,1,0,1,1,2,1,4,0,1,2
576,38,49,4,4,1,4,0,4,0,1,0,1,2,2,1,4,0,1,2
577,40,43,4,4,1,4,0,4,0,1,0,1,1,1,1,4,0,1,2
578,33,35,4,4,1,4,0,4,0,1,0,1,2,2,1,4,0,1,2
579,24,25,4,4,1,4,0,2,0,1,0,1,1,1,1,4,0,1,2
580,43,49,4,4,1,4,5,6,0,1,0,1,1,1,1,4,0,1,2
581,33,49,4,4,1,4,7,16,0,1,0,1,1,1,1,4,0,1,2
582,26,28,4,4,1,4,0,2,0,1,1,1,1,2,1,4,0,1,2
583,24,25,4,4,1,4,0,2,0,1,0,1,1,1,1,4,0,1,2
584,40,43,4,4,1,4,0,4,0,1,0,1,1,1,1,4,0,1,2
585,38,39,4,4,1,4,0,3,0,1,0,1,1,1,1,4,0,1,2
586,24,25,4,4,1,4,0,2,0,1,0,1,1,1,1,4,0,1,2
587,33,49,4,4,1,4,5,16,0,1,0,1,2,2,1,4,0,1,2
588,16,32,4,4,1,4,0,2,0,1,0,1,3,4,4,4,0,1,2
589,43,49,4,4,1,4,5,6,0,1,0,1,1,1,1,4,0,1,2
590,16,25,4,4,1,4,0,2,0,1,0,1,2,2,4,4,0,1,2
591,33,39,1,3,4,4,0,4,0,1,0,1,1,2,1,3,0,1,2
592,30,32,1,3,4,4,3,16,0,1,0,1,1,4,1,3,0,1,2
593,26,32,4,4,1,4,2,2,0,1,0,0,1,1,1,4,0,1,2
594,44,45,4,4,1,4,0,4,0,1,0,1,1,1,1,4,0,1,2
595,40,42,4,4,1,4,5,6,0,1,0,1,1,1,1,4,0,1,2
596,40,42,4,4,1,4,5,6,0,1,0,1,1,1,1,4,0,1,2
597,44,45,4,4,1,4,0,4,0,1,0,1,1,1,1,4,0,1,2
598,33,49,4,4,1,4,5,16,0,1,0,1,2,2,1,4,0,1,2
599,33,38,1,3,4,4,0,4,0,1,0,1,3,4,1,4,0,1,2
600,29,32,4,4,1,4,0,2,0,1,1,1,1,2,1,4,0,1,2
601,37,49,4,4,1,4,0,4,0,1,0,1,3,4,1,4,0,1,2
602,38,49,4,4,1,4,0,4,0,1,0,1,2,2,1,4,0,1,2
603,26,28,4,4,1,4,0,2,0,1,1,1,1,2,1,4,0,1,2
604,39,49,1,3,4,4,0,4,0,1,0,1,3,4,1,4,0,1,2
605,29,32,4,4,1,4,0,2,0,1,1,1,1,2,1,4,0,1,2
606,33,38,1,3,4,4,0,4,0,1,0,1,3,4,1,4,0,1,2
607,33,37,1,3,4,4,0,4,0,1,0,1,1,2,4,4,0,1,2
608,33,49,4,4,1,4,5,16,0,1,0,1,2,2,1,4,0,1,2
609,33,49,1,3,1,3,6,7,0,1,0,1,1,4,4,4,0,1,2
610,33,49,4,4,1,4,5,16,0,1,0,1,2,2,1,4,0,1,2
611,35,36,4,4,1,4,0,4,0,1,0,1,3,4,1,4,0,1,2
612,36,37,4,4,1,4,0,4,0,1,0,1,2,2,1,4,0,1,2
613,46,49,4,4,1,4,0,4,0,1,0,1,1,1,1,4,0,1,2
614,37,49,4,4,1,4,0,4,0,1,0,1,3,4,1,4,0,1,2
615,16,32,1,3,4,4,3,16,0,1,0,1,1,2,4,4,0,1,2
616,33,49,4,4,1,4,7,16,0,1,0,1,1,1,1,4,0,1,2
617,33,49,1,3,1,3,6,7,0,1,0,1,1,4,4,4,0,1,2
618,33,49,4,4,1,4,5,16,0,1,0,1,3,4,1,4,0,1,2
619,33,39,4,4,1,4,4,4,0,1,0,1,1,1,1,4,0,1,2
620,33,39,4,4,1,4,5,6,0,1,0,1,1,1,1,4,0,1,2
621,16,32,3,3,1,3,0,2,0,1,0,1,1,4,3,3,0,1,2
622,46,49,4,4,1,4,0,4,0,1,0,1,1,1,1,4,0,1,2
623,31,32,4,4,1,4,3,3,0,1,0,1,1,2,1,4,0,1,2
624,40,42,4,4,1,4,5,6,0,1,0,1,1,1,1,4,0,1,2
625,33,49,4,4,1,4,5,16,0,1,0,1,2,2,1,4,0,1,2
626,26,32,4,4,1,4,0,2,0,1,0,0,2,2,1,4,0,1,2
627,44,45,4,4,1,4,0,4,0,1,0,1,1,1,1,4,0,1,2
628,33,39,4,4,1,4,4,4,0,1,0,1,1,1,1,4,0,1,2
629,33,39,4,4,1,4,5,6,0,1,0,1,1,1,1,4,0,1,2
630,44,45,4,4,1,4,0,4,0,1,0,1,1,1,1,4,0,1,2
631,33,35,4,4,1,4,3,3,0,1,0,1,1,1,1,4,0,1,2
632,38,39,4,4,1,4,0,3,0,1,0,1,1,1,1,4,0,1,2
633,44,45,4,4,1,4,0,4,0,1,0,1,1,1,1,4,0,1,2
634,33,49,1,3,1,3,6,7,0,1,0,1,1,4,4,4,0,1,2
635,33,38,1,3,1,3,0,5,0,1,0,1,3,4,4,4,0,1,2
636,33,49,1,2,1,2,6,8,0,1,0,1,1,4,1,3,0,0,2
637,16,32,1,3,1,3,5,16,0,1,0,1,1,4,4,4,0,1,2
638,33,49,1,3,1,3,8,16,0,1,0,1,1,4,4,4,0,1,2
639,16,32,1,3,4,4,3,16,0,1,0,1,1,2,4,4,0,1,2
640,16,29,1,3,4,4,4,16,0,1,0,1,1,4,1,3,0,1,2
641,40,43,4,4,1,4,0,4,0,1,0,1,1,1,1,4,0,1,2
642,16,32,1,3,1,3,3,4,0,1,0,1,1,4,4,4,0,1,3
643,16,32,1,3,1,2,5,16,0,1,0,1,1,4,1,3,0,0,3
644,33,49,1,3,4,4,5,6,0,1,0,1,1,2,1,3,0,1,3
645,16,32,1,3,1,2,5,16,0,1,0,1,1,4,1,3,0,0,3
646,24,25,4,4,1,4,0,2,0,1,0,1,1,1,1,4,0,1,3
647,36,37,4,4,1,4,0,3,0,1,0,1,1,1,1,4,0,1,3
648,16,20,1,2,1,3,0,2,0,1,0,1,1,4,1,2,0,1,3
649,16,32,1,2,1,2,3,4,0,1,0,1,1,4,1,3,0,0,3
650,25,32,1,3,4,4,0,2,0,1,0,1,1,4,4,4,0,1,3
651,16,32,3,3,1,3,0,2,0,1,0,1,1,4,3,3,0,1,3
652,16,32,1,3,1,3,3,4,0,1,0,1,1,4,4,4,0,1,3
653,33,49,4,4,1,4,7,16,0,1,0,1,1,1,1,4,0,1,3
654,16,29,1,3,4,4,3,3,0,1,0,1,1,4,1,3,0,1,3
655,16,32,4,4,1,4,0,2,0,1,0,1,3,4,4,4,0,1,3
656,16,21,1,3,4,4,0,2,0,1,0,1,1,4,1,3,0,1,3
657,26,32,4,4,1,4,0,2,0,1,0,1,3,4,1,3,0,1,3
658,16,32,1,3,3,3,5,16,0,1,0,1,1,4,1,3,0,0,3
659,16,32,3,3,1,3,0,2,0,1,0,1,1,4,3,3,0,1,3
660,23,32,1,2,1,3,0,1,0,1,0,1,1,4,1,2,0,1,3
661,40,43,4,4,1,4,0,4,0,1,0,1,1,1,1,4,0,1,3
662,33,35,4,4,1,4,0,4,0,1,0,1,2,2,1,4,0,1,3
663,29,32,4,4,1,4,0,2,0,1,1,1,1,2,1,4,0,1,3
664,16,32,1,3,4,4,3,16,0,1,0,1,3,4,4,4,0,1,3
665,33,49,1,3,4,4,5,16,0,1,0,1,3,4,1,4,0,1,3
666,33,49,1,3,4,4,5,16,0,1,0,1,1,2,4,4,0,1,3
667,16,32,1,3,4,4,3,16,0,1,0,1,3,4,4,4,0,1,3
668,33,37,1,3,4,4,0,4,0,1,0,1,1,2,4,4,0,1,3
669,33,49,1,2,3,3,6,8,0,1,0,1,1,4,1,3,0,0,3
670,16,32,3,3,1,3,0,2,0,1,0,1,1,4,4,4,0,1,3
671,16,32,1,3,4,4,3,16,0,1,0,1,3,4,4,4,0,1,3
672,16,32,3,3,1,3,0,2,0,1,0,1,1,4,3,3,0,1,3
673,33,49,1,3,3,3,0,5,0,1,0,1,3,4,1,3,0,0,3
674,33,39,1,3,4,4,0,4,0,1,0,1,1,2,1,3,0,1,3
675,33,49,4,4,1,4,7,16,0,1,0,1,1,1,1,4,0,1,3
676,33,39,4,4,1,4,5,6,0,1,0,1,1,1,1,4,0,1,3
677,33,49,1,3,1,3,8,16,0,1,0,1,1,4,4,4,0,1,3
678,16,32,1,3,4,4,3,16,0,1,0,1,1,2,4,4,0,1,3
679,16,32,1,2,1,2,3,4,0,1,0,1,1,4,1,3,0,0,3
680,16,29,1,3,4,4,4,16,0,1,0,1,1,4,1,3,0,1,3
681,16,25,4,4,1,4,0,2,0,1,0,1,2,2,1,3,0,1,3
682,33,39,4,4,1,4,4,4,0,1,0,1,1,1,1,4,0,1,3
683,33,35,4,4,1,4,0,2,0,1,0,1,1,1,1,4,0,1,3
684,40,43,4,4,1,4,0,4,0,1,0,1,1,1,1,4,0,1,3
685,16,32,3,3,1,3,0,2,0,1,0,1,1,4,3,3,0,1,3
686,33,49,1,3,3,3,0,5,0,1,0,1,3,4,1,3,0,0,3
687,33,39,4,4,1,4,5,6,0,1,0,1,1,1,1,4,0,1,3
688,33,39,4,4,1,4,4,4,0,1,0,1,1,1,1,4,0,1,3
689,37,49,4,4,1,4,0,4,0,1,0,1,3,4,1,4,0,1,3
690,33,38,1,3,4,4,0,4,0,1,0,1,3,4,1,4,0,1,3
691,16,29,1,3,4,4,3,3,0,1,0,1,1,4,1,3,0,1,3
692,16,23,4,4,1,4,0,2,0,1,0,1,1,1,1,4,0,1,3
693,33,41,1,3,1,3,0,5,0,1,0,1,1,2,1,3,0,0,3
694,16,32,1,3,4,4,3,16,0,1,0,1,3,4,4,4,0,1,3
695,16,25,4,4,1,4,0,2,0,1,0,1,2,2,1,3,0,1,3
696,33,49,4,4,1,4,5,16,0,1,0,1,2,2,1,4,0,1,3
697,26,32,1,3,4,4,0,2,0,1,0,1,3,4,1,3,0,1,3
698,26,28,4,4,1,4,0,2,0,1,1,1,1,2,1,4,0,1,3
699,38,49,4,4,1,4,0,4,0,1,0,1,2,2,1,4,0,1,3
700,16,25,4,4,1,4,0,2,0,1,0,1,3,4,1,3,0,1,3
701,33,49,1,2,3,3,6,8,0,1,0,1,1,4,1,3,0,0,3
702,16,32,1,3,1,2,5,16,0,1,0,1,1,4,1,3,0,0,3
703,16,32,1,2,3,3,3,4,0,1,0,1,1,4,1,3,0,0,3
704,16,22,3,3,1,3,0,2,0,1,0,1,1,4,1,2,0,1,3
705,16,20,1,2,1,3,0,2,0,1,0,1,1,4,1,2,0,1,3
706,33,37,1,3,4,4,0,4,0,1,0,1,1,2,4,4,0,1,3
707,16,32,3,3,1,3,3,4,0,1,0,1,1,4,1,3,0,0,3
708,16,30,4,4,1,4,3,3,0,1,0,1,1,2,1,4,0,1,3
709,16,25,4,4,1,4,0,2,0,1,0,1,3,4,1,3,0,1,3
710,16,32,1,2,3,3,3,4,0,1,0,1,1,4,1,3,0,0,3
711,33,39,1,3,4,4,0,4,0,1,0,1,1,2,1,3,0,1,3
712,16,32,1,3,1,3,3,16,0,1,0,1,1,4,1,3,1,1,3
713,16,28,4,4,1,4,3,16,0,1,0,1,3,4,1,4,0,1,3
714,16,32,1,3,1,3,5,16,0,1,0,1,1,4,4,4,0,1,3
715,33,49,1,3,3,3,0,5,0,1,0,1,3,4,1,3,0,0,3
716,33,38,1,3,4,4,0,4,0,1,0,1,3,4,1,4,0,1,3
717,40,43,4,4,1,4,0,4,0,1,0,1,1,1,1,4,0,1,3
718,31,32,4,4,1,4,3,3,0,1,0,1,1,2,1,4,0,1,3
719,40,42,4,4,1,4,5,6,0,1,0,1,1,1,1,4,0,1,3
720,31,32,4,4,1,4,3,3,0,1,0,1,1,2,1,4,0,1,3
721,46,49,4,4,1,4,0,4,0,1,0,1,1,1,1,4,0,1,3
722,38,49,1,3,4,4,0,4,0,1,0,1,1,2,4,4,0,1,3
723,16,25,4,4,1,4,0,2,0,1,0,1,2,2,1,3,0,1,3
724,31,32,4,4,1,4,3,3,0,1,0,1,1,2,1,4,0,1,3
725,16,25,4,4,1,4,0,2,0,1,0,1,3,4,1,3,0,1,3
726,24,25,4,4,1,4,0,2,0,1,0,1,1,1,1,4,0,1,3
727,21,22,1,2,1,3,0,2,0,1,0,1,1,4,1,2,0,1,3
728,16,25,4,4,1,4,0,2,0,1,0,1,3,4,1,3,0,1,3
729,16,32,4,4,1,4,4,16,0,1,0,1,1,2,1,4,0,1,3
730,26,32,4,4,1,4,0,2,0,1,0,0,2,2,1,4,0,1,3
731,23,32,1,2,1,3,2,2,0,1,0,1,1,4,1,2,0,1,3
732,16,32,1,3,3,3,5,16,0,1,0,1,1,4,1,3,0,0,3
733,16,21,1,3,4,4,0,2,0,1,0,1,1,4,1,3,0,1,3
734,33,49,1,2,1,2,6,8,0,1,0,1,1,4,1,3,0,0,3
735,16,25,1,2,1,3,0,2,0,1,0,1,1,4,3,4,0,1,3
736,16,32,3,3,1,3,3,4,0,1,0,1,1,4,1,3,0,0,3
737,16,32,1,3,1,2,5,16,0,1,0,1,1,4,1,3,0,0,3
738,26,32,4,4,1,4,2,2,0,1,0,0,1,1,1,4,0,1,3
739,26,32,4,4,1,4,2,2,0,1,0,0,1,1,1,4,0,1,3
740,16,32,1,3,3,3,5,16,0,1,0,1,1,4,1,3,0,0,3
741,22,25,1,3,4,4,0,2,0,1,0,1,1,4,1,3,0,1,3
742,33,49,1,3,4,4,7,16,0,1,0,1,1,2,1,3,0,1,3
743,26,32,1,3,4,4,0,2,0,1,0,1,3,4,1,3,0,1,3
744,37,49,4,4,1,4,0,4,0,1,0,1,3,4,1,4,0,1,3
745,16,29,1,3,4,4,4,16,0,1,0,1,1,4,1,3,0,1,3
746,16,32,1,3,3,3,5,16,0,1,0,1,1,4,1,3,0,0,3
747,33,49,4,4,1,4,7,16,0,1,0,1,1,1,1,4,0,1,3
748,33,37,1,3,4,4,0,4,0,1,0,1,1,2,4,4,0,1,3
749,16,32,4,4,1,4,0,2,0,1,0,1,3,4,4,4,0,1,3
750,16,24,1,3,4,4,0,2,0,1,0,1,1,4,4,4,0,1,3
751,24,25,4,4,1,4,0,2,0,1,0,1,1,1,1,4,0,1,3
752,38,49,4,4,1,4,0,4,0,1,0,1,2,2,1,4,0,1,3
753,33,38,1,3,4,4,0,4,0,1,0,1,3,4,1,4,0,1,3
754,23,32,1,2,1,3,2,2,0,1,0,1,1,4,1,2,0,1,3
755,33,39,4,4,1,4,4,4,0,1,0,1,1,1,1,4,0,1,3
756,33,39,4,4,1,4,5,6,0,1,0,1,1,1,1,4,0,1,3
757,33,34,4,4,1,4,0,4,0,1,0,1,3,4,1,4,0,1,3
758,40,49,1,3,4,4,0,4,0,1,0,1,1,2,1,3,0,1,3
759,26,28,4,4,1,4,0,2,0,1,1,1,1,2,1,4,0,1,3
760,26,32,4,4,1,4,0,2,0,1,0,1,3,4,1,3,0,1,3
761,33,49,3,3,1,3,6,8,0,1,0,1,1,4,1,3,0,0,3
762,16,32,1,3,1,3,5,16,0,1,0,1,1,4,4,4,0,1,3
763,16,29,1,3,4,4,3,3,0,1,0,1,1,4,1,3,0,1,3
764,16,32,3,3,1,3,3,4,0,1,0,1,1,4,1,3,0,0,3
765,30,32,1,3,4,4,3,16,0,1,0,1,1,4,1,3,0,1,3
766,33,49,4,4,1,4,5,16,0,1,0,1,2,2,1,4,0,1,3
767,33,49,4,4,1,4,5,16,0,1,0,1,2,2,1,4,0,1,3
768,24,25,4,4,1,4,0,2,0,1,0,1,1,1,1,4,0,1,3
769,33,35,4,4,1,4,3,3,0,1,0,1,1,1,1,4,0,1,3
770,16,28,4,4,1,4,3,16,0,1,0,1,3,4,1,4,0,1,3
771,16,23,4,4,1,4,0,2,0,1,0,1,1,1,1,4,0,1,3
772,38,39,4,4,1,4,0,3,0,1,0,1,1,1,1,4,0,1,3
773,16,29,1,3,4,4,4,16,0,1,0,1,1,4,1,3,0,1,3
774,16,32,4,4,1,4,0,2,0,1,0,1,3,4,4,4,0,1,3
775,33,49,1,3,4,4,5,16,0,1,0,1,1,2,4,4,0,1,3
776,37,49,4,4,1,4,0,4,0,1,0,1,3,4,1,4,0,1,3
777,36,37,4,4,1,4,0,3,0,1,0,1,1,1,1,4,0,1,3
778,33,35,4,4,1,4,0,2,0,1,0,1,1,1,1,4,0,1,3
779,31,32,4,4,1,4,3,3,0,1,0,1,1,2,1,4,0,1,3
780,24,25,4,4,1,4,0,2,0,1,0,1,1,1,1,4,0,1,3
781,36,37,4,4,1,4,0,4,0,1,0,1,2,2,1,4,0,1,3
782,40,43,4,4,1,4,0,4,0,1,0,1,1,1,1,4,0,1,3
783,33,49,4,4,1,4,5,16,0,1,0,1,2,2,1,4,0,1,3
784,33,39,4,4,1,4,4,4,0,1,0,1,1,1,1,4,0,1,3
785,16,32,3,3,1,3,3,4,0,1,0,1,1,4,1,3,0,0,3
786,21,22,1,2,1,3,0,2,0,1,0,1,1,4,1,2,0,1,3
787,16,25,1,2,1,3,0,2,0,1,0,1,1,4,3,4,0,1,3
788,30,32,1,3,4,4,3,16,0,1,0,1,1,4,1,3,0,1,3
789,16,20,1,2,1,3,0,2,0,1,0,1,1,4,1,2,0,1,3
790,33,35,4,4,1,4,0,2,0,1,0,1,1,1,1,4,0,1,3
791,30,32,1,3,4,4,3,16,0,1,0,1,1,4,1,3,0,1,3
792,16,32,3,3,1,3,3,4,0,1,0,1,1,4,1,3,0,0,3
793,33,49,1,3,4,4,5,16,0,1,0,1,1,2,4,4,0,1,3
794,16,32,3,3,1,3,3,4,0,1,0,1,1,4,1,3,0,0,3
795,16,23,4,4,1,4,0,2,0,1,0,1,1,1,1,4,0,1,3
796,16,32,4,4,1,4,4,16,0,1,0,1,1,2,1,4,0,1,3
797,26,32,4,4,1,4,0,1,0,1,0,0,1,1,1,4,0,1,3
798,16,32,3,3,1,3,3,4,0,1,0,1,1,4,1,3,0,0,3
799,36,37,4,4,1,4,0,4,0,1,0,1,2,2,1,4,0,1,3
800,16,32,1,3,1,2,5,16,0,1,0,1,1,4,1,3,0,0,3
801,16,25,1,2,1,3,0,2,0,1,0,1,1,4,3,4,0,1,3
802,33,49,1,2,3,3,6,8,0,1,0,1,1,4,1,3,0,0,3
803,23,32,1,2,1,3,2,2,0,1,0,1,1,4,1,2,0,1,3
804,33,38,1,3,1,3,0,5,0,1,0,1,3,4,4,4,0,1,3
805,33,38,1,3,4,4,0,4,0,1,0,1,3,4,1,4,0,1,3
806,33,35,4,4,1,4,0,2,0,1,0,1,1,1,1,4,0,1,3
807,16,32,1,2,3,3,3,4,0,1,0,1,1,4,1,3,0,0,3
808,16,32,1,3,4,4,3,16,0,1,0,1,1,2,4,4,0,1,3
809,23,32,3,3,1,3,0,2,0,1,0,1,1,4,1,2,0,1,3
810,16,22,3,3,1,3,0,2,0,1,0,1,1,4,1,2,0,1,3
811,33,49,1,3,1,3,6,16,0,1,0,1,1,2,1,3,1,1,3
812,16,32,3,3,1,3,3,4,0,1,0,1,1,4,1,3,0,0,3
813,33,49,1,3,4,4,5,6,0,1,0,1,1,2,1,3,0,1,3
814,16,21,1,3,4,4,0,2,0,1,0,1,1,4,1,3,0,1,3
815,16,29,1,3,4,4,3,3,0,1,0,1,1,4,1,3,0,1,3
816,23,32,3,3,1,3,0,2,0,1,0,1,1,4,1,2,0,1,3
817,16,25,4,4,1,4,0,2,0,1,0,1,3,4,1,3,0,1,3
818,16,29,1,3,4,4,3,3,0,1,0,1,1,4,1,3,0,1,3
819,16,32,1,3,1,3,3,4,0,1,0,1,1,4,4,4,0,1,3
820,16,32,1,3,1,3,3,16,0,1,0,1,1,4,1,3,1,1,3
821,26,32,1,3,4,4,0,2,0,1,0,1,3,4,1,3,0,1,3
822,26,32,1,3,4,4,0,2,0,1,0,1,1,2,1,3,0,1,3
823,16,32,3,3,1,3,3,4,0,1,0,1,1,4,1,3,0,0,3
824,16,29,1,3,4,4,4,16,0,1,0,1,1,4,1,3,0,1,3
825,16,32,1,2,3,3,3,4,0,1,0,1,1,4,1,3,0,0,3
826,26,32,1,3,4,4,0,2,0,1,0,1,1,2,1,3,0,1,3
827,16,32,3,3,1,3,3,4,0,1,0,1,1,4,1,3,0,0,3
828,33,35,4,4,1,4,3,3,0,1,0,1,1,1,1,4,0,1,3
829,16,25,4,4,1,4,0,2,0,1,0,1,2,2,4,4,0,1,3
830,16,25,4,4,1,4,0,2,0,1,0,1,2,2,4,4,0,1,3
831,16,32,1,3,1,3,5,16,0,1,0,1,1,4,4,4,0,1,3
832,16,21,1,3,4,4,0,2,0,1,0,1,1,4,1,3,0,1,3
833,16,32,3,3,1,3,0,2,0,1,0,1,1,4,3,3,0,1,3
834,33,49,1,3,4,4,7,16,0,1,0,1,1,2,1,3,0,1,3
835,33,39,1,3,4,4,0,4,0,1,0,1,1,2,1,3,0,1,3
836,16,28,4,4,1,4,3,16,0,1,0,1,3,4,1,4,0,1,3
837,26,32,1,2,1,3,0,2,0,1,0,1,1,4,3,4,0,1,3
838,33,49,4,4,1,4,5,16,0,1,0,1,3,4,1,4,0,1,3
839,16,32,3,3,1,3,3,4,0,1,0,1,1,4,1,3,0,0,3
840,31,32,4,4,1,4,3,3,0,1,0,1,1,2,1,4,0,1,3
841,33,38,1,3,4,4,0,4,0,1,0,1,3,4,1,4,0,1,3
842,16,25,4,4,1,4,0,2,0,1,0,1,2,2,4,4,0,1,3
843,25,32,1,3,4,4,0,2,0,1,0,1,1,4,4,4,0,1,3
844,16,24,1,3,4,4,0,2,0,1,0,1,1,4,4,4,0,1,3
845,16,32,1,2,3,3,3,4,0,1,0,1,1,4,1,3,0,0,3
846,16,32,1,3,1,3,3,16,0,1,0,1,1,4,1,3,1,1,3
847,23,32,3,3,1,3,0,2,0,1,0,1,1,4,1,2,0,1,3
848,16,25,1,2,1,3,0,2,0,1,0,1,1,4,3,4,0,1,3
849,33,42,1,3,1,3,0,5,0,1,0,1,1,2,4,4,0,1,3
850,33,38,1,3,1,3,0,5,0,1,0,1,3,4,4,4,0,1,3
851,33,49,4,4,1,4,7,16,0,1,0,1,1,1,1,4,0,1,3
852,16,32,1,3,1,3,3,4,0,1,0,1,1,4,4,4,0,1,3
853,16,24,1,3,4,4,0,2,0,1,0,1,1,4,4,4,0,1,3
854,16,32,1,3,3,3,5,16,0,1,0,1,1,4,1,3,0,0,3
855,16,29,1,3,4,4,3,3,0,1,0,1,1,4,1,3,0,1,3
856,16,32,1,3,1,3,3,4,0,1,0,1,1,4,4,4,0,1,3
857,16,32,4,4,1,4,0,2,0,1,0,1,3,4,4,4,0,1,3
858,26,32,1,3,4,4,0,2,0,1,0,1,3,4,1,3,0,1,3
859,22,25,1,3,4,4,0,2,0,1,0,1,1,4,1,3,0,1,3
860,16,29,1,3,4,4,3,3,0,1,0,1,1,4,1,3,0,1,3
861,33,49,1,3,4,4,5,16,0,1,0,1,3,4,1,4,0,1,3
862,23,32,3,3,1,3,0,2,0,1,0,1,1,4,1,2,0,1,3
863,16,32,4,4,1,4,0,2,0,1,0,1,3,4,4,4,0,1,3
864,30,32,1,3,4,4,3,16,0,1,0,1,1,4,1,3,0,1,3
865,23,32,1,2,1,3,2,2,0,1,0,1,1,4,1,2,0,1,3
866,16,32,1,2,1,2,3,4,0,1,0,1,1,4,1,3,0,0,3
867,16,32,1,3,1,3,3,16,0,1,0,1,1,4,1,3,1,1,3
868,16,28,4,4,1,4,3,16,0,1,0,1,3,4,1,4,0,1,3
869,16,32,1,3,4,4,3,16,0,1,0,1,1,2,4,4,0,1,3
870,16,28,4,4,1,4,3,16,0,1,0,1,3,4,1,4,0,1,3
871,16,32,1,3,4,4,3,16,0,1,0,1,3,4,4,4,0,1,3
872,16,32,3,3,1,3,3,4,0,1,0,1,1,4,1,3,0,0,3
873,26,32,1,2,1,3,0,2,0,1,0,1,1,4,3,4,0,1,3
874,16,28,4,4,1,4,3,16,0,1,0,1,3,4,1,4,0,1,3
875,16,30,4,4,1,4,3,3,0,1,0,1,1,2,1,4,0,1,3
876,16,29,1,3,4,4,4,16,0,1,0,1,1,4,1,3,0,1,3
877,40,42,4,4,1,4,5,6,0,1,0,1,1,1,1,4,0,1,3
878,16,32,4,4,1,4,0,2,0,1,0,1,3,4,4,4,0,1,3
879,33,49,1,3,4,4,5,16,0,1,0,1,1,2,4,4,0,1,3
880,16,21,1,3,4,4,0,2,0,1,0,1,1,4,1,3,0,1,3
881,16,25,1,2,1,3,0,2,0,1,0,1,1,4,3,4,0,1,3
882,22,25,1,3,4,4,0,2,0,1,0,1,1,4,1,3,0,1,3
883,16,32,3,3,1,3,3,4,0,1,0,1,1,4,1,3,0,0,3
884,16,24,1,3,4,4,0,2,0,1,0,1,1,4,4,4,0,1,3
885,16,32,3,3,1,3,0,2,0,1,0,1,1,4,3,3,0,1,3
886,16,32,3,3,1,3,0,2,0,1,0,1,1,4,3,3,0,1,3
887,16,30,4,4,1,4,3,3,0,1,0,1,1,2,1,4,0,1,3
888,16,32,1,3,4,4,3,16,0,1,0,1,3,4,4,4,0,1,3
889,33,35,4,4,1,4,0,4,0,1,0,1,2,2,1,4,0,1,3
890,33,49,1,3,4,4,5,16,0,1,0,1,3,4,1,4,0,1,3
891,26,32,4,4,1,4,0,2,0,1,0,1,3,4,1,3,0,1,3
892,22,25,1,3,4,4,0,2,0,1,0,1,1,4,1,3,0,1,3
893,33,38,1,3,1,3,0,5,0,1,0,1,3,4,4,4,0,1,3
894,35,36,4,4,1,4,0,4,0,1,0,1,3,4,1,4,0,1,3
895,33,49,1,3,1,2,0,5,0,1,0,1,3,4,1,3,0,0,3
896,37,49,4,4,1,4,0,4,0,1,0,1,3,4,1,4,0,1,3
897,46,49,4,4,1,4,0,4,0,1,0,1,1,1,1,4,0,1,3
898,38,39,4,4,1,4,0,3,0,1,0,1,1,1,1,4,0,1,3
899,43,49,4,4,1,4,5,6,0,1,0,1,1,1,1,4,0,1,3
900,16,22,3,3,1,3,0,2,0,1,0,1,1,4,1,2,0,1,3
901,26,32,1,3,4,4,0,2,0,1,0,1,1,2,1,3,0,1,3
902,26,32,1,3,4,4,0,2,0,1,0,1,1,2,1,3,0,1,3
903,16,25,4,4,1,4,0,2,0,1,0,1,3,4,1,3,0,1,3
904,16,32,1,2,1,2,3,4,0,1,0,1,1,4,1,3,0,0,3
905,21,22,1,2,1,3,0,2,0,1,0,1,1,4,1,2,0,1,3
906,16,32,4,4,1,4,4,16,0,1,0,1,1,2,1,4,0,1,3
907,16,32,3,3,1,3,0,2,0,1,0,1,1,4,3,3,0,1,3
908,26,32,4,4,1,4,0,2,0,1,0,1,3,4,1,3,0,1,3
909,16,32,1,3,1,3,3,16,0,1,0,1,1,4,1,3,1,1,3
910,16,32,1,2,3,3,3,4,0,1,0,1,1,4,1,3,0,0,3
911,33,49,1,3,4,4,5,16,0,1,0,1,3,4,1,4,0,1,3
912,16,32,1,3,3,3,5,16,0,1,0,1,1,4,1,3,0,0,3
913,26,28,4,4,1,4,0,2,0,1,1,1,1,2,1,4,0,1,3
914,36,37,4,4,1,4,0,4,0,1,0,1,2,2,1,4,0,1,3
915,43,49,4,4,1,4,5,6,0,1,0,1,1,1,1,4,0,1,3
916,26,32,4,4,1,4,2,2,0,1,0,0,1,1,1,4,0,1,3
917,16,24,1,3,4,4,0,2,0,1,0,1,1,4,4,4,0,1,3
918,26,32,4,4,1,4,0,2,0,1,0,1,3,4,1,3,0,1,3
919,40,42,4,4,1,4,5,6,0,1,0,1,1,1,1,4,0,1,3
920,16,25,4,4,1,4,0,2,0,1,0,1,3,4,1,3,0,1,3
921,39,49,1,3,4,4,0,4,0,1,0,1,3,4,1,4,0,1,3
922,33,49,1,3,1,3,0,5,0,1,0,1,1,2,1,3,1,1,3
923,21,22,1,2,1,3,0,2,0,1,0,1,1,4,1,2,0,1,3
924,16,32,1,3,1,2,5,16,0,1,0,1,1,4,1,3,0,0,3
925,16,32,1,3,4,4,3,16,0,1,0,1,3,4,4,4,0,1,3
926,33,49,1,3,1,3,6,7,0,1,0,1,1,4,4,4,0,1,3
927,33,49,1,2,1,2,6,8,0,1,0,1,1,4,1,3,0,0,3
928,35,36,4,4,1,4,0,4,0,1,0,1,3,4,1,4,0,1,3
929,33,38,1,3,4,4,0,4,0,1,0,1,3,4,1,4,0,1,3
930,33,37,1,3,4,4,0,4,0,1,0,1,1,2,4,4,0,1,3
931,35,36,4,4,1,4,0,4,0,1,0,1,3,4,1,4,0,1,3
932,16,32,1,2,3,3,3,4,0,1,0,1,1,4,1,3,0,0,3
933,26,28,4,4,1,4,0,2,0,1,1,1,1,2,1,4,0,1,3
934,46,49,4,4,1,4,0,4,0,1,0,1,1,1,1,4,0,1,3
935,33,35,4,4,1,4,0,4,0,1,0,1,2,2,1,4,0,1,3
936,39,49,1,3,1,3,0,5,0,1,0,1,3,4,4,4,0,1,3
937,16,28,4,4,1,4,3,16,0,1,0,1,3,4,1,4,0,1,3
938,16,32,1,3,1,3,3,4,0,1,0,1,1,4,4,4,0,1,3
939,33,49,4,4,1,4,5,16,0,1,0,1,2,2,1,4,0,1,3
940,16,32,1,3,4,4,3,16,0,1,0,1,3,4,4,4,0,1,3
941,33,49,1,2,3,3,6,8,0,1,0,1,1,4,1,3,0,0,3
942,16,20,1,2,1,3,0,2,0,1,0,1,1,4,1,2,0,1,3
943,16,22,3,3,1,3,0,2,0,1,0,1,1,4,1,2,0,1,3
944,23,32,1,2,1,3,0,1,0,1,0,1,1,4,1,2,0,1,3
945,23,32,1,2,1,3,2,2,0,1,0,1,1,4,1,2,0,1,3
946,16,25,1,2,1,3,0,2,0,1,0,1,1,4,3,4,0,1,3
947,33,38,1,3,1,3,0,5,0,1,0,1,3,4,4,4,0,1,3
948,30,32,1,3,4,4,3,16,0,1,0,1,1,4,1,3,0,1,3
949,33,49,1,3,3,3,0,5,0,1,0,1,3,4,1,3,0,0,3
950,30,32,1,3,4,4,3,16,0,1,0,1,1,4,1,3,0,1,3
951,16,32,1,3,4,4,3,16,0,1,0,1,3,4,4,4,0,1,3
952,16,32,1,3,4,4,3,16,0,1,0,1,1,2,4,4,0,1,3
953,33,42,1,3,1,3,0,5,0,1,0,1,1,2,4,4,0,1,3
954,16,32,3,3,1,3,0,2,0,1,0,1,1,4,3,3,0,1,3
955,33,49,1,3,1,3,8,16,0,1,0,1,1,4,4,4,0,1,3
956,16,20,1,2,1,3,0,2,0,1,0,1,1,4,1,2,0,1,3
957,33,49,1,3,3,3,0,5,0,1,0,1,3,4,1,3,0,0,3
958,33,49,1,3,1,3,6,7,0,1,0,1,1,4,4,4,0,1,3
959,33,49,1,3,4,4,5,16,0,1,0,1,1,2,4,4,0,1,3
960,39,49,1,3,4,4,0,4,0,1,0,1,3,4,1,4,0,1,3
961,31,32,4,4,1,4,3,3,0,1,0,1,1,2,1,4,0,1,3
962,16,29,1,3,4,4,4,16,0,1,0,1,1,4,1,3,0,1,3
963,16,24,1,3,4,4,0,2,0,1,0,1,1,4,4,4,0,1,3
964,16,32,4,4,1,4,4,16,0,1,0,1,1,2,1,4,0,1,3
965,16,32,1,2,1,2,3,4,0,1,0,1,1,4,1,3,0,0,3
966,16,32,3,3,1,3,3,4,0,1,0,1,1,4,1,3,0,0,3
967,31,32,4,4,1,4,3,3,0,1,0,1,1,2,1,4,0,1,3
968,33,49,1,3,4,4,5,16,0,1,0,1,1,2,4,4,0,1,3
969,37,49,4,4,1,4,0,4,0,1,0,1,3,4,1,4,0,1,3
970,29,32,4,4,1,4,0,2,0,1,1,1,1,2,1,4,0,1,3
971,16,25,4,4,1,4,0,2,0,1,0,1,2,2,4,4,0,1,3
972,29,32,4,4,1,4,0,2,0,1,1,1,1,2,1,4,0,1,3
973,16,25,1,2,1,3,0,2,0,1,0,1,1,4,3,4,0,1,3
974,31,32,4,4,1,4,3,3,0,1,0,1,1,2,1,4,0,1,3
975,29,32,4,4,1,4,3,16,0,1,0,1,3,4,1,4,0,1,3
976,16,32,1,2,3,3,3,4,0,1,0,1,1,4,1,3,0,0,3
977,37,49,4,4,1,4,0,4,0,1,0,1,3,4,1,4,0,1,3
978,16,24,1,3,4,4,0,2,0,1,0,1,1,4,4,4,0,1,3
979,44,45,4,4,1,4,0,4,0,1,0,1,1,1,1,4,0,1,3
980,16,29,1,3,4,4,3,3,0,1,0,1,1,4,1,3,0,1,3
981,37,49,4,4,1,4,0,4,0,1,0,1,3,4,1,4,0,1,3
982,36,37,4,4,1,4,0,4,0,1,0,1,2,2,1,4,0,1,3
983,33,35,4,4,1,4,0,4,0,1,0,1,2,2,1,4,0,1,3
984,31,32,4,4,1,4,3,3,0,1,0,1,1,2,1,4,0,1,3
985,33,39,4,4,1,4,4,4,0,1,0,1,1,1,1,4,0,1,3
986,24,25,4,4,1,4,0,2,0,1,0,1,1,1,1,4,0,1,3
987,29,32,4,4,1,4,3,16,0,1,0,1,3,4,1,4,0,1,3
988,16,32,1,3,3,3,5,16,0,1,0,1,1,4,1,3,0,0,3
989,16,32,1,3,1,2,5,16,0,1,0,1,1,4,1,3,0,0,3
990,16,32,1,2,3,3,3,4,0,1,0,1,1,4,1,3,0,0,3
991,16,32,1,3,4,4,3,16,0,1,0,1,1,2,4,4,0,1,3
992,33,38,1,3,4,4,0,4,0,1,0,1,3,4,1,4,0,1,3
993,33,49,1,3,4,4,5,16,0,1,0,1,3,4,1,4,0,1,3
994,24,25,4,4,1,4,0,2,0,1,0,1,1,1,1,4,0,1,3
995,16,32,1,3,1,3,3,16,0,1,0,1,1,4,1,3,1,1,3
996,16,32,1,2,3,3,3,4,0,1,0,1,1,4,1,3,0,0,3
997,16,32,1,3,1,3,5,16,0,1,0,1,1,4,4,4,0,1,3
998,33,49,1,3,4,4,5,16,0,1,0,1,1,2,4,4,0,1,3
999,33,49,1,3,1,3,8,16,0,1,0,1,1,4,4,4,0,1,3
1000,33,49,1,3,1,3,6,16,0,1,0,1,3,4,1,3,1,1,1
1001,33,49,1,3,1,3,9,16,0,1,0,1,1,4,1,3,0,0,1
1002,26,32,1,3,4,4,0,2,0,1,0,1,1,2,1,3,0,1,1
1003,16,32,4,4,1,4,0,2,0,1,0,1,3,4,4,4,0,1,1
1004,16,25,1,2,1,3,0,2,0,1,0,1,1,4,3,4,0,1,1
1005,33,49,1,3,1,3,0,5,0,1,0,1,3,4,1,3,1,1,1
1006,16,23,4,4,1,4,0,2,0,1,0,1,1,1,1,4,0,1,1
1007,26,32,1,3,4,4,0,2,0,1,0,1,3,4,1,3,0,1,1
1008,37,49,4,4,1,4,0,4,0,1,0,1,3,4,1,4,0,1,1
1009,33,42,1,3,1,3,0,5,0,1,0,1,1,2,4,4,0,1,1
1010,16,32,1,3,4,4,3,16,0,1,0,1,3,4,4,4,0,1,1
1011,21,22,1,2,1,3,0,2,0,1,0,1,1,4,1,2,0,1,1
1012,16,32,1,3,4,4,3,16,0,1,0,1,1,2,4,4,0,1,1
1013,33,49,1,3,1,3,9,16,0,1,0,1,1,4,1,3,0,0,1
1014,16,25,4,4,1,4,0,2,0,1,0,1,3,4,1,3,0,1,1
1015,16,25,4,4,1,4,0,2,0,1,0,1,3,4,1,3,0,1,1
1016,16,21,1,3,4,4,0,2,0,1,0,1,1,4,1,3,0,1,1
1017,33,35,4,4,1,4,0,2,0,1,0,1,1,1,1,4,0,1,1
1018,26,32,1,2,1,3,0,2,0,1,0,1,1,4,3,4,0,1,1
1019,33,39,1,3,4,4,0,4,0,1,0,1,1,2,1,3,0,1,1
1020,16,32,1,3,1,3,3,4,0,1,0,1,1,4,4,4,0,1,1
1021,40,49,1,3,4,4,0,4,0,1,0,1,1,2,1,3,0,1,1
1022,26,32,1,3,4,4,0,2,0,1,0,1,1,2,1,3,0,1,1
1023,16,25,4,4,1,4,0,2,0,1,0,1,3,4,1,3,0,1,1
1024,26,32,4,4,1,4,0,2,0,1,0,0,2,2,1,4,0,1,1
1025,33,35,4,4,1,4,0,2,0,1,0,1,1,1,1,4,0,1,1
1026,33,49,1,3,1,3,0,5,0,1,0,1,3,4,1,3,1,1,1
1027,33,41,1,3,1,3,0,5,0,1,0,1,1,2,1,3,0,0,1
1028,33,49,1,2,1,2,6,8,0,1,0,1,1,4,1,3,0,0,1
1029,33,49,1,3,4,4,5,16,0,1,0,1,3,4,1,4,0,1,1
1030,33,49,1,3,4,4,5,6,0,1,0,1,1,2,1,3,0,1,1
1031,25,32,1,3,4,4,0,2,0,1,0,1,1,4,4,4,0,1,1
1032,42,49,1,3,1,3,0,5,0,1,0,1,1,2,1,3,0,0,1
1033,33,49,1,3,1,2,0,5,0,1,0,1,3,4,1,3,0,0,1
1034,38,49,4,4,1,4,0,4,0,1,0,1,2,2,1,4,0,1,1
1035,46,49,4,4,1,4,0,4,0,1,0,1,1,1,1,4,0,1,1
1036,40,43,4,4,1,4,0,4,0,1,0,1,1,1,1,4,0,1,1
1037,36,37,4,4,1,4,0,3,0,1,0,1,1,1,1,4,0,1,1
1038,16,32,3,3,1,3,0,2,0,1,0,1,1,4,4,4,0,1,1
1039,22,25,1,3,4,4,0,2,0,1,0,1,1,4,1,3,0,1,1
1040,42,49,1,3,1,3,0,5,0,1,0,1,1,2,1,3,0,0,1
1041,23,32,3,3,1,3,0,2,0,1,0,1,1,4,1,2,0,1,1
1042,25,32,1,3,4,4,0,2,0,1,0,1,1,4,4,4,0,1,1
1043,42,49,1,3,1,3,0,5,0,1,0,1,1,2,1,3,0,0,1
1044,31,32,4,4,1,4,3,3,0,1,0,1,1,2,1,4,0,1,1
1045,33,49,1,3,4,4,7,16,0,1,0,1,1,2,1,3,0,1,1
1046,23,32,1,2,1,3,0,1,0,1,0,1,1,4,1,2,0,1,1
1047,26,32,1,3,4,4,0,2,0,1,0,1,1,2,1,3,0,1,1
1048,33,49,1,3,1,2,0,5,0,1,0,1,3,4,1,3,0,0,1
1049,43,49,4,4,1,4,5,6,0,1,0,1,1,1,1,4,0,1,1
1050,33,39,1,3,4,4,0,4,0,1,0,1,1,2,1,3,0,1,1
1051,33,39,1,3,4,4,0,4,0,1,0,1,1,2,1,3,0,1,1
1052,16,25,4,4,1,4,0,2,0,1,0,1,2,2,4,4,0,1,1
1053,33,49,1,3,1,3,6,16,0,1,0,1,3,4,1,3,1,1,1
1054,24,25,4,4,1,4,0,2,0,1,0,1,1,1,1,4,0,1,1
1055,33,49,1,3,1,3,6,16,0,1,0,1,1,2,1,3,1,1,1
1056,33,49,1,3,4,4,5,16,0,1,0,1,1,2,4,4,0,1,1
1057,26,32,1,3,4,4,0,2,0,1,0,1,1,2,1,3,0,1,1
1058,16,32,1,3,1,2,5,16,0,1,0,1,1,4,1,3,0,0,1
1059,16,32,4,4,1,4,0,2,0,1,0,1,3,4,4,4,0,1,1
1060,40,43,4,4,1,4,0,4,0,1,0,1,1,1,1,4,0,1,1
1061,26,32,1,2,1,3,0,2,0,1,0,1,1,4,3,4,0,1,1
1062,16,32,1,3,1,3,3,4,0,1,0,1,1,4,4,4,0,1,1
1063,33,49,1,3,1,3,9,16,0,1,0,1,1,4,1,3,0,0,1
1064,26,32,1,3,4,4,0,2,0,1,0,1,1,2,1,3,0,1,1
1065,33,38,1,3,4,4,0,4,0,1,0,1,3,4,1,4,0,1,1
1066,33,49,1,3,1,3,6,16,0,1,0,1,3,4,1,3,1,1,1
1067,33,49,1,3,4,4,7,16,0,1,0,1,1,2,1,3,0,1,1
1068,16,32,4,4,1,4,4,16,0,1,0,1,1,2,1,4,0,1,1
1069,23,32,1,2,1,3,2,2,0,1,0,1,1,4,1,2,0,1,1
1070,33,49,1,3,1,3,6,16,0,1,0,1,1,2,1,3,1,1,1
1071,33,49,1,3,1,3,0,5,0,1,0,1,1,2,1,3,1,1,1
1072,22,25,1,3,4,4,0,2,0,1,0,1,1,4,1,3,0,1,1
1073,33,49,1,3,4,4,5,6,0,1,0,1,1,2,1,3,0,1,1
1074,33,49,1,3,1,3,6,16,0,1,0,1,3,4,1,3,1,1,1
1075,40,49,1,3,4,4,0,4,0,1,0,1,1,2,1,3,0,1,1
1076,38,49,4,4,1,4,0,4,0,1,0,1,2,2,1,4,0,1,1
1077,33,49,1,3,1,3,0,5,0,1,0,1,3,4,1,3,1,1,1
1078,33,49,1,3,4,4,5,16,0,1,0,1,3,4,1,4,0,1,1
1079,33,49,1,2,1,2,6,8,0,1,0,1,1,4,1,3,0,0,1
1080,16,29,1,3,4,4,3,3,0,1,0,1,1,4,1,3,0,1,1
1081,43,49,4,4,1,4,5,6,0,1,0,1,1,1,1,4,0,1,1
1082,26,32,4,4,1,4,0,1,0,1,0,0,1,1,1,4,0,1,1
1083,33,39,4,4,1,4,5,6,0,1,0,1,1,1,1,4,0,1,1
1084,26,32,1,3,4,4,0,2,0,1,0,1,3,4,1,3,0,1,1
1085,26,32,4,4,1,4,0,2,0,1,0,1,3,4,1,3,0,1,1
1086,26,32,4,4,1,4,2,2,0,1,0,0,1,1,1,4,0,1,1
1087,33,49,1,3,4,4,7,16,0,1,0,1,1,2,1,3,0,1,1
1088,33,49,1,3,1,2,0,5,0,1,0,1,3,4,1,3,0,0,1
1089,26,32,1,3,4,4,0,2,0,1,0,1,3,4,1,3,0,1,1
1090,16,21,1,3,4,4,0,2,0,1,0,1,1,4,1,3,0,1,1
1091,16,21,1,3,4,4,0,2,0,1,0,1,1,4,1,3,0,1,1
1092,16,32,1,3,3,3,5,16,0,1,0,1,1,4,1,3,0,0,1
1093,23,32,3,3,1,3,0,2,0,1,0,1,1,4,1,2,0,1,1
1094,33,49,1,3,1,3,6,16,0,1,0,1,1,2,1,3,1,1,1
1095,16,21,1,3,4,4,0,2,0,1,0,1,1,4,1,3,0,1,1
1096,16,24,1,3,4,4,0,2,0,1,0,1,1,4,4,4,0,1,1
1097,33,41,1,3,1,3,0,5,0,1,0,1,1,2,1,3,0,0,1
1098,23,32,1,2,1,3,0,1,0,1,0,1,1,4,1,2,0,1,1
1099,16,29,1,3,4,4,4,16,0,1,0,1,1,4,1,3,0,1,1
1100,24,25,4,4,1,4,0,2,0,1,0,1,1,1,1,4,0,1,1
1101,16,30,4,4,1,4,3,3,0,1,0,1,1,2,1,4,0,1,1
1102,16,21,1,3,4,4,0,2,0,1,0,1,1,4,1,3,0,1,1
1103,16,32,3,3,1,3,0,2,0,1,0,1,1,4,4,4,0,1,1
1104,16,25,4,4,1,4,0,2,0,1,0,1,2,2,1,3,0,1,1
1105,33,49,1,2,3,3,6,8,0,1,0,1,1,4,1,3,0,0,1
1106,40,49,1,3,4,4,0,4,0,1,0,1,1,2,1,3,0,1,1
1107,33,49,1,2,1,2,6,8,0,1,0,1,1,4,1,3,0,0,1
1108,23,32,1,2,1,3,0,1,0,1,0,1,1,4,1,2,0,1,1
1109,33,35,4,4,1,4,3,3,0,1,0,1,1,1,1,4,0,1,1
1110,33,49,1,3,1,3,9,16,0,1,0,1,1,4,1,3,0,0,1
1111,26,32,4,4,1,4,0,1,0,1,0,0,1,1,1,4,0,1,1
1112,16,21,1,3,4,4,0,2,0,1,0,1,1,4,1,3,0,1,1
1113,23,32,1,2,1,3,2,2,0,1,0,1,1,4,1,2,0,1,1
1114,26,32,1,3,4,4,0,2,0,1,0,1,3,4,1,3,0,1,1
1115,16,32,4,4,1,4,0,2,0,1,0,1,3,4,4,4,0,1,1
1116,16,23,4,4,1,4,0,2,0,1,0,1,1,1,1,4,0,1,1
1117,16,32,4,4,1,4,0,2,0,1,0,1,3,4,4,4,0,1,1
1118,16,32,4,4,1,4,4,16,0,1,0,1,1,2,1,4,0,1,1
1119,33,41,1,3,1,3,0,5,0,1,0,1,1,2,1,3,0,0,1
1120,33,49,1,3,1,3,8,16,0,1,0,1,1,4,4,4,0,1,1
1121,33,49,1,3,1,3,6,16,0,1,0,1,3,4,1,3,1,1,1
1122,30,32,1,3,4,4,3,16,0,1,0,1,1,4,1,3,0,1,1
1123,39,49,1,3,4,4,0,4,0,1,0,1,3,4,1,4,0,1,1
1124,33,49,1,3,1,3,6,7,0,1,0,1,1,4,4,4,0,1,1
1125,42,49,1,3,1,3,0,5,0,1,0,1,1,2,1,3,0,0,1
1126,29,32,4,4,1,4,0,2,0,1,1,1,1,2,1,4,0,1,1
1127,33,49,1,3,1,2,0,5,0,1,0,1,3,4,1,3,0,0,1
1128,40,43,4,4,1,4,0,4,0,1,0,1,1,1,1,4,0,1,1
1129,26,28,4,4,1,4,0,2,0,1,1,1,1,2,1,4,0,1,1
1130,33,49,1,3,4,4,5,16,0,1,0,1,3,4,1,4,0,1,1
1131,33,49,1,2,3,3,6,8,0,1,0,1,1,4,1,3,0,0,1
1132,43,49,4,4,1,4,5,6,0,1,0,1,1,1,1,4,0,1,1
1133,25,32,1,3,4,4,0,2,0,1,0,1,1,4,4,4,0,1,1
1134,26,32,1,3,4,4,0,2,0,1,0,1,3,4,1,3,0,1,1
1135,26,32,1,2,1,3,0,2,0,1,0,1,1,4,3,4,0,1,1
1136,26,32,1,3,4,4,0,2,0,1,0,1,1,2,1,3,0,1,1
1137,33,37,1,3,4,4,0,4,0,1,0,1,1,2,4,4,0,1,1
1138,33,49,1,3,4,4,5,16,0,1,0,1,1,2,4,4,0,1,1
1139,33,49,1,3,1,3,9,16,0,1,0,1,1,4,1,3,0,0,1
1140,16,24,1,3,4,4,0,2,0,1,0,1,1,4,4,4,0,1,1
1141,46,49,4,4,1,4,0,4,0,1,0,1,1,1,1,4,0,1,1
1142,33,49,1,3,1,3,8,16,0,1,0,1,1,4,4,4,0,1,1
1143,31,32,4,4,1,4,3,3,0,1,0,1,1,2,1,4,0,1,1
1144,33,35,4,4,1,4,3,3,0,1,0,1,1,1,1,4,0,1,1
1145,44,45,4,4,1,4,0,4,0,1,0,1,1,1,1,4,0,1,1
1146,26,32,1,2,1,3,0,2,0,1,0,1,1,4,3,4,0,1,1
1147,44,45,4,4,1,4,0,4,0,1,0,1,1,1,1,4,0,1,1
1148,16,32,3,3,1,3,0,2,0,1,0,1,1,4,4,4,0,1,1
1149,35,36,4,4,1,4,0,4,0,1,0,1,3,4,1,4,0,1,1
1150,16,32,3,3,1,3,0,2,0,1,0,1,1,4,3,3,0,1,1
1151,22,25,1,3,4,4,0,2,0,1,0,1,1,4,1,3,0,1,1
1152,33,49,4,4,1,4,7,16,0,1,0,1,1,1,1,4,0,1,1
1153,16,32,1,3,1,3,3,4,0,1,0,1,1,4,4,4,0,1,1
1154,16,32,3,3,1,3,0,2,0,1,0,1,1,4,3,3,0,1,1
1155,16,25,4,4,1,4,0,2,0,1,0,1,2,2,4,4,0,1,1
1156,16,32,1,3,4,4,3,16,0,1,0,1,1,2,4,4,0,1,1
1157,33,49,1,3,1,3,0,5,0,1,0,1,1,2,1,3,1,1,1
1158,39,49,1,3,1,3,0,5,0,1,0,1,3,4,4,4,0,1,1
1159,39,49,1,3,4,4,0,4,0,1,0,1,3,4,1,4,0,1,1
1160,16,21,1,3,4,4,0,2,0,1,0,1,1,4,1,3,0,1,1
1161,16,32,4,4,1,4,4,16,0,1,0,1,1,2,1,4,0,1,1
1162,33,42,1,3,1,3,0,5,0,1,0,1,1,2,4,4,0,1,1
1163,38,49,1,3,4,4,0,4,0,1,0,1,1,2,4,4,0,1,1
1164,38,49,1,3,4,4,0,4,0,1,0,1,1,2,4,4,0,1,1
1165,29,32,4,4,1,4,0,2,0,1,1,1,1,2,1,4,0,1,1
1166,33,49,1,3,1,3,0,5,0,1,0,1,3,4,1,3,1,1,1
1167,33,49,1,3,4,4,5,16,0,1,0,1,3,4,1,4,0,1,1
1168,33,38,1,3,1,3,0,5,0,1,0,1,3,4,4,4,0,1,1
1169,16,32,1,3,1,2,5,16,0,1,0,1,1,4,1,3,0,0,1
1170,33,49,1,3,1,3,6,16,0,1,0,1,3,4,1,3,1,1,1
1171,33,49,1,3,1,3,6,16,0,1,0,1,3,4,1,3,1,1,1
1172,33,38,1,3,4,4,0,4,0,1,0,1,3,4,1,4,0,1,1
1173,16,24,1,3,4,4,0,2,0,1,0,1,1,4,4,4,0,1,1
1174,16,22,3,3,1,3,0,2,0,1,0,1,1,4,1,2,0,1,1
1175,21,22,1,2,1,3,0,2,0,1,0,1,1,4,1,2,0,1,1
1176,26,32,1,2,1,3,0,2,0,1,0,1,1,4,3,4,0,1,1
1177,33,42,1,3,1,3,0,5,0,1,0,1,1,2,4,4,0,1,1
1178,16,32,3,3,1,3,0,2,0,1,0,1,1,4,4,4,0,1,1
1179,23,32,3,3,1,3,0,2,0,1,0,1,1,4,1,2,0,1,1
1180,16,24,1,3,4,4,0,2,0,1,0,1,1,4,4,4,0,1,1
1181,33,49,1,3,1,3,6,16,0,1,0,1,1,2,1,3,1,1,1
1182,26,32,1,3,4,4,0,2,0,1,0,1,1,2,1,3,0,1,1
1183,37,49,4,4,1,4,0,4,0,1,0,1,3,4,1,4,0,1,1
1184,25,32,1,3,4,4,0,2,0,1,0,1,1,4,4,4,0,1,1
1185,16,32,3,3,1,3,0,2,0,1,0,1,1,4,4,4,0,1,1
1186,16,30,4,4,1,4,3,3,0,1,0,1,1,2,1,4,0,1,1
1187,16,25,1,2,1,3,0,2,0,1,0,1,1,4,3,4,0,1,1
1188,26,28,4,4,1,4,0,2,0,1,1,1,1,2,1,4,0,1,1
1189,33,38,1,3,4,4,0,4,0,1,0,1,3,4,1,4,0,1,1
1190,22,25,1,3,4,4,0,2,0,1,0,1,1,4,1,3,0,1,1
1191,16,25,4,4,1,4,0,2,0,1,0,1,2,2,4,4,0,1,1
1192,21,22,1,2,1,3,0,2,0,1,0,1,1,4,1,2,0,1,1
1193,44,45,4,4,1,4,0,4,0,1,0,1,1,1,1,4,0,1,1
1194,46,49,4,4,1,4,0,4,0,1,0,1,1,1,1,4,0,1,1
1195,16,28,4,4,1,4,3,16,0,1,0,1,3,4,1,4,0,1,1
1196,16,32,1,3,1,3,3,4,0,1,0,1,1,4,4,4,0,1,1
1197,33,49,3,3,1,3,6,8,0,1,0,1,1,4,1,3,0,0,1
1198,42,49,1,3,1,3,0,5,0,1,0,1,1,2,1,3,0,0,1
1199,25,32,1,3,4,4,0,2,0,1,0,1,1,4,4,4,0,1,1
1200,23,32,1,2,1,3,0,1,0,1,0,1,1,4,1,2,0,1,1
1201,16,30,4,4,1,4,3,3,0,1,0,1,1,2,1,4,0,1,1
1202,42,49,1,3,1,3,0,5,0,1,0,1,1,2,1,3,0,0,1
1203,33,49,1,3,1,3,6,16,0,1,0,1,1,2,1,3,1,1,1
1204,33,49,1,3,1,3,9,16,0,1,0,1,1,4,1,3,0,0,1
1205,16,32,1,3,1,3,3,16,0,1,0,1,1,4,1,3,1,1,1
1206,43,49,1,3,1,3,0,5,0,1,0,1,1,2,4,4,0,1,1
1207,16,30,4,4,1,4,3,3,0,1,0,1,1,2,1,4,0,1,1
1208,33,49,1,3,1,2,0,5,0,1,0,1,3,4,1,3,0,0,1
1209,43,49,4,4,1,4,5,6,0,1,0,1,1,1,1,4,0,1,1
1210,33,38,1,3,1,3,0,5,0,1,0,1,3,4,4,4,0,1,1
1211,33,49,1,3,1,3,0,5,0,1,0,1,1,2,1,3,1,1,1
1212,16,29,1,3,4,4,3,3,0,1,0,1,1,4,1,3,0,1,1
1213,26,32,4,4,1,4,0,2,0,1,0,0,2,2,1,4,0,1,1
1214,37,49,4,4,1,4,0,4,0,1,0,1,3,4,1,4,0,1,2
1215,33,35,4,4,1,4,3,3,0,1,0,1,1,1,1,4,0,1,2
1216,29,32,4,4,1,4,3,16,0,1,0,1,3,4,1,4,0,1,2
1217,40,42,4,4,1,4,5,6,0,1,0,1,1,1,1,4,0,1,2
1218,39,49,1,3,4,4,0,4,0,1,0,1,3,4,1,4,0,1,2
1219,16,23,4,4,1,4,0,2,0,1,0,1,1,1,1,4,0,1,2
1220,16,32,1,3,4,4,3,16,0,1,0,1,1,2,4,4,0,1,2
1221,16,23,4,4,1,4,0,2,0,1,0,1,1,1,1,4,0,1,2
1222,36,37,4,4,1,4,0,3,0,1,0,1,1,1,1,4,0,1,2
1223,33,49,1,3,1,3,9,16,0,1,0,1,1,4,1,3,0,0,2
1224,40,43,4,4,1,4,0,4,0,1,0,1,1,1,1,4,0,1,2
1225,16,32,1,3,1,3,5,16,0,1,0,1,1,4,4,4,0,1,2
1226,33,39,4,4,1,4,5,6,0,1,0,1,1,1,1,4,0,1,2
1227,25,32,1,3,4,4,0,2,0,1,0,1,1,4,4,4,0,1,2
1228,44,45,4,4,1,4,0,4,0,1,0,1,1,1,1,4,0,1,2
1229,16,32,3,3,1,3,0,2,0,1,0,1,1,4,4,4,0,1,2
1230,16,32,4,4,1,4,4,16,0,1,0,1,1,2,1,4,0,1,2
1231,16,30,4,4,1,4,3,3,0,1,0,1,1,2,1,4,0,1,2
1232,26,28,4,4,1,4,0,2,0,1,1,1,1,2,1,4,0,1,2
1233,16,30,4,4,1,4,3,3,0,1,0,1,1,2,1,4,0,1,2
1234,33,35,4,4,1,4,0,4,0,1,0,1,2,2,1,4,0,1,2
1235,16,29,1,3,4,4,3,3,0,1,0,1,1,4,1,3,0,1,2
1236,40,49,1,3,4,4,0,4,0,1,0,1,1,2,1,3,0,1,2
1237,16,30,4,4,1,4,3,3,0,1,0,1,1,2,1,4,0,1,2
1238,26,32,1,3,4,4,0,2,0,1,0,1,3,4,1,3,0,1,2
1239,33,49,4,4,1,4,7,16,0,1,0,1,1,1,1,4,0,1,2
1240,16,32,3,3,1,3,3,4,0,1,0,1,1,4,1,3,0,0,2
1241,16,32,3,3,1,3,0,2,0,1,0,1,1,4,3,3,0,1,2
1242,33,41,1,3,1,3,0,5,0,1,0,1,1,2,1,3,0,0,2
1243,16,25,4,4,1,4,0,2,0,1,0,1,2,2,1,3,0,1,2
1244,33,37,1,3,4,4,0,4,0,1,0,1,1,2,4,4,0,1,2
1245,33,49,1,3,4,4,7,16,0,1,0,1,1,2,1,3,0,1,2
1246,16,23,4,4,1,4,0,2,0,1,0,1,1,1,1,4,0,1,2
1247,43,49,1,3,1,3,0,5,0,1,0,1,1,2,4,4,0,1,2
1248,33,49,1,3,1,3,9,16,0,1,0,1,1,4,1,3,0,0,2
1249,16,25,4,4,1,4,0,2,0,1,0,1,2,2,4,4,0,1,2
1250,26,32,4,4,1,4,0,2,0,1,0,1,3,4,1,3,0,1,2
1251,33,38,1,3,4,4,0,4,0,1,0,1,3,4,1,4,0,1,2
1252,25,32,1,3,4,4,0,2,0,1,0,1,1,4,4,4,0,1,2
1253,26,32,4,4,1,4,0,2,0,1,0,0,2,2,1,4,0,1,2
1254,33,49,4,4,1,4,7,16,0,1,0,1,1,1,1,4,0,1,2
1255,16,32,1,3,4,4,3,16,0,1,0,1,1,2,4,4,0,1,2
1256,38,49,4,4,1,4,0,4,0,1,0,1,2,2,1,4,0,1,2
1257,38,49,4,4,1,4,0,4,0,1,0,1,2,2,1,4,0,1,2
1258,16,29,1,3,4,4,3,3,0,1,0,1,1,4,1,3,0,1,2
1259,24,25,4,4,1,4,0,2,0,1,0,1,1,1,1,4,0,1,2
1260,33,35,4,4,1,4,0,2,0,1,0,1,1,1,1,4,0,1,2
1261,16,23,4,4,1,4,0,2,0,1,0,1,1,1,1,4,0,1,2
1262,16,32,4,4,1,4,4,16,0,1,0,1,1,2,1,4,0,1,2
1263,44,45,4,4,1,4,0,4,0,1,0,1,1,1,1,4,0,1,2
1264,33,39,4,4,1,4,4,4,0,1,0,1,1,1,1,4,0,1,2
1265,33,38,1,3,4,4,0,4,0,1,0,1,3,4,1,4,0,1,2
1266,37,49,4,4,1,4,0,4,0,1,0,1,3,4,1,4,0,1,2
1267,33,49,4,4,1,4,5,16,0,1,0,1,2,2,1,4,0,1,2
1268,16,25,4,4,1,4,0,2,0,1,0,1,3,4,1,3,0,1,2
1269,33,49,1,2,1,2,6,8,0,1,0,1,1,4,1,3,0,0,2
1270,38,49,4,4,1,4,0,4,0,1,0,1,2,2,1,4,0,1,2
1271,33,49,1,3,1,3,9,16,0,1,0,1,1,4,1,3,0,0,2
1272,29,32,4,4,1,4,3,16,0,1,0,1,3,4,1,4,0,1,2
1273,16,32,3,3,1,3,0,2,0,1,0,1,1,4,3,3,0,1,2
1274,16,32,3,3,1,3,0,2,0,1,0,1,1,4,3,3,0,1,2
1275,16,32,1,3,1,3,3,16,0,1,0,1,1,4,1,3,1,1,2
1276,35,36,4,4,1,4,0,4,0,1,0,1,3,4,1,4,0,1,2
1277,16,32,1,3,4,4,3,16,0,1,0,1,1,2,4,4,0,1,2
1278,16,32,4,4,1,4,0,2,0,1,0,1,3,4,4,4,0,1,2
1279,38,49,4,4,1,4,0,4,0,1,0,1,2,2,1,4,0,1,2
1280,16,29,1,3,4,4,3,3,0,1,0,1,1,4,1,3,0,1,2
1281,40,42,4,4,1,4,5,6,0,1,0,1,1,1,1,4,0,1,2
1282,33,49,3,3,1,3,6,8,0,1,0,1,1,4,1,3,0,0,2
1283,33,49,1,3,4,4,5,16,0,1,0,1,3,4,1,4,0,1,2
1284,16,25,4,4,1,4,0,2,0,1,0,1,2,2,4,4,0,1,2
1285,40,43,4,4,1,4,0,4,0,1,0,1,1,1,1,4,0,1,2
1286,33,37,1,3,4,4,0,4,0,1,0,1,1,2,4,4,0,1,2
1287,16,25,4,4,1,4,0,2,0,1,0,1,2,2,1,3,0,1,2
1288,26,32,1,3,4,4,0,2,0,1,0,1,1,2,1,3,0,1,2
1289,16,32,1,3,1,2,5,16,0,1,0,1,1,4,1,3,0,0,2
1290,16,32,1,3,1,3,3,4,0,1,0,1,1,4,4,4,0,1,2
1291,26,28,4,4,1,4,0,2,0,1,1,1,1,2,1,4,0,1,2
1292,38,49,1,3,4,4,0,4,0,1,0,1,1,2,4,4,0,1,2
1293,26,32,1,3,4,4,0,2,0,1,0,1,3,4,1,3,0,1,2
1294,16,32,4,4,1,4,0,2,0,1,0,1,3,4,4,4,0,1,2
1295,16,32,1,3,1,3,3,16,0,1,0,1,1,4,1,3,1,1,2
1296,33,35,4,4,1,4,0,4,0,1,0,1,2,2,1,4,0,1,2
1297,33,39,4,4,1,4,5,6,0,1,0,1,1,1,1,4,0,1,2
1298,33,49,1,3,4,4,5,16,0,1,0,1,3,4,1,4,0,1,2
1299,26,28,4,4,1,4,0,2,0,1,1,1,1,2,1,4,0,1,2
1300,46,49,4,4,1,4,0,4,0,1,0,1,1,1,1,4,0,1,2
1301,16,32,3,3,1,3,0,2,0,1,0,1,1,4,4,4,0,1,2
1302,38,49,4,4,1,4,0,4,0,1,0,1,2,2,1,4,0,1,2
1303,33,49,4,4,1,4,7,16,0,1,0,1,1,1,1,4,0,1,2
1304,33,34,4,4,1,4,0,4,0,1,0,1,3,4,1,4,0,1,2
1305,33,41,1,3,1,3,0,5,0,1,0,1,1,2,1,3,0,0,2
1306,33,34,4,4,1,4,0,4,0,1,0,1,3,4,1,4,0,1,2
1307,38,49,4,4,1,4,0,4,0,1,0,1,2,2,1,4,0,1,2
1308,42,49,1,3,1,3,0,5,0,1,0,1,1,2,1,3,0,0,2
1309,36,37,4,4,1,4,0,4,0,1,0,1,2,2,1,4,0,1,2
1310,38,49,4,4,1,4,0,4,0,1,0,1,2,2,1,4,0,1,2
1311,39,49,1,3,1,3,0,5,0,1,0,1,3,4,4,4,0,1,2
1312,33,49,1,3,4,4,5,6,0,1,0,1,1,2,1,3,0,1,2
1313,40,42,4,4,1,4,5,6,0,1,0,1,1,1,1,4,0,1,2
1314,43,49,4,4,1,4,5,6,0,1,0,1,1,1,1,4,0,1,2
1315,33,34,4,4,1,4,0,4,0,1,0,1,3,4,1,4,0,1,2
1316,43,49,1,3,1,3,0,5,0,1,0,1,1,2,4,4,0,1,2
1317,40,43,4,4,1,4,0,4,0,1,0,1,1,1,1,4,0,1,2
1318,36,37,4,4,1,4,0,3,0,1,0,1,1,1,1,4,0,1,2
1319,33,38,1,3,1,3,0,5,0,1,0,1,3,4,4,4,0,1,2
1320,16,32,1,3,1,2,5,16,0,1,0,1,1,4,1,3,0,0,3
1321,33,49,1,3,1,3,6,7,0,1,0,1,1,4,4,4,0,1,3
1322,16,25,4,4,1,4,0,2,0,1,0,1,3,4,1,3,0,1,3
1323,16,22,3,3,1,3,0,2,0,1,0,1,1,4,1,2,0,1,3
1324,33,49,4,4,1,4,5,16,0,1,0,1,3,4,1,4,0,1,3
1325,38,39,4,4,1,4,0,3,0,1,0,1,1,1,1,4,0,1,3
1326,33,49,1,3,1,3,6,16,0,1,0,1,1,2,1,3,1,1,3
1327,16,32,1,3,3,3,5,16,0,1,0,1,1,4,1,3,0,0,3
1328,16,21,1,3,4,4,0,2,0,1,0,1,1,4,1,3,0,1,3
1329,16,32,1,3,4,4,3,16,0,1,0,1,3,4,4,4,0,1,3
1330,43,49,4,4,1,4,5,6,0,1,0,1,1,1,1,4,0,1,3
1331,16,32,1,2,1,2,3,4,0,1,0,1,1,4,1,3,0,0,3
1332,16,32,1,2,1,2,3,4,0,1,0,1,1,4,1,3,0,0,3
1333,16,29,1,3,4,4,3,3,0,1,0,1,1,4,1,3,0,1,3
1334,33,37,1,3,4,4,0,4,0,1,0,1,1,2,4,4,0,1,3
1335,39,49,1,3,4,4,0,4,0,1,0,1,3,4,1,4,0,1,3
1336,16,32,1,2,3,3,3,4,0,1,0,1,1,4,1,3,0,0,3
1337,16,24,1,3,4,4,0,2,0,1,0,1,1,4,4,4,0,1,3
1338,16,32,4,4,1,4,4,16,0,1,0,1,1,2,1,4,0,1,3
1339,16,25,4,4,1,4,0,2,0,1,0,1,3,4,1,3,0,1,3
1340,16,29,1,3,4,4,3,3,0,1,0,1,1,4,1,3,0,1,3
1341,33,39,4,4,1,4,4,4,0,1,0,1,1,1,1,4,0,1,3
1342,33,49,1,3,1,3,9,16,0,1,0,1,1,4,1,3,0,0,3
1343,33,49,3,3,1,3,6,8,0,1,0,1,1,4,1,3,0,0,3
1344,33,49,1,3,1,3,9,16,0,1,0,1,1,4,1,3,0,0,3
1345,38,49,4,4,1,4,0,4,0,1,0,1,2,2,1,4,0,1,3
1346,33,49,1,2,3,3,6,8,0,1,0,1,1,4,1,3,0,0,3
1347,16,28,4,4,1,4,3,16,0,1,0,1,3,4,1,4,0,1,3
1348,16,25,4,4,1,4,0,2,0,1,0,1,2,2,1,3,0,1,3
1349,16,32,1,2,1,2,3,4,0,1,0,1,1,4,1,3,0,0,3
1350,16,20,1,2,1,3,0,2,0,1,0,1,1,4,1,2,0,1,3
1351,16,22,3,3,1,3,0,2,0,1,0,1,1,4,1,2,0,1,3
1352,25,32,1,3,4,4,0,2,0,1,0,1,1,4,4,4,0,1,3
1353,26,32,4,4,1,4,0,2,0,1,0,0,2,2,1,4,0,1,3
1354,40,43,4,4,1,4,0,4,0,1,0,1,1,1,1,4,0,1,3
1355,24,25,4,4,1,4,0,2,0,1,0,1,1,1,1,4,0,1,3
1356,30,32,1,3,4,4,3,16,0,1,0,1,1,4,1,3,0,1,3
1357,16,32,1,2,3,3,3,4,0,1,0,1,1,4,1,3,0,0,3
1358,26,32,4,4,1,4,0,2,0,1,0,1,3,4,1,3,0,1,3
1359,16,29,1,3,4,4,4,16,0,1,0,1,1,4,1,3,0,1,3
1360,16,29,1,3,4,4,4,16,0,1,0,1,1,4,1,3,0,1,3
1361,23,32,3,3,1,3,0,2,0,1,0,1,1,4,1,2,0,1,3
1362,26,32,1,2,1,3,0,2,0,1,0,1,1,4,3,4,0,1,3
1363,16,25,4,4,1,4,0,2,0,1,0,1,2,2,4,4,0,1,3
1364,16,32,3,3,1,3,3,4,0,1,0,1,1,4,1,3,0,0,3
1365,16,25,4,4,1,4,0,2,0,1,0,1,2,2,1,3,0,1,3
1366,24,25,4,4,1,4,0,2,0,1,0,1,1,1,1,4,0,1,3
1367,43,49,4,4,1,4,5,6,0,1,0,1,1,1,1,4,0,1,3
1368,16,32,1,3,1,3,3,4,0,1,0,1,1,4,4,4,0,1,3
1369,16,22,3,3,1,3,0,2,0,1,0,1,1,4,1,2,0,1,3
1370,16,32,1,3,1,2,5,16,0,1,0,1,1,4,1,3,0,0,3
1371,16,32,1,3,4,4,3,16,0,1,0,1,1,2,4,4,0,1,3
1372,16,25,4,4,1,4,0,2,0,1,0,1,3,4,1,3,0,1,3
1373,33,35,4,4,1,4,0,2,0,1,0,1,1,1,1,4,0,1,3
1374,33,41,1,3,1,3,0,5,0,1,0,1,1,2,1,3,0,0,3
1375,23,32,3,3,1,3,0,2,0,1,0,1,1,4,1,2,0,1,3
1376,16,29,1,3,4,4,4,16,0,1,0,1,1,4,1,3,0,1,3
1377,16,32,3,3,1,3,3,4,0,1,0,1,1,4,1,3,0,0,3
1378,26,32,4,4,1,4,0,2,0,1,0,1,3,4,1,3,0,1,3
1379,36,37,4,4,1,4,0,3,0,1,0,1,1,1,1,4,0,1,3
1380,16,32,1,2,1,2,3,4,0,1,0,1,1,4,1,3,0,0,3
1381,33,49,1,3,1,3,0,5,0,1,0,1,3,4,1,3,1,1,3
1382,33,49,1,3,1,3,6,16,0,1,0,1,1,2,1,3,1,1,3
1383,25,32,1,3,4,4,0,2,0,1,0,1,1,4,4,4,0,1,3
1384,36,37,4,4,1,4,0,3,0,1,0,1,1,1,1,4,0,1,3
1385,26,28,4,4,1,4,0,2,0,1,1,1,1,2,1,4,0,1,3
1386,33,49,4,4,1,4,5,16,0,1,0,1,3,4,1,4,0,1,3
1387,25,32,1,3,4,4,0,2,0,1,0,1,1,4,4,4,0,1,3
1388,29,32,4,4,1,4,0,2,0,1,1,1,1,2,1,4,0,1,3
1389,33,39,4,4,1,4,4,4,0,1,0,1,1,1,1,4,0,1,3
1390,33,49,1,3,1,2,0,5,0,1,0,1,3,4,1,3,0,0,3
1391,33,35,4,4,1,4,0,4,0,1,0,1,2,2,1,4,0,1,3
1392,23,32,1,2,1,3,2,2,0,1,0,1,1,4,1,2,0,1,3
1393,16,22,3,3,1,3,0,2,0,1,0,1,1,4,1,2,0,1,3
1394,16,22,3,3,1,3,0,2,0,1,0,1,1,4,1,2,0,1,3
1395,16,32,3,3,1,3,3,4,0,1,0,1,1,4,1,3,0,0,3
1396,33,49,1,2,3,3,6,8,0,1,0,1,1,4,1,3,0,0,3
1397,16,22,3,3,1,3,0,2,0,1,0,1,1,4,1,2,0,1,3
1398,16,29,1,3,4,4,4,16,0,1,0,1,1,4,1,3,0,1,3
1399,16,22,3,3,1,3,0,2,0,1,0,1,1,4,1,2,0,1,3
1400,16,32,1,3,4,4,3,16,0,1,0,1,3,4,4,4,0,1,3
1401,30,32,1,3,4,4,3,16,0,1,0,1,1,4,1,3,0,1,3
1402,22,25,1,3,4,4,0,2,0,1,0,1,1,4,1,3,0,1,3
1403,16,28,4,4,1,4,3,16,0,1,0,1,3,4,1,4,0,1,3
1404,33,49,1,3,4,4,5,16,0,1,0,1,1,2,4,4,0,1,3
1405,33,49,1,3,1,3,9,16,0,1,0,1,1,4,1,3,0,0,3
1406,33,49,1,3,1,2,0,5,0,1,0,1,3,4,1,3,0,0,3
1407,33,49,1,3,1,3,6,7,0,1,0,1,1,4,4,4,0,1,3
1408,36,37,4,4,1,4,0,4,0,1,0,1,2,2,1,4,0,1,3
1409,16,28,4,4,1,4,3,16,0,1,0,1,3,4,1,4,0,1,3
1410,16,25,4,4,1,4,0,2,0,1,0,1,3,4,1,3,0,1,3
1411,16,25,4,4,1,4,0,2,0,1,0,1,2,2,1,3,0,1,3
1412,16,32,1,3,4,4,3,16,0,1,0,1,3,4,4,4,0,1,3
1413,16,32,3,3,1,3,3,4,0,1,0,1,1,4,1,3,0,0,3
1414,16,25,4,4,1,4,0,2,0,1,0,1,2,2,1,3,0,1,3
1415,33,49,1,3,4,4,5,16,0,1,0,1,3,4,1,4,0,1,3
1416,26,32,4,4,1,4,0,2,0,1,0,1,3,4,1,3,0,1,3
1417,43,49,1,3,1,3,0,5,0,1,0,1,1,2,4,4,0,1,3
1418,33,49,4,4,1,4,5,16,0,1,0,1,3,4,1,4,0,1,3
1419,33,49,1,3,4,4,5,16,0,1,0,1,1,2,4,4,0,1,3
1420,33,49,4,4,1,4,5,16,0,1,0,1,3,4,1,4,0,1,3
1421,33,49,1,3,1,3,0,5,0,1,0,1,3,4,1,3,1,1,3
1422,33,49,1,3,1,3,6,7,0,1,0,1,1,4,4,4,0,1,3
1423,33,35,4,4,1,4,0,2,0,1,0,1,1,1,1,4,0,1,3
1424,22,25,1,3,4,4,0,2,0,1,0,1,1,4,1,3,0,1,3
1425,33,41,1,3,1,3,0,5,0,1,0,1,1,2,1,3,0,0,3
1426,16,29,1,3,4,4,3,3,0,1,0,1,1,4,1,3,0,1,3
1427,29,32,4,4,1,4,3,16,0,1,0,1,3,4,1,4,0,1,3
1428,33,49,4,4,1,4,5,16,0,1,0,1,3,4,1,4,0,1,3
1429,29,32,4,4,1,4,3,16,0,1,0,1,3,4,1,4,0,1,3
1430,16,32,1,3,4,4,3,16,0,1,0,1,3,4,4,4,0,1,3
1431,26,32,4,4,1,4,0,2,0,1,0,0,2,2,1,4,0,1,3
1432,26,32,4,4,1,4,0,2,0,1,0,0,2,2,1,4,0,1,3
1433,33,49,4,4,1,4,5,16,0,1,0,1,2,2,1,4,0,1,3
1434,24,25,4,4,1,4,0,2,0,1,0,1,1,1,1,4,0,1,3
1435,33,39,4,4,1,4,5,6,0,1,0,1,1,1,1,4,0,1,3
1436,16,32,1,3,1,3,5,16,0,1,0,1,1,4,4,4,0,1,3
1437,26,28,4,4,1,4,0,2,0,1,1,1,1,2,1,4,0,1,3
1438,33,49,1,3,4,4,5,16,0,1,0,1,3,4,1,4,0,1,3
1439,16,32,1,3,4,4,3,16,0,1,0,1,1,2,4,4,0,1,3
1440,26,32,4,4,1,4,0,2,0,1,0,0,2,2,1,4,0,1,3
1441,16,32,3,3,1,3,0,2,0,1,0,1,1,4,4,4,0,1,3
1442,38,49,4,4,1,4,0,4,0,1,0,1,2,2,1,4,0,1,3
1443,16,25,1,2,1,3,0,2,0,1,0,1,1,4,3,4,0,1,3
1444,16,32,4,4,1,4,0,2,0,1,0,1,3,4,4,4,0,1,3
1445,35,36,4,4,1,4,0,4,0,1,0,1,3,4,1,4,0,1,3
1446,43,49,1,3,1,3,0,5,0,1,0,1,1,2,4,4,0,1,3
1447,33,35,4,4,1,4,0,4,0,1,0,1,2,2,1,4,0,1,3
1448,33,49,1,3,3,3,0,5,0,1,0,1,3,4,1,3,0,0,3
1449,16,25,4,4,1,4,0,2,0,1,0,1,2,2,1,3,0,1,3
1450,16,28,4,4,1,4,3,16,0,1,0,1,3,4,1,4,0,1,3
1451,33,39,1,3,4,4,0,4,0,1,0,1,1,2,1,3,0,1,3
1452,16,32,1,3,1,3,3,4,0,1,0,1,1,4,4,4,0,1,3
1453,16,32,1,3,1,3,5,16,0,1,0,1,1,4,4,4,0,1,3
1454,16,32,1,3,4,4,3,16,0,1,0,1,1,2,4,4,0,1,3
1455,16,32,1,3,1,2,5,16,0,1,0,1,1,4,1,3,0,0,3
1456,33,42,1,3,1,3,0,5,0,1,0,1,1,2,4,4,0,1,3
1457,16,32,1,3,1,3,5,16,0,1,0,1,1,4,4,4,0,1,3
1458,16,32,1,3,1,3,3,16,0,1,0,1,1,4,1,3,1,1,3
1459,33,49,4,4,1,4,5,16,0,1,0,1,2,2,1,4,0,1,3
1460,16,25,4,4,1,4,0,2,0,1,0,1,2,2,1,3,0,1,3
1461,16,32,4,4,1,4,4,16,0,1,0,1,1,2,1,4,0,1,3
1462,16,25,4,4,1,4,0,2,0,1,0,1,2,2,4,4,0,1,3
1463,26,32,1,2,1,3,0,2,0,1,0,1,1,4,3,4,0,1,3
1464,16,25,1,2,1,3,0,2,0,1,0,1,1,4,3,4,0,1,3
1465,16,29,1,3,4,4,3,3,0,1,0,1,1,4,1,3,0,1,3
1466,33,49,1,3,4,4,5,16,0,1,0,1,1,2,4,4,0,1,3
1467,16,30,4,4,1,4,3,3,0,1,0,1,1,2,1,4,0,1,3
1468,33,35,4,4,1,4,0,4,0,1,0,1,2,2,1,4,0,1,3
1469,33,35,4,4,1,4,3,3,0,1,0,1,1,1,1,4,0,1,3
1470,33,49,1,3,1,3,8,16,0,1,0,1,1,4,4,4,0,1,3
1471,33,41,1,3,1,3,0,5,0,1,0,1,1,2,1,3,0,0,3
1472,16,32,3,3,1,3,0,2,0,1,0,1,1,4,4,4,0,1,3
