algo,no,knn_pca_auroc,knn_pca_acc,rf_pca_auroc,rf_pca_acc,lr_auroc,lr_acc,lr_pca_auroc,lr_pca_acc
datafly,21,0.6489557226399332,0.8565573770491803,0.6545758335232019,0.8565573770491803,0.6532847269689375,0.8579234972677595,0.6368041315409736,0.8579234972677595
datafly_shuffled,21,0.6489557226399332,0.8565573770491803,0.6527075263917369,0.8565573770491803,0.6532847269689375,0.8579234972677595,0.6368041315409736,0.8579234972677595
mondrian,21,0.580846054530265,0.825136612021858,0.6497000075947444,0.8565573770491803,0.5269081795397584,0.7226775956284153,0.6462823725981621,0.8592896174863388
datafly,22,0.6489557226399332,0.8565573770491803,0.6543024227234753,0.8565573770491803,0.6532847269689375,0.8579234972677595,0.6368041315409736,0.8579234972677595
datafly_shuffled,22,0.6489557226399332,0.8565573770491803,0.6544846965899597,0.8565573770491803,0.6532847269689375,0.8579234972677595,0.6368041315409736,0.8579234972677595
mondrian,22,0.5675020885547202,0.8469945355191257,0.6491076175286702,0.8565573770491803,0.5836257309941519,0.7404371584699454,0.6576137312979418,0.8579234972677595
datafly,23,0.5919723551302498,0.8565573770491803,0.6715197083618136,0.8565573770491803,0.6755297334244703,0.8551912568306009,0.6716260347839296,0.8551912568306009
datafly_shuffled,23,0.5919723551302498,0.8565573770491803,0.6688159793422952,0.8579234972677595,0.6755297334244703,0.8551912568306009,0.6716260347839296,0.8551912568306009
mondrian,23,0.5516974253816358,0.8524590163934426,0.6671375408217515,0.8565573770491803,0.5209538999012683,0.7131147540983607,0.6675476570213413,0.8592896174863388
datafly,24,0.6489557226399332,0.8565573770491803,0.6545758335232019,0.8565573770491803,0.6532847269689375,0.8579234972677595,0.6368041315409736,0.8579234972677595
datafly_shuffled,24,0.6489557226399332,0.8565573770491803,0.6544543176122123,0.8565573770491803,0.6532847269689375,0.8579234972677595,0.6368041315409736,0.8579234972677595
mondrian,24,0.5659527606896028,0.8483606557377049,0.646130477709425,0.8565573770491803,0.5703804966962861,0.755464480874317,0.6383230804283435,0.8565573770491803
datafly,25,0.5919723551302498,0.8565573770491803,0.6680413154097364,0.8565573770491803,0.6755297334244703,0.8551912568306009,0.6716260347839296,0.8551912568306009
datafly_shuffled,25,0.5919723551302498,0.8565573770491803,0.6674793043214096,0.8565573770491803,0.6755297334244703,0.8551912568306009,0.6716260347839296,0.8551912568306009
mondrian,25,0.5433280170122275,0.8524590163934426,0.6275233538391431,0.8565573770491803,0.498640540745804,0.6980874316939891,0.653770790612896,0.8579234972677595
datafly,26,0.6489557226399332,0.8565573770491803,0.6538011695906433,0.8565573770491803,0.6532847269689375,0.8579234972677595,0.6368041315409736,0.8579234972677595
datafly_shuffled,26,0.6489557226399332,0.8565573770491803,0.6542720437457279,0.8565573770491803,0.6532847269689375,0.8579234972677595,0.6368041315409736,0.8579234972677595
mondrian,26,0.5966431229589124,0.8579234972677595,0.6591250854408749,0.8565573770491803,0.6168755221386801,0.7295081967213115,0.6262930052403737,0.8524590163934426
datafly,27,0.5790309106098579,0.8565573770491803,0.667707146654515,0.8579234972677595,0.6756284651021494,0.8551912568306009,0.6783245993772309,0.8551912568306009
datafly_shuffled,27,0.5790309106098579,0.8565573770491803,0.6676311992101465,0.8579234972677595,0.6756284651021494,0.8551912568306009,0.6783245993772309,0.8551912568306009
mondrian,27,0.5343662185767448,0.8510928961748634,0.662147793726741,0.8565573770491803,0.5404875825928457,0.7622950819672131,0.6675324675324676,0.8579234972677595
datafly,28,0.5919723551302498,0.8565573770491803,0.6696362117414749,0.8565573770491803,0.6755297334244703,0.8551912568306009,0.6716260347839296,0.8551912568306009
datafly_shuffled,28,0.5919723551302498,0.8565573770491803,0.6723703197387407,0.8565573770491803,0.6755297334244703,0.8551912568306009,0.6716260347839296,0.8551912568306009
mondrian,28,0.5401837928153719,0.8415300546448088,0.6688539530644794,0.8565573770491803,0.5702741702741703,0.7049180327868853,0.6424850003797373,0.8538251366120219
datafly,29,0.6489557226399332,0.8565573770491803,0.6549555707450444,0.8565573770491803,0.6532847269689375,0.8579234972677595,0.6368041315409736,0.8579234972677595
datafly_shuffled,29,0.6489557226399332,0.8565573770491803,0.6548948127895496,0.8565573770491803,0.6532847269689375,0.8579234972677595,0.6368041315409736,0.8579234972677595
mondrian,29,0.5310700994911521,0.8551912568306009,0.6192071086807929,0.8565573770491803,0.5292169818485608,0.7349726775956285,0.6479987848408901,0.8565573770491803
datafly,30,0.6489557226399332,0.8565573770491803,0.6547581073896863,0.8565573770491803,0.6532847269689375,0.8579234972677595,0.6368041315409736,0.8579234972677595
datafly_shuffled,30,0.6489557226399332,0.8565573770491803,0.6542720437457279,0.8565573770491803,0.6532847269689375,0.8579234972677595,0.6368041315409736,0.8579234972677595
mondrian,30,0.5751499962026279,0.8551912568306009,0.6617452722715881,0.8565573770491803,0.5252829042302727,0.7390710382513661,0.6819017240069871,0.8538251366120219
datafly,31,0.6489557226399332,0.8565573770491803,0.6543935596567175,0.8565573770491803,0.6532847269689375,0.8579234972677595,0.6368041315409736,0.8579234972677595
datafly_shuffled,31,0.6489557226399332,0.8565573770491803,0.6552289815447709,0.8565573770491803,0.6532847269689375,0.8579234972677595,0.6368041315409736,0.8579234972677595
mondrian,31,0.5837244626718311,0.8579234972677595,0.6426748689906585,0.8565573770491803,0.5552973342447027,0.7295081967213115,0.6797144376091745,0.8565573770491803
datafly,32,0.5790309106098579,0.8565573770491803,0.6676311992101465,0.8579234972677595,0.6756284651021494,0.8551912568306009,0.6783245993772309,0.8551912568306009
datafly_shuffled,32,0.5790309106098579,0.8565573770491803,0.6676615781878941,0.8579234972677595,0.6756284651021494,0.8551912568306009,0.6783245993772309,0.8551912568306009
mondrian,32,0.5457887142097668,0.8524590163934426,0.6287840814156603,0.8565573770491803,0.532133363712311,0.7650273224043715,0.6406774512037671,0.8592896174863388
datafly,33,0.6489557226399332,0.8565573770491803,0.6538011695906433,0.8565573770491803,0.6532847269689375,0.8579234972677595,0.6368041315409736,0.8579234972677595
datafly_shuffled,33,0.6489557226399332,0.8565573770491803,0.6523277891698944,0.8565573770491803,0.6532847269689375,0.8579234972677595,0.6368041315409736,0.8579234972677595
mondrian,33,0.6347991190096454,0.842896174863388,0.6567555251765778,0.8565573770491803,0.5551910078225868,0.7773224043715847,0.6757196020353916,0.8551912568306009
datafly,34,0.5919723551302498,0.8565573770491803,0.668117262854105,0.8565573770491803,0.6755297334244703,0.8551912568306009,0.6716260347839296,0.8551912568306009
datafly_shuffled,34,0.5919723551302498,0.8565573770491803,0.6688311688311689,0.8565573770491803,0.6755297334244703,0.8551912568306009,0.6716260347839296,0.8551912568306009
mondrian,34,0.585592769803296,0.8538251366120219,0.6793650793650794,0.8565573770491803,0.5277891698944329,0.7418032786885246,0.6497759550391129,0.8579234972677595
datafly,35,0.6489557226399332,0.8565573770491803,0.6545910230120756,0.8565573770491803,0.6532847269689375,0.8579234972677595,0.6368041315409736,0.8579234972677595
datafly_shuffled,35,0.6489557226399332,0.8565573770491803,0.6541049593681172,0.8565573770491803,0.6532847269689375,0.8579234972677595,0.6368041315409736,0.8579234972677595
mondrian,35,0.6424622161464266,0.8524590163934426,0.6653755601124022,0.8565573770491803,0.5629832156147946,0.7144808743169399,0.6812333864965443,0.8592896174863388
datafly,36,0.5919723551302498,0.8565573770491803,0.6676008202323991,0.8565573770491803,0.6755297334244703,0.8551912568306009,0.6716260347839296,0.8551912568306009
datafly_shuffled,36,0.5919723551302498,0.8565573770491803,0.6676160097212729,0.8565573770491803,0.6755297334244703,0.8551912568306009,0.6716260347839296,0.8551912568306009
mondrian,36,0.5579251158198526,0.8497267759562842,0.6118781802992329,0.8565573770491803,0.5234753550543024,0.7254098360655737,0.6351029087871194,0.8497267759562842
datafly,37,0.6489557226399332,0.8565573770491803,0.6544846965899597,0.8565573770491803,0.6532847269689375,0.8579234972677595,0.6368041315409736,0.8579234972677595
datafly_shuffled,37,0.6489557226399332,0.8565573770491803,0.6543935596567175,0.8565573770491803,0.6532847269689375,0.8579234972677595,0.6368041315409736,0.8579234972677595
mondrian,37,0.5281233386496544,0.8333333333333334,0.6507480823270296,0.8565573770491803,0.5668869142553353,0.7199453551912568,0.6457355509987089,0.8565573770491803
datafly,38,0.5790309106098579,0.8565573770491803,0.6641376167691957,0.8579234972677595,0.6756284651021494,0.8551912568306009,0.6783245993772309,0.8551912568306009
datafly_shuffled,38,0.5790309106098579,0.8565573770491803,0.6676767676767676,0.8579234972677595,0.6756284651021494,0.8551912568306009,0.6783245993772309,0.8551912568306009
mondrian,38,0.5870129870129871,0.8483606557377049,0.6398496240601503,0.8565573770491803,0.5956558061821221,0.7540983606557377,0.6300448089921775,0.8565573770491803
datafly,39,0.6489557226399332,0.8565573770491803,0.6540593909014961,0.8565573770491803,0.6532847269689375,0.8579234972677595,0.6368041315409736,0.8579234972677595
datafly_shuffled,39,0.6489557226399332,0.8565573770491803,0.6547429179008126,0.8565573770491803,0.6532847269689375,0.8579234972677595,0.6368041315409736,0.8579234972677595
mondrian,39,0.5477861319966584,0.8579234972677595,0.6439280018227387,0.8565573770491803,0.5842485000379737,0.7513661202185792,0.6701450596187438,0.8565573770491803
datafly,40,0.5790309106098579,0.8565573770491803,0.6676767676767676,0.8565573770491803,0.6756284651021494,0.8551912568306009,0.6783245993772309,0.8551912568306009
datafly_shuffled,40,0.5790309106098579,0.8565573770491803,0.6641376167691957,0.8579234972677595,0.6756284651021494,0.8551912568306009,0.6783245993772309,0.8551912568306009
mondrian,40,0.527234753550543,0.8551912568306009,0.6218500797448165,0.8565573770491803,0.5655046707678286,0.7459016393442623,0.6551074656337815,0.8565573770491803
datafly,41,0.6489557226399332,0.8565573770491803,0.6546365914786967,0.8565573770491803,0.6532847269689375,0.8579234972677595,0.6368041315409736,0.8579234972677595
datafly_shuffled,41,0.6489557226399332,0.8565573770491803,0.6548492443229285,0.8565573770491803,0.6532847269689375,0.8579234972677595,0.6368041315409736,0.8579234972677595
mondrian,41,0.5813093339409129,0.8292349726775956,0.6750816435026961,0.8565573770491803,0.6272347535505429,0.7800546448087432,0.6615478089162301,0.8565573770491803
datafly,42,0.5919723551302498,0.8565573770491803,0.668117262854105,0.8565573770491803,0.6755297334244703,0.8551912568306009,0.6716260347839296,0.8551912568306009
datafly_shuffled,42,0.5919723551302498,0.8565573770491803,0.6696210222526012,0.8565573770491803,0.6755297334244703,0.8551912568306009,0.6716260347839296,0.8551912568306009
mondrian,42,0.5931799194957089,0.8497267759562842,0.6069643806485912,0.8565573770491803,0.4691121743753322,0.6502732240437158,0.6195944406470723,0.8579234972677595
datafly,43,0.5790309106098579,0.8565573770491803,0.6677982835877573,0.8579234972677595,0.6756284651021494,0.8551912568306009,0.6783245993772309,0.8551912568306009
datafly_shuffled,43,0.5790309106098579,0.8565573770491803,0.6677375256322624,0.8579234972677595,0.6756284651021494,0.8551912568306009,0.6783245993772309,0.8551912568306009
mondrian,43,0.6224500645553277,0.8538251366120219,0.6315333789018001,0.8565573770491803,0.5204982152350573,0.726775956284153,0.623391812865497,0.8579234972677595
datafly,44,0.5919723551302498,0.8565573770491803,0.6680716943874838,0.8565573770491803,0.6755297334244703,0.8551912568306009,0.6716260347839296,0.8551912568306009
datafly_shuffled,44,0.5919723551302498,0.8565573770491803,0.6665223665223664,0.8565573770491803,0.6755297334244703,0.8551912568306009,0.6716260347839296,0.8551912568306009
mondrian,44,0.530515683147262,0.8565573770491803,0.662459178248652,0.8565573770491803,0.5424774056353003,0.7336065573770492,0.6888888888888889,0.8565573770491803
datafly,45,0.6489557226399332,0.8565573770491803,0.6527075263917369,0.8565573770491803,0.6532847269689375,0.8579234972677595,0.6368041315409736,0.8579234972677595
datafly_shuffled,45,0.6489557226399332,0.8565573770491803,0.6525860104807473,0.8565573770491803,0.6532847269689375,0.8579234972677595,0.6368041315409736,0.8579234972677595
mondrian,45,0.4809144072301968,0.8524590163934426,0.6603098655730235,0.8565573770491803,0.4890104047998785,0.7226775956284153,0.6640844535581378,0.8538251366120219
datafly,46,0.6489557226399332,0.8565573770491803,0.6547429179008126,0.8565573770491803,0.6532847269689375,0.8579234972677595,0.6368041315409736,0.8579234972677595
datafly_shuffled,46,0.6489557226399332,0.8565573770491803,0.6544087491455912,0.8565573770491803,0.6532847269689375,0.8579234972677595,0.6368041315409736,0.8579234972677595
mondrian,46,0.5335687704108757,0.8538251366120219,0.6402065770486823,0.8565573770491803,0.5400622769043821,0.8060109289617486,0.6695982380192906,0.8565573770491803
datafly,47,0.5919723551302498,0.8565573770491803,0.6677679046100098,0.8565573770491803,0.6755297334244703,0.8551912568306009,0.6716260347839296,0.8551912568306009
datafly_shuffled,47,0.5919723551302498,0.8565573770491803,0.668117262854105,0.8565573770491803,0.6755297334244703,0.8551912568306009,0.6716260347839296,0.8551912568306009
mondrian,47,0.5931647300068352,0.8510928961748634,0.6595655806182121,0.8565573770491803,0.6049821523505734,0.6898907103825137,0.6815827447406395,0.8551912568306009
datafly,48,0.5790309106098579,0.8565573770491803,0.667707146654515,0.8579234972677595,0.6756284651021494,0.8551912568306009,0.6783245993772309,0.8551912568306009
datafly_shuffled,48,0.5790309106098579,0.8565573770491803,0.6676311992101465,0.8579234972677595,0.6756284651021494,0.8551912568306009,0.6783245993772309,0.8551912568306009
mondrian,48,0.5269613427508164,0.8497267759562842,0.6102908787119313,0.8565573770491803,0.6287233234601655,0.7868852459016393,0.6745348219032429,0.8579234972677595
datafly,49,0.5919723551302498,0.8565573770491803,0.6675096832991569,0.8565573770491803,0.6755297334244703,0.8551912568306009,0.6716260347839296,0.8551912568306009
datafly_shuffled,49,0.5919723551302498,0.8565573770491803,0.6697273486747171,0.8565573770491803,0.6755297334244703,0.8551912568306009,0.6716260347839296,0.8551912568306009
mondrian,49,0.5848940533151059,0.8579234972677595,0.6879395458342827,0.8565573770491803,0.5439052175894281,0.6871584699453552,0.6622313359155464,0.8579234972677595
datafly,50,0.5790309106098579,0.8565573770491803,0.6676311992101465,0.8579234972677595,0.6756284651021494,0.8551912568306009,0.6783245993772309,0.8551912568306009
datafly_shuffled,50,0.5790309106098579,0.8565573770491803,0.6676767676767676,0.8579234972677595,0.6756284651021494,0.8551912568306009,0.6783245993772309,0.8551912568306009
mondrian,50,0.5458570669096985,0.8483606557377049,0.6850839219260272,0.8565573770491803,0.6186375028480292,0.7336065573770492,0.6724842409052936,0.8565573770491803
datafly,51,0.5919723551302498,0.8565573770491803,0.6670236196551985,0.8565573770491803,0.6755297334244703,0.8551912568306009,0.6716260347839296,0.8551912568306009
datafly_shuffled,51,0.5919723551302498,0.8565573770491803,0.6674944938102833,0.8565573770491803,0.6755297334244703,0.8551912568306009,0.6716260347839296,0.8551912568306009
mondrian,51,0.5351180982759931,0.8538251366120219,0.6535733272575377,0.8565573770491803,0.5492367281840966,0.7226775956284153,0.6637806637806639,0.8579234972677595
datafly,52,0.5919723551302498,0.8565573770491803,0.6706690969848864,0.8565573770491803,0.6755297334244703,0.8551912568306009,0.6716260347839296,0.8551912568306009
datafly_shuffled,52,0.5919723551302498,0.8565573770491803,0.6696969696969697,0.8565573770491803,0.6755297334244703,0.8551912568306009,0.6716260347839296,0.8551912568306009
mondrian,52,0.5765018607123871,0.8551912568306009,0.6796764638869901,0.8565573770491803,0.5658236500341762,0.7336065573770492,0.6709956709956709,0.8565573770491803
datafly,53,0.6489557226399332,0.8565573770491803,0.6545758335232019,0.8565573770491803,0.6532847269689375,0.8579234972677595,0.6368041315409736,0.8579234972677595
datafly_shuffled,53,0.6489557226399332,0.8565573770491803,0.6540897698792435,0.8565573770491803,0.6532847269689375,0.8579234972677595,0.6368041315409736,0.8579234972677595
mondrian,53,0.5231791600212653,0.842896174863388,0.613943950786056,0.8565573770491803,0.5842181210602263,0.7909836065573771,0.6352092352092353,0.8579234972677595
datafly,54,0.6489557226399332,0.8565573770491803,0.6548796233006761,0.8565573770491803,0.6532847269689375,0.8579234972677595,0.6368041315409736,0.8579234972677595
datafly_shuffled,54,0.6489557226399332,0.8565573770491803,0.6544998860788334,0.8565573770491803,0.6532847269689375,0.8579234972677595,0.6368041315409736,0.8579234972677595
mondrian,54,0.569681780208096,0.8510928961748634,0.6358699779752413,0.8565573770491803,0.5563605984658616,0.7062841530054644,0.6630971367813472,0.8456284153005464
datafly,55,0.5919723551302498,0.8565573770491803,0.6676160097212729,0.8565573770491803,0.6755297334244703,0.8551912568306009,0.6716260347839296,0.8551912568306009
datafly_shuffled,55,0.5919723551302498,0.8565573770491803,0.6697121591858434,0.8565573770491803,0.6755297334244703,0.8551912568306009,0.6716260347839296,0.8551912568306009
mondrian,55,0.5280853649274702,0.8592896174863388,0.6820384294068504,0.8565573770491803,0.5678286625655047,0.7254098360655737,0.6605453026505658,0.8551912568306009
datafly,56,0.6489557226399332,0.8565573770491803,0.6543024227234753,0.8565573770491803,0.6532847269689375,0.8579234972677595,0.6368041315409736,0.8579234972677595
datafly_shuffled,56,0.6489557226399332,0.8565573770491803,0.6545758335232019,0.8565573770491803,0.6532847269689375,0.8579234972677595,0.6368041315409736,0.8579234972677595
mondrian,56,0.5290498974709502,0.8510928961748634,0.6429103060682008,0.8565573770491803,0.5734335839598997,0.7418032786885246,0.6260499734183945,0.8592896174863388
datafly,57,0.5919723551302498,0.8565573770491803,0.6714437609174451,0.8565573770491803,0.6755297334244703,0.8551912568306009,0.6716260347839296,0.8551912568306009
datafly_shuffled,57,0.5919723551302498,0.8565573770491803,0.6666286929444822,0.8579234972677595,0.6755297334244703,0.8551912568306009,0.6716260347839296,0.8551912568306009
mondrian,57,0.6112478165109745,0.8538251366120219,0.6540745803903698,0.8565573770491803,0.538604085972507,0.7185792349726776,0.6610313662945242,0.8469945355191257
datafly,58,0.5919723551302498,0.8565573770491803,0.670183033340928,0.8565573770491803,0.6755297334244703,0.8551912568306009,0.6716260347839296,0.8551912568306009
datafly_shuffled,58,0.5919723551302498,0.8565573770491803,0.6680413154097365,0.8565573770491803,0.6755297334244703,0.8551912568306009,0.6716260347839296,0.8551912568306009
mondrian,58,0.4965519860256703,0.8551912568306009,0.6591478696741854,0.8565573770491803,0.5024531024531025,0.744535519125683,0.6548948127895496,0.8442622950819673
datafly,59,0.5919723551302498,0.8565573770491803,0.6681324523429787,0.8565573770491803,0.6755297334244703,0.8551912568306009,0.6716260347839296,0.8551912568306009
datafly_shuffled,59,0.5919723551302498,0.8565573770491803,0.669529885319359,0.8565573770491803,0.6755297334244703,0.8551912568306009,0.6716260347839296,0.8551912568306009
mondrian,59,0.6020809599756969,0.8510928961748634,0.6981165033796612,0.8565573770491803,0.6374572795625428,0.7349726775956285,0.6419077998025366,0.8565573770491803
datafly,60,0.6489557226399332,0.8565573770491803,0.6545910230120756,0.8565573770491803,0.6532847269689375,0.8579234972677595,0.6368041315409736,0.8579234972677595
datafly_shuffled,60,0.6489557226399332,0.8565573770491803,0.6525708209918736,0.8565573770491803,0.6532847269689375,0.8579234972677595,0.6368041315409736,0.8579234972677595
mondrian,60,0.5926027189185085,0.8524590163934426,0.6663628768891926,0.8565573770491803,0.6148705096073516,0.7213114754098361,0.6795777322093111,0.8565573770491803
datafly,61,0.5790309106098579,0.8565573770491803,0.6678286625655047,0.8579234972677595,0.6756284651021494,0.8551912568306009,0.6783245993772309,0.8551912568306009
datafly_shuffled,61,0.5790309106098579,0.8565573770491803,0.667707146654515,0.8579234972677595,0.6756284651021494,0.8551912568306009,0.6783245993772309,0.8551912568306009
mondrian,61,0.4812181970076707,0.8579234972677595,0.6581225791752108,0.8565573770491803,0.5625730994152047,0.7349726775956285,0.6538923065238855,0.8565573770491803
datafly,62,0.5919723551302498,0.8565573770491803,0.6675248727880306,0.8565573770491803,0.6755297334244703,0.8551912568306009,0.6716260347839296,0.8551912568306009
datafly_shuffled,62,0.5919723551302498,0.8565573770491803,0.6695906432748536,0.8565573770491803,0.6755297334244703,0.8551912568306009,0.6716260347839296,0.8551912568306009
mondrian,62,0.5993544467228678,0.8538251366120219,0.6489557226399332,0.8565573770491803,0.5689830637199058,0.7459016393442623,0.6842409052935369,0.8510928961748634
datafly,63,0.6489557226399332,0.8565573770491803,0.6545910230120756,0.8565573770491803,0.6532847269689375,0.8579234972677595,0.6368041315409736,0.8579234972677595
datafly_shuffled,63,0.6489557226399332,0.8565573770491803,0.6541809068124858,0.8565573770491803,0.6532847269689375,0.8579234972677595,0.6368041315409736,0.8579234972677595
mondrian,63,0.5895572263993316,0.8497267759562842,0.6975468975468976,0.8565573770491803,0.5779904306220096,0.7281420765027322,0.6819776714513557,0.8579234972677595
datafly,64,0.6489557226399332,0.8565573770491803,0.6544846965899597,0.8565573770491803,0.6532847269689375,0.8579234972677595,0.6368041315409736,0.8579234972677595
datafly_shuffled,64,0.6489557226399332,0.8565573770491803,0.6542720437457279,0.8565573770491803,0.6532847269689375,0.8579234972677595,0.6368041315409736,0.8579234972677595
mondrian,64,0.6131768815979342,0.8565573770491803,0.6757955494797601,0.8565573770491803,0.5341383762436394,0.7226775956284153,0.6730766309713678,0.8469945355191257
datafly,65,0.5790309106098579,0.8565573770491803,0.667707146654515,0.8579234972677595,0.6756284651021494,0.8551912568306009,0.6783245993772309,0.8551912568306009
datafly_shuffled,65,0.5790309106098579,0.8565573770491803,0.6676311992101465,0.8579234972677595,0.6756284651021494,0.8551912568306009,0.6783245993772309,0.8551912568306009
mondrian,65,0.5292473608263081,0.842896174863388,0.6897395002658161,0.8565573770491803,0.5584567479304321,0.7609289617486339,0.6702969545074808,0.8565573770491803
datafly,66,0.6489557226399332,0.8565573770491803,0.6543783701678438,0.8565573770491803,0.6532847269689375,0.8579234972677595,0.6368041315409736,0.8579234972677595
datafly_shuffled,66,0.6489557226399332,0.8565573770491803,0.6528442317916001,0.8565573770491803,0.6532847269689375,0.8579234972677595,0.6368041315409736,0.8579234972677595
mondrian,66,0.5277208171945014,0.8524590163934426,0.6937571200729096,0.8565573770491803,0.5959899749373434,0.7185792349726776,0.6546365914786968,0.8565573770491803
datafly,67,0.5919723551302498,0.8565573770491803,0.6681020733652311,0.8565573770491803,0.6755297334244703,0.8551912568306009,0.6716260347839296,0.8551912568306009
datafly_shuffled,67,0.5919723551302498,0.8565573770491803,0.6696362117414749,0.8565573770491803,0.6755297334244703,0.8551912568306009,0.6716260347839296,0.8551912568306009
mondrian,67,0.5905217589428116,0.8306010928961749,0.6570820991873623,0.8565573770491803,0.5364471785524417,0.7090163934426229,0.6734867471709577,0.8565573770491803
datafly,68,0.5790309106098579,0.8565573770491803,0.6677982835877573,0.8579234972677595,0.6756284651021494,0.8551912568306009,0.6783245993772309,0.8551912568306009
datafly_shuffled,68,0.5790309106098579,0.8565573770491803,0.667707146654515,0.8579234972677595,0.6756284651021494,0.8551912568306009,0.6783245993772309,0.8551912568306009
mondrian,68,0.5041315409736462,0.8565573770491803,0.6253512569302043,0.8565573770491803,0.560644034328245,0.7459016393442623,0.6813397129186604,0.8551912568306009
datafly,69,0.6489557226399332,0.8565573770491803,0.6546062125009493,0.8565573770491803,0.6532847269689375,0.8579234972677595,0.6368041315409736,0.8579234972677595
datafly_shuffled,69,0.6489557226399332,0.8565573770491803,0.6541049593681172,0.8565573770491803,0.6532847269689375,0.8579234972677595,0.6368041315409736,0.8579234972677595
mondrian,69,0.5703121439963545,0.8483606557377049,0.6598010176957545,0.8565573770491803,0.6353307511202247,0.7459016393442623,0.6786663628768892,0.8565573770491803
datafly,70,0.5919723551302498,0.8565573770491803,0.6680109364319889,0.8565573770491803,0.6755297334244703,0.8551912568306009,0.6716260347839296,0.8551912568306009
datafly_shuffled,70,0.5919723551302498,0.8565573770491803,0.6676615781878941,0.8565573770491803,0.6755297334244703,0.8551912568306009,0.6716260347839296,0.8551912568306009
mondrian,70,0.5933318143844459,0.8292349726775956,0.6848332953596112,0.8565573770491803,0.5204982152350573,0.7226775956284153,0.6624287992709045,0.8551912568306009
datafly,71,0.6489557226399332,0.8565573770491803,0.6545758335232019,0.8565573770491803,0.6532847269689375,0.8579234972677595,0.6368041315409736,0.8579234972677595
datafly_shuffled,71,0.6489557226399332,0.8565573770491803,0.6543176122123491,0.8565573770491803,0.6532847269689375,0.8579234972677595,0.6368041315409736,0.8579234972677595
mondrian,71,0.5355661881977671,0.8538251366120219,0.6246829194197616,0.8565573770491803,0.6024758866864129,0.7855191256830601,0.6505809979494189,0.8565573770491803
datafly,72,0.6489557226399332,0.8565573770491803,0.6550467076782865,0.8565573770491803,0.6532847269689375,0.8579234972677595,0.6368041315409736,0.8579234972677595
datafly_shuffled,72,0.6489557226399332,0.8565573770491803,0.6538011695906433,0.8565573770491803,0.6532847269689375,0.8579234972677595,0.6368041315409736,0.8579234972677595
mondrian,72,0.5639401534138376,0.8469945355191257,0.6631123262702211,0.8565573770491803,0.5672362724994304,0.7295081967213115,0.6541657173236121,0.8551912568306009
datafly,73,0.6489557226399332,0.8565573770491803,0.6544239386344649,0.8565573770491803,0.6532847269689375,0.8579234972677595,0.6368041315409736,0.8579234972677595
datafly_shuffled,73,0.6489557226399332,0.8565573770491803,0.6543024227234753,0.8565573770491803,0.6532847269689375,0.8579234972677595,0.6368041315409736,0.8579234972677595
mondrian,73,0.5302802460697198,0.8538251366120219,0.6485683906736539,0.8565573770491803,0.6239842029315714,0.7568306010928961,0.6353763195868458,0.8551912568306009
datafly,74,0.5919723551302498,0.8565573770491803,0.6697881066302119,0.8565573770491803,0.6755297334244703,0.8551912568306009,0.6716260347839296,0.8551912568306009
datafly_shuffled,74,0.5919723551302498,0.8565573770491803,0.6680413154097364,0.8565573770491803,0.6755297334244703,0.8551912568306009,0.6716260347839296,0.8551912568306009
mondrian,74,0.5706918812181969,0.8565573770491803,0.6337510442773602,0.8565573770491803,0.5120376699324067,0.7349726775956285,0.6647831700463279,0.8551912568306009
datafly,75,0.6489557226399332,0.8565573770491803,0.6545150755677072,0.8565573770491803,0.6532847269689375,0.8579234972677595,0.6368041315409736,0.8579234972677595
datafly_shuffled,75,0.6489557226399332,0.8565573770491803,0.6545454545454545,0.8565573770491803,0.6532847269689375,0.8579234972677595,0.6368041315409736,0.8579234972677595
mondrian,75,0.6116123642439432,0.8497267759562842,0.6540214171793121,0.8565573770491803,0.6029771398192452,0.7773224043715847,0.6574162679425838,0.8551912568306009
datafly,76,0.6489557226399332,0.8565573770491803,0.6544846965899597,0.8565573770491803,0.6532847269689375,0.8579234972677595,0.6368041315409736,0.8579234972677595
datafly_shuffled,76,0.6489557226399332,0.8565573770491803,0.6545758335232019,0.8565573770491803,0.6532847269689375,0.8579234972677595,0.6368041315409736,0.8579234972677595
mondrian,76,0.5968102073365232,0.8510928961748634,0.6129414445203919,0.8565573770491803,0.5693931799194957,0.7281420765027322,0.6781954887218046,0.860655737704918
datafly,77,0.5919723551302498,0.8565573770491803,0.6676160097212729,0.8565573770491803,0.6755297334244703,0.8551912568306009,0.6716260347839296,0.8551912568306009
datafly_shuffled,77,0.5919723551302498,0.8565573770491803,0.6689071162755372,0.8565573770491803,0.6755297334244703,0.8551912568306009,0.6716260347839296,0.8551912568306009
mondrian,77,0.5760917445127972,0.8538251366120219,0.6703121439963545,0.8565573770491803,0.6260347839295207,0.73224043715847,0.650884787726893,0.8565573770491803
datafly,78,0.6489557226399332,0.8565573770491803,0.6543024227234753,0.8565573770491803,0.6532847269689375,0.8579234972677595,0.6368041315409736,0.8579234972677595
datafly_shuffled,78,0.6489557226399332,0.8565573770491803,0.6543024227234753,0.8565573770491803,0.6532847269689375,0.8579234972677595,0.6368041315409736,0.8579234972677595
mondrian,78,0.5824865193286246,0.8497267759562842,0.6836788942052098,0.8565573770491803,0.600805042910306,0.7158469945355191,0.6721652616389457,0.8565573770491803
datafly,79,0.5919723551302498,0.8565573770491803,0.6675400622769043,0.8579234972677595,0.6755297334244703,0.8551912568306009,0.6716260347839296,0.8551912568306009
datafly_shuffled,79,0.5919723551302498,0.8565573770491803,0.6684210526315789,0.8565573770491803,0.6755297334244703,0.8551912568306009,0.6716260347839296,0.8551912568306009
mondrian,79,0.5457583352320194,0.8538251366120219,0.6420445052024,0.8565573770491803,0.4852889800258222,0.6939890710382514,0.6434115592010329,0.8620218579234973
datafly,80,0.5790309106098579,0.8565573770491803,0.6676008202323991,0.8579234972677595,0.6756284651021494,0.8551912568306009,0.6783245993772309,0.8551912568306009
datafly_shuffled,80,0.5790309106098579,0.8565573770491803,0.6677223361433888,0.8579234972677595,0.6756284651021494,0.8551912568306009,0.6783245993772309,0.8551912568306009
mondrian,80,0.5931267562846511,0.8538251366120219,0.651644262170578,0.8565573770491803,0.5580618212197159,0.75,0.6793802688539531,0.8579234972677595
datafly,81,0.5919723551302498,0.8565573770491803,0.6714285714285715,0.8565573770491803,0.6755297334244703,0.8551912568306009,0.6716260347839296,0.8551912568306009
datafly_shuffled,81,0.5919723551302498,0.8565573770491803,0.6674793043214095,0.8565573770491803,0.6755297334244703,0.8551912568306009,0.6716260347839296,0.8551912568306009
mondrian,81,0.5284575074048758,0.8497267759562842,0.64840890104048,0.8565573770491803,0.5861471861471862,0.7431693989071039,0.6742310321257691,0.8565573770491803
datafly,82,0.6489557226399332,0.8565573770491803,0.6541809068124858,0.8565573770491803,0.6532847269689375,0.8579234972677595,0.6368041315409736,0.8579234972677595
datafly_shuffled,82,0.6489557226399332,0.8565573770491803,0.6545758335232019,0.8565573770491803,0.6532847269689375,0.8579234972677595,0.6368041315409736,0.8579234972677595
mondrian,82,0.6068276752487279,0.8524590163934426,0.680041011619959,0.8565573770491803,0.565033796612744,0.7595628415300546,0.6795017847649427,0.8579234972677595
datafly,83,0.5919723551302498,0.8565573770491803,0.6696362117414749,0.8565573770491803,0.6755297334244703,0.8551912568306009,0.6716260347839296,0.8551912568306009
datafly_shuffled,83,0.5919723551302498,0.8565573770491803,0.6666438824333559,0.8565573770491803,0.6755297334244703,0.8551912568306009,0.6716260347839296,0.8551912568306009
mondrian,83,0.5647983595352016,0.8551912568306009,0.6262474367737525,0.8565573770491803,0.5711095921622238,0.6871584699453552,0.6208855472013366,0.8565573770491803
datafly,84,0.5919723551302498,0.8565573770491803,0.6681476418318524,0.8565573770491803,0.6755297334244703,0.8551912568306009,0.6716260347839296,0.8551912568306009
datafly_shuffled,84,0.5919723551302498,0.8565573770491803,0.6675248727880305,0.8579234972677595,0.6755297334244703,0.8551912568306009,0.6716260347839296,0.8551912568306009
mondrian,84,0.570745044429255,0.8551912568306009,0.6678438520543785,0.8565573770491803,0.6327637275005696,0.7103825136612022,0.6811726285410497,0.8565573770491803
datafly,85,0.5919723551302498,0.8565573770491803,0.668117262854105,0.8565573770491803,0.6755297334244703,0.8551912568306009,0.6716260347839296,0.8551912568306009
datafly_shuffled,85,0.5919723551302498,0.8565573770491803,0.6675856307435254,0.8565573770491803,0.6755297334244703,0.8551912568306009,0.6716260347839296,0.8551912568306009
mondrian,85,0.5562922457659301,0.8538251366120219,0.6430622009569378,0.8565573770491803,0.5624819624819626,0.7527322404371585,0.6752031594136857,0.8579234972677595
datafly,86,0.6489557226399332,0.8565573770491803,0.6537859801017696,0.8565573770491803,0.6532847269689375,0.8579234972677595,0.6368041315409736,0.8579234972677595
datafly_shuffled,86,0.6489557226399332,0.8565573770491803,0.6547429179008126,0.8565573770491803,0.6532847269689375,0.8579234972677595,0.6368041315409736,0.8579234972677595
mondrian,86,0.6003189792663477,0.8551912568306009,0.677618288144604,0.8565573770491803,0.5717171717171717,0.7076502732240437,0.6440647072226021,0.8565573770491803
datafly,87,0.5790309106098579,0.8565573770491803,0.6676008202323991,0.8579234972677595,0.6756284651021494,0.8551912568306009,0.6783245993772309,0.8551912568306009
datafly_shuffled,87,0.5790309106098579,0.8565573770491803,0.667707146654515,0.8579234972677595,0.6756284651021494,0.8551912568306009,0.6783245993772309,0.8551912568306009
mondrian,87,0.5762968026125921,0.8524590163934426,0.6814156603630288,0.8565573770491803,0.5055213792055897,0.8073770491803278,0.6519176729703046,0.8565573770491803
datafly,88,0.5919723551302498,0.8565573770491803,0.6681628313207261,0.8565573770491803,0.6755297334244703,0.8551912568306009,0.6716260347839296,0.8551912568306009
datafly_shuffled,88,0.5919723551302498,0.8565573770491803,0.6675248727880306,0.8565573770491803,0.6755297334244703,0.8551912568306009,0.6716260347839296,0.8551912568306009
mondrian,88,0.6043973570289359,0.8497267759562842,0.6777398040555935,0.8565573770491803,0.5196779828358776,0.75,0.6624287992709046,0.8565573770491803
datafly,89,0.5919723551302498,0.8565573770491803,0.668117262854105,0.8565573770491803,0.6755297334244703,0.8551912568306009,0.6716260347839296,0.8551912568306009
datafly_shuffled,89,0.5919723551302498,0.8565573770491803,0.6680109364319889,0.8565573770491803,0.6755297334244703,0.8551912568306009,0.6716260347839296,0.8551912568306009
mondrian,89,0.575590491379965,0.8551912568306009,0.6355661881977671,0.8565573770491803,0.5666590719222298,0.7568306010928961,0.6672286777549935,0.8565573770491803
datafly,90,0.5919723551302498,0.8565573770491803,0.6693628009417484,0.8565573770491803,0.6755297334244703,0.8551912568306009,0.6716260347839296,0.8551912568306009
datafly_shuffled,90,0.5919723551302498,0.8565573770491803,0.6701222753854332,0.8565573770491803,0.6755297334244703,0.8551912568306009,0.6716260347839296,0.8551912568306009
mondrian,90,0.5740107845371003,0.8524590163934426,0.6771170350117719,0.8565573770491803,0.5672818409660515,0.6789617486338798,0.6911521227310701,0.8524590163934426
datafly,91,0.5919723551302498,0.8565573770491803,0.6679957469431154,0.8565573770491803,0.6755297334244703,0.8551912568306009,0.6716260347839296,0.8551912568306009
datafly_shuffled,91,0.5919723551302498,0.8565573770491803,0.6696817802080961,0.8565573770491803,0.6755297334244703,0.8551912568306009,0.6716260347839296,0.8551912568306009
mondrian,91,0.5535353535353535,0.8565573770491803,0.5996278575225944,0.8565573770491803,0.510154173312068,0.7117486338797814,0.6736538315485685,0.8565573770491803
datafly,92,0.6489557226399332,0.8565573770491803,0.654621401989823,0.8565573770491803,0.6532847269689375,0.8579234972677595,0.6368041315409736,0.8579234972677595
datafly_shuffled,92,0.6489557226399332,0.8565573770491803,0.6543024227234753,0.8565573770491803,0.6532847269689375,0.8579234972677595,0.6368041315409736,0.8579234972677595
mondrian,92,0.5524948735475051,0.8442622950819673,0.6679197994987469,0.8565573770491803,0.5370091896407685,0.7281420765027322,0.6673957621326041,0.8538251366120219
datafly,93,0.6489557226399332,0.8565573770491803,0.6538011695906433,0.8565573770491803,0.6532847269689375,0.8579234972677595,0.6368041315409736,0.8579234972677595
datafly_shuffled,93,0.6489557226399332,0.8565573770491803,0.6538315485683907,0.8565573770491803,0.6532847269689375,0.8579234972677595,0.6368041315409736,0.8579234972677595
mondrian,93,0.5397584871269082,0.8524590163934426,0.6363484468747627,0.8565573770491803,0.6280246069719755,0.7363387978142076,0.6703577124629756,0.8579234972677595
datafly,94,0.6489557226399332,0.8565573770491803,0.6545910230120756,0.8565573770491803,0.6532847269689375,0.8579234972677595,0.6368041315409736,0.8579234972677595
datafly_shuffled,94,0.6489557226399332,0.8565573770491803,0.6543176122123491,0.8565573770491803,0.6532847269689375,0.8579234972677595,0.6368041315409736,0.8579234972677595
mondrian,94,0.594645705172021,0.8497267759562842,0.6398572188045872,0.8565573770491803,0.5279106858054227,0.7459016393442623,0.6762360446570974,0.8551912568306009
datafly,95,0.5790309106098579,0.8565573770491803,0.6676311992101465,0.8579234972677595,0.6756284651021494,0.8551912568306009,0.6783245993772309,0.8551912568306009
datafly_shuffled,95,0.5790309106098579,0.8565573770491803,0.6676311992101465,0.8579234972677595,0.6756284651021494,0.8551912568306009,0.6783245993772309,0.8551912568306009
mondrian,95,0.5654287233234602,0.8565573770491803,0.6397205134047237,0.8565573770491803,0.6040404040404039,0.8155737704918032,0.6581301739196477,0.8565573770491803
datafly,96,0.6489557226399332,0.8565573770491803,0.6544087491455912,0.8565573770491803,0.6532847269689375,0.8579234972677595,0.6368041315409736,0.8579234972677595
datafly_shuffled,96,0.6489557226399332,0.8565573770491803,0.6543176122123491,0.8565573770491803,0.6532847269689375,0.8579234972677595,0.6368041315409736,0.8579234972677595
mondrian,96,0.509652920179236,0.8510928961748634,0.6725753778385357,0.8565573770491803,0.5792511581985267,0.7295081967213115,0.6650262018683072,0.8579234972677595
datafly,97,0.5919723551302498,0.8565573770491803,0.668117262854105,0.8565573770491803,0.6755297334244703,0.8551912568306009,0.6716260347839296,0.8551912568306009
datafly_shuffled,97,0.5919723551302498,0.8565573770491803,0.6676160097212729,0.8565573770491803,0.6755297334244703,0.8551912568306009,0.6716260347839296,0.8551912568306009
mondrian,97,0.5834054834054834,0.8510928961748634,0.6691045796308953,0.8565573770491803,0.5120832383990279,0.6994535519125683,0.6348446874762665,0.860655737704918
datafly,98,0.6489557226399332,0.8565573770491803,0.6544087491455912,0.8565573770491803,0.6532847269689375,0.8579234972677595,0.6368041315409736,0.8579234972677595
datafly_shuffled,98,0.6489557226399332,0.8565573770491803,0.6543176122123491,0.8565573770491803,0.6532847269689375,0.8579234972677595,0.6368041315409736,0.8579234972677595
mondrian,98,0.6120148856990962,0.8456284153005464,0.6680565048986102,0.8565573770491803,0.5741474899369635,0.7486338797814208,0.6383838383838384,0.8538251366120219
datafly,99,0.6489557226399332,0.8565573770491803,0.6525860104807473,0.8565573770491803,0.6532847269689375,0.8579234972677595,0.6368041315409736,0.8579234972677595
datafly_shuffled,99,0.6489557226399332,0.8565573770491803,0.6544239386344649,0.8565573770491803,0.6532847269689375,0.8579234972677595,0.6368041315409736,0.8579234972677595
mondrian,99,0.581400470874155,0.8510928961748634,0.6887977519556466,0.8565573770491803,0.5603706235285183,0.7704918032786885,0.6894357104883421,0.8565573770491803
datafly,100,0.5919723551302498,0.8565573770491803,0.6675248727880305,0.8565573770491803,0.6755297334244703,0.8551912568306009,0.6716260347839296,0.8551912568306009
datafly_shuffled,100,0.5919723551302498,0.8565573770491803,0.6681476418318524,0.8565573770491803,0.6755297334244703,0.8551912568306009,0.6716260347839296,0.8551912568306009
mondrian,100,0.5461076934761145,0.8524590163934426,0.6676236044657098,0.8565573770491803,0.4834662413609782,0.7663934426229508,0.6414673046251993,0.8579234972677595
datafly,101,0.6489557226399332,0.8565573770491803,0.6542112857902331,0.8565573770491803,0.6532847269689375,0.8579234972677595,0.6368041315409736,0.8579234972677595
datafly_shuffled,101,0.6489557226399332,0.8565573770491803,0.6546821599453178,0.8565573770491803,0.6532847269689375,0.8579234972677595,0.6368041315409736,0.8579234972677595
mondrian,101,0.5633781423255108,0.8510928961748634,0.648606364395838,0.8565573770491803,0.4976836029467608,0.73224043715847,0.6266727424622162,0.8565573770491803
datafly,102,0.6489557226399332,0.8565573770491803,0.654621401989823,0.8565573770491803,0.6532847269689375,0.8579234972677595,0.6368041315409736,0.8579234972677595
datafly_shuffled,102,0.6489557226399332,0.8565573770491803,0.6543783701678438,0.8565573770491803,0.6532847269689375,0.8579234972677595,0.6368041315409736,0.8579234972677595
mondrian,102,0.5531480215690742,0.8469945355191257,0.6761449077238549,0.8565573770491803,0.5380876433508012,0.73224043715847,0.6305916305916306,0.8565573770491803
datafly,103,0.6489557226399332,0.8565573770491803,0.6546062125009493,0.8565573770491803,0.6532847269689375,0.8579234972677595,0.6368041315409736,0.8579234972677595
datafly_shuffled,103,0.6489557226399332,0.8565573770491803,0.653968253968254,0.8565573770491803,0.6532847269689375,0.8579234972677595,0.6368041315409736,0.8579234972677595
mondrian,103,0.6057264373053847,0.8401639344262295,0.5892458418774209,0.8565573770491803,0.52157666894509,0.7144808743169399,0.6735778841041998,0.8469945355191257
datafly,104,0.5919723551302498,0.8565573770491803,0.6684514316093264,0.8565573770491803,0.6755297334244703,0.8551912568306009,0.6716260347839296,0.8551912568306009
datafly_shuffled,104,0.5919723551302498,0.8565573770491803,0.6693931799194957,0.8565573770491803,0.6755297334244703,0.8551912568306009,0.6716260347839296,0.8551912568306009
mondrian,104,0.5761600972127288,0.8469945355191257,0.6983519404572036,0.8565573770491803,0.5300372142477405,0.6967213114754098,0.6629452418926103,0.8592896174863388
datafly,105,0.5790309106098579,0.8565573770491803,0.6678286625655047,0.8579234972677595,0.6756284651021494,0.8551912568306009,0.6783245993772309,0.8551912568306009
datafly_shuffled,105,0.5790309106098579,0.8565573770491803,0.6641072377914483,0.8579234972677595,0.6756284651021494,0.8551912568306009,0.6783245993772309,0.8551912568306009
mondrian,105,0.5258904837852205,0.8497267759562842,0.6497000075947443,0.8565573770491803,0.5347307663097137,0.7704918032786885,0.6445203918888129,0.8579234972677595
datafly,106,0.6489557226399332,0.8565573770491803,0.6544391281233386,0.8565573770491803,0.6532847269689375,0.8579234972677595,0.6368041315409736,0.8579234972677595
datafly_shuffled,106,0.6489557226399332,0.8565573770491803,0.6525252525252525,0.8565573770491803,0.6532847269689375,0.8579234972677595,0.6368041315409736,0.8579234972677595
mondrian,106,0.5669476722108301,0.8551912568306009,0.6631047315257841,0.8565573770491803,0.5440723019670388,0.7240437158469946,0.6457659299764563,0.8551912568306009
datafly,107,0.6489557226399332,0.8565573770491803,0.6543176122123491,0.8565573770491803,0.6532847269689375,0.8579234972677595,0.6368041315409736,0.8579234972677595
datafly_shuffled,107,0.6489557226399332,0.8565573770491803,0.6538315485683907,0.8565573770491803,0.6532847269689375,0.8579234972677595,0.6368041315409736,0.8579234972677595
mondrian,107,0.6096757044125465,0.8497267759562842,0.6620110883268777,0.8565573770491803,0.612637654742918,0.7349726775956285,0.6684894053315107,0.8579234972677595
datafly,108,0.6489557226399332,0.8565573770491803,0.6541809068124858,0.8565573770491803,0.6532847269689375,0.8579234972677595,0.6368041315409736,0.8579234972677595
datafly_shuffled,108,0.6489557226399332,0.8565573770491803,0.6544391281233386,0.8565573770491803,0.6532847269689375,0.8579234972677595,0.6368041315409736,0.8579234972677595
mondrian,108,0.5567175514543935,0.8538251366120219,0.6488797751955646,0.8565573770491803,0.6019898230424546,0.7718579234972678,0.6638869902027797,0.8579234972677595
datafly,109,0.5919723551302498,0.8565573770491803,0.6689374952532847,0.8565573770491803,0.6755297334244703,0.8551912568306009,0.6716260347839296,0.8551912568306009
datafly_shuffled,109,0.5919723551302498,0.8565573770491803,0.6695754537859799,0.8565573770491803,0.6755297334244703,0.8551912568306009,0.6716260347839296,0.8551912568306009
mondrian,109,0.5868686868686868,0.8497267759562842,0.7015113541429332,0.8565573770491803,0.6056656793498899,0.7062841530054644,0.6719981772613352,0.8579234972677595
datafly,110,0.5919723551302498,0.8565573770491803,0.6710488342067289,0.8565573770491803,0.6755297334244703,0.8551912568306009,0.6716260347839296,0.8551912568306009
datafly_shuffled,110,0.5919723551302498,0.8565573770491803,0.6724310776942356,0.8565573770491803,0.6755297334244703,0.8551912568306009,0.6716260347839296,0.8551912568306009
mondrian,110,0.5730158730158729,0.8524590163934426,0.6853801169590643,0.8565573770491803,0.5066909698488646,0.6980874316939891,0.6833751044277361,0.8565573770491803
datafly,111,0.5919723551302498,0.8565573770491803,0.668117262854105,0.8565573770491803,0.6755297334244703,0.8551912568306009,0.6716260347839296,0.8551912568306009
datafly_shuffled,111,0.5919723551302498,0.8565573770491803,0.6701526543631806,0.8565573770491803,0.6755297334244703,0.8551912568306009,0.6716260347839296,0.8551912568306009
mondrian,111,0.6337738285106707,0.8551912568306009,0.6886306675780359,0.8565573770491803,0.6065618591934381,0.7390710382513661,0.6733804207488419,0.8565573770491803
datafly,112,0.6489557226399332,0.8565573770491803,0.6546062125009493,0.8565573770491803,0.6532847269689375,0.8579234972677595,0.6368041315409736,0.8579234972677595
datafly_shuffled,112,0.6489557226399332,0.8565573770491803,0.6543176122123491,0.8565573770491803,0.6532847269689375,0.8579234972677595,0.6368041315409736,0.8579234972677595
mondrian,112,0.5794258373205742,0.8401639344262295,0.6550846814004708,0.8565573770491803,0.5260879471405787,0.7131147540983607,0.6280549859497228,0.8565573770491803
datafly,113,0.5919723551302498,0.8565573770491803,0.6693020429862534,0.8565573770491803,0.6755297334244703,0.8551912568306009,0.6716260347839296,0.8551912568306009
datafly_shuffled,113,0.5919723551302498,0.8565573770491803,0.6689223057644111,0.8565573770491803,0.6755297334244703,0.8551912568306009,0.6716260347839296,0.8551912568306009
mondrian,113,0.5475431001746791,0.8483606557377049,0.6777777777777778,0.8565573770491803,0.5845826687931952,0.6734972677595629,0.6622009569377989,0.8579234972677595
datafly,114,0.5919723551302498,0.8565573770491803,0.6665223665223664,0.8565573770491803,0.6755297334244703,0.8551912568306009,0.6716260347839296,0.8551912568306009
datafly_shuffled,114,0.5919723551302498,0.8565573770491803,0.6680716943874837,0.8565573770491803,0.6755297334244703,0.8551912568306009,0.6716260347839296,0.8551912568306009
mondrian,114,0.5559808612440191,0.8538251366120219,0.6253512569302043,0.8565573770491803,0.6291790081263766,0.755464480874317,0.6482266271739956,0.8469945355191257
datafly,115,0.6489557226399332,0.8565573770491803,0.6547884863674337,0.8565573770491803,0.6532847269689375,0.8579234972677595,0.6368041315409736,0.8579234972677595
datafly_shuffled,115,0.6489557226399332,0.8565573770491803,0.6543176122123491,0.8565573770491803,0.6532847269689375,0.8579234972677595,0.6368041315409736,0.8579234972677595
mondrian,115,0.5591098959520012,0.8524590163934426,0.6759322548796233,0.8565573770491803,0.6273410799726589,0.7650273224043715,0.6531632110579481,0.8565573770491803
datafly,116,0.6489557226399332,0.8565573770491803,0.6545454545454545,0.8565573770491803,0.6532847269689375,0.8579234972677595,0.6368041315409736,0.8579234972677595
datafly_shuffled,116,0.6489557226399332,0.8565573770491803,0.6548492443229285,0.8565573770491803,0.6532847269689375,0.8579234972677595,0.6368041315409736,0.8579234972677595
mondrian,116,0.503941672362725,0.8524590163934426,0.6515455304928989,0.8565573770491803,0.566097060833903,0.7609289617486339,0.6508088402825244,0.8538251366120219
datafly,117,0.5919723551302498,0.8565573770491803,0.6722336143388774,0.8565573770491803,0.6755297334244703,0.8551912568306009,0.6716260347839296,0.8551912568306009
datafly_shuffled,117,0.5919723551302498,0.8565573770491803,0.6666135034556087,0.8565573770491803,0.6755297334244703,0.8551912568306009,0.6716260347839296,0.8551912568306009
mondrian,117,0.4996202627781575,0.8565573770491803,0.6774663932558669,0.8565573770491803,0.4876889192678667,0.680327868852459,0.6556390977443609,0.8456284153005464
datafly,118,0.6489557226399332,0.8565573770491803,0.652904989747095,0.8565573770491803,0.6532847269689375,0.8579234972677595,0.6368041315409736,0.8579234972677595
datafly_shuffled,118,0.6489557226399332,0.8565573770491803,0.6546973494341914,0.8565573770491803,0.6532847269689375,0.8579234972677595,0.6368041315409736,0.8579234972677595
mondrian,118,0.5679349889876205,0.8551912568306009,0.6774815827447406,0.8565573770491803,0.5811346548188653,0.744535519125683,0.6478620794410267,0.8647540983606558
datafly,119,0.6489557226399332,0.8565573770491803,0.6538315485683907,0.8565573770491803,0.6532847269689375,0.8579234972677595,0.6368041315409736,0.8579234972677595
datafly_shuffled,119,0.6489557226399332,0.8565573770491803,0.6544846965899597,0.8565573770491803,0.6532847269689375,0.8579234972677595,0.6368041315409736,0.8579234972677595
mondrian,119,0.5801245538087644,0.8524590163934426,0.6828586618060303,0.8565573770491803,0.5707602339181287,0.7158469945355191,0.6656489709121288,0.8579234972677595
datafly,120,0.5919723551302498,0.8565573770491803,0.6682387787650945,0.8565573770491803,0.6755297334244703,0.8551912568306009,0.6716260347839296,0.8551912568306009
datafly_shuffled,120,0.5919723551302498,0.8565573770491803,0.6696058327637274,0.8565573770491803,0.6755297334244703,0.8551912568306009,0.6716260347839296,0.8551912568306009
mondrian,120,0.6247284878863827,0.8538251366120219,0.670691881218197,0.8565573770491803,0.6114376851218957,0.7704918032786885,0.6828890407837777,0.8551912568306009
datafly,121,0.5919723551302498,0.8565573770491803,0.6675704412546517,0.8565573770491803,0.6755297334244703,0.8551912568306009,0.6716260347839296,0.8551912568306009
datafly_shuffled,121,0.5919723551302498,0.8565573770491803,0.6681476418318523,0.8565573770491803,0.6755297334244703,0.8551912568306009,0.6716260347839296,0.8551912568306009
mondrian,121,0.5511278195488722,0.8538251366120219,0.6780359990886308,0.8565573770491803,0.5018455228981544,0.7636612021857924,0.6423482949798739,0.8551912568306009
datafly,122,0.6489557226399332,0.8565573770491803,0.6545150755677072,0.8565573770491803,0.6532847269689375,0.8579234972677595,0.6368041315409736,0.8579234972677595
datafly_shuffled,122,0.6489557226399332,0.8565573770491803,0.6546062125009493,0.8565573770491803,0.6532847269689375,0.8579234972677595,0.6368041315409736,0.8579234972677595
mondrian,122,0.5600060757955495,0.8483606557377049,0.6252373357636515,0.8565573770491803,0.5725981620718462,0.7718579234972678,0.6561859193438141,0.8565573770491803
datafly,123,0.6489557226399332,0.8565573770491803,0.6543631806789701,0.8565573770491803,0.6532847269689375,0.8579234972677595,0.6368041315409736,0.8579234972677595
datafly_shuffled,123,0.6489557226399332,0.8565573770491803,0.654013822434875,0.8565573770491803,0.6532847269689375,0.8579234972677595,0.6368041315409736,0.8579234972677595
mondrian,123,0.5876813245234297,0.8456284153005464,0.659732664995823,0.8565573770491803,0.5659603554340397,0.7513661202185792,0.6718007139059771,0.8565573770491803
datafly,124,0.5919723551302498,0.8565573770491803,0.6680413154097364,0.8565573770491803,0.6755297334244703,0.8551912568306009,0.6716260347839296,0.8551912568306009
datafly_shuffled,124,0.5919723551302498,0.8565573770491803,0.6680413154097365,0.8565573770491803,0.6755297334244703,0.8551912568306009,0.6716260347839296,0.8551912568306009
mondrian,124,0.5475810738968634,0.819672131147541,0.662603478392952,0.8565573770491803,0.5885015569226095,0.75,0.6741702741702742,0.8579234972677595
datafly,125,0.5919723551302498,0.8565573770491803,0.6683147262094631,0.8565573770491803,0.6755297334244703,0.8551912568306009,0.6716260347839296,0.8551912568306009
datafly_shuffled,125,0.5919723551302498,0.8565573770491803,0.6696362117414749,0.8565573770491803,0.6755297334244703,0.8551912568306009,0.6716260347839296,0.8551912568306009
mondrian,125,0.5517885623148779,0.8510928961748634,0.6619275461380725,0.8565573770491803,0.5588668641300221,0.7404371584699454,0.6575985418090681,0.8538251366120219
datafly,126,0.5790309106098579,0.8565573770491803,0.6676008202323991,0.8579234972677595,0.6756284651021494,0.8551912568306009,0.6783245993772309,0.8551912568306009
datafly_shuffled,126,0.5790309106098579,0.8565573770491803,0.667707146654515,0.8579234972677595,0.6756284651021494,0.8551912568306009,0.6783245993772309,0.8551912568306009
mondrian,126,0.5086883876357561,0.8060109289617486,0.6597706387180071,0.8565573770491803,0.5185083921926027,0.7923497267759563,0.675036075036075,0.8565573770491803
datafly,127,0.6489557226399332,0.8565573770491803,0.6545758335232019,0.8565573770491803,0.6532847269689375,0.8579234972677595,0.6368041315409736,0.8579234972677595
datafly_shuffled,127,0.6489557226399332,0.8565573770491803,0.6525404420141262,0.8565573770491803,0.6532847269689375,0.8579234972677595,0.6368041315409736,0.8579234972677595
mondrian,127,0.5916837548416495,0.8497267759562842,0.6671375408217513,0.8565573770491803,0.562406015037594,0.744535519125683,0.6764638869902028,0.8579234972677595
datafly,128,0.5790309106098579,0.8565573770491803,0.667707146654515,0.8579234972677595,0.6756284651021494,0.8551912568306009,0.6783245993772309,0.8551912568306009
datafly_shuffled,128,0.5790309106098579,0.8565573770491803,0.667707146654515,0.8579234972677595,0.6756284651021494,0.8551912568306009,0.6783245993772309,0.8551912568306009
mondrian,128,0.6291182501708819,0.8483606557377049,0.6509151667046403,0.8565573770491803,0.5259056732740943,0.7527322404371585,0.6613351560719982,0.8565573770491803
datafly,129,0.5919723551302498,0.8565573770491803,0.6696210222526012,0.8565573770491803,0.6755297334244703,0.8551912568306009,0.6716260347839296,0.8551912568306009
datafly_shuffled,129,0.5919723551302498,0.8565573770491803,0.6680413154097364,0.8565573770491803,0.6755297334244703,0.8551912568306009,0.6716260347839296,0.8551912568306009
mondrian,129,0.5450672134882661,0.8456284153005464,0.6544467228677755,0.8565573770491803,0.5054606212500949,0.7226775956284153,0.6701754385964912,0.8592896174863388
datafly,130,0.5790309106098579,0.8565573770491803,0.6676008202323991,0.8565573770491803,0.6756284651021494,0.8551912568306009,0.6783245993772309,0.8551912568306009
datafly_shuffled,130,0.5790309106098579,0.8565573770491803,0.6676311992101465,0.8579234972677595,0.6756284651021494,0.8551912568306009,0.6783245993772309,0.8551912568306009
mondrian,130,0.5801929065086959,0.8524590163934426,0.6664995822890559,0.8565573770491803,0.4985494038125617,0.7308743169398907,0.6685197843092578,0.8565573770491803
datafly,131,0.5790309106098579,0.8565573770491803,0.6674641148325358,0.8579234972677595,0.6756284651021494,0.8551912568306009,0.6783245993772309,0.8551912568306009
datafly_shuffled,131,0.5790309106098579,0.8565573770491803,0.6676463886990203,0.8579234972677595,0.6756284651021494,0.8551912568306009,0.6783245993772309,0.8551912568306009
mondrian,131,0.5423558897243108,0.8524590163934426,0.6524189261031367,0.8565573770491803,0.549874686716792,0.7581967213114754,0.6816283132072606,0.8592896174863388
datafly,132,0.5919723551302498,0.8565573770491803,0.6716108452950559,0.8565573770491803,0.6755297334244703,0.8551912568306009,0.6716260347839296,0.8551912568306009
datafly_shuffled,132,0.5919723551302498,0.8565573770491803,0.6696210222526012,0.8565573770491803,0.6755297334244703,0.8551912568306009,0.6716260347839296,0.8551912568306009
mondrian,132,0.6055821371610846,0.8524590163934426,0.6851978430925799,0.8565573770491803,0.6177261335156072,0.7800546448087432,0.6844839371155159,0.8565573770491803
datafly,133,0.5790309106098579,0.8565573770491803,0.6676463886990203,0.8579234972677595,0.6756284651021494,0.8551912568306009,0.6783245993772309,0.8551912568306009
datafly_shuffled,133,0.5790309106098579,0.8565573770491803,0.6642439431913116,0.8579234972677595,0.6756284651021494,0.8551912568306009,0.6783245993772309,0.8551912568306009
mondrian,133,0.5886990202779676,0.8497267759562842,0.667456520088099,0.8565573770491803,0.5445583656109972,0.7459016393442623,0.6299536720589352,0.8565573770491803
datafly,134,0.5919723551302498,0.8565573770491803,0.6697273486747171,0.8565573770491803,0.6755297334244703,0.8551912568306009,0.6716260347839296,0.8551912568306009
datafly_shuffled,134,0.5919723551302498,0.8565573770491803,0.6693628009417484,0.8565573770491803,0.6755297334244703,0.8551912568306009,0.6716260347839296,0.8551912568306009
mondrian,134,0.5180375180375181,0.8510928961748634,0.6761904761904762,0.8565573770491803,0.6494873547505126,0.755464480874317,0.6832687780056202,0.8551912568306009
datafly,135,0.6489557226399332,0.8565573770491803,0.6544543176122123,0.8565573770491803,0.6532847269689375,0.8579234972677595,0.6368041315409736,0.8579234972677595
datafly_shuffled,135,0.6489557226399332,0.8565573770491803,0.6540593909014961,0.8565573770491803,0.6532847269689375,0.8579234972677595,0.6368041315409736,0.8579234972677595
mondrian,135,0.5819321029847346,0.8497267759562842,0.6535125693020429,0.8565573770491803,0.5744209007366903,0.7786885245901639,0.6442773600668337,0.8551912568306009
datafly,136,0.6489557226399332,0.8565573770491803,0.6541201488569909,0.8565573770491803,0.6532847269689375,0.8579234972677595,0.6368041315409736,0.8579234972677595
datafly_shuffled,136,0.6489557226399332,0.8565573770491803,0.6543783701678438,0.8565573770491803,0.6532847269689375,0.8579234972677595,0.6368041315409736,0.8579234972677595
mondrian,136,0.5959975696817802,0.8497267759562842,0.6383230804283435,0.8565573770491803,0.5429482797903851,0.6830601092896175,0.6971215918584339,0.8551912568306009
datafly,137,0.6489557226399332,0.8565573770491803,0.6526315789473685,0.8565573770491803,0.6532847269689375,0.8579234972677595,0.6368041315409736,0.8579234972677595
datafly_shuffled,137,0.6489557226399332,0.8565573770491803,0.6545758335232019,0.8565573770491803,0.6532847269689375,0.8579234972677595,0.6368041315409736,0.8579234972677595
mondrian,137,0.5516290726817042,0.8456284153005464,0.6338573706994761,0.8565573770491803,0.4850155692260956,0.7472677595628415,0.6557606136553505,0.8551912568306009
datafly,138,0.6489557226399332,0.8565573770491803,0.6544846965899597,0.8565573770491803,0.6532847269689375,0.8579234972677595,0.6368041315409736,0.8579234972677595
datafly_shuffled,138,0.6489557226399332,0.8565573770491803,0.6538315485683907,0.8565573770491803,0.6532847269689375,0.8579234972677595,0.6368041315409736,0.8579234972677595
mondrian,138,0.5219412166780588,0.8524590163934426,0.6488190172400699,0.8565573770491803,0.5353839143312827,0.7308743169398907,0.6512341459709879,0.8565573770491803
datafly,139,0.6489557226399332,0.8565573770491803,0.6543631806789701,0.8565573770491803,0.6532847269689375,0.8579234972677595,0.6368041315409736,0.8579234972677595
datafly_shuffled,139,0.6489557226399332,0.8565573770491803,0.6545758335232019,0.8565573770491803,0.6532847269689375,0.8579234972677595,0.6368041315409736,0.8579234972677595
mondrian,139,0.5349586086428192,0.8538251366120219,0.6573858889648363,0.8565573770491803,0.5466241360978202,0.7349726775956285,0.6429558745348218,0.8538251366120219
datafly,140,0.6489557226399332,0.8565573770491803,0.6543024227234753,0.8565573770491803,0.6532847269689375,0.8579234972677595,0.6368041315409736,0.8579234972677595
datafly_shuffled,140,0.6489557226399332,0.8565573770491803,0.6542264752791068,0.8565573770491803,0.6532847269689375,0.8579234972677595,0.6368041315409736,0.8579234972677595
mondrian,140,0.5412698412698413,0.8579234972677595,0.647603858130174,0.8565573770491803,0.5683451051872105,0.8142076502732241,0.6722412090833143,0.8551912568306009
datafly,141,0.6489557226399332,0.8565573770491803,0.6543783701678438,0.8565573770491803,0.6532847269689375,0.8579234972677595,0.6368041315409736,0.8579234972677595
datafly_shuffled,141,0.6489557226399332,0.8565573770491803,0.653968253968254,0.8565573770491803,0.6532847269689375,0.8579234972677595,0.6368041315409736,0.8579234972677595
mondrian,141,0.5281916913495861,0.8565573770491803,0.6256550467076782,0.8565573770491803,0.597113997113997,0.7800546448087432,0.6373965216070479,0.8551912568306009
datafly,142,0.5919723551302498,0.8565573770491803,0.6675552517657781,0.8565573770491803,0.6755297334244703,0.8551912568306009,0.6716260347839296,0.8551912568306009
datafly_shuffled,142,0.5919723551302498,0.8565573770491803,0.6670691881218196,0.8565573770491803,0.6755297334244703,0.8551912568306009,0.6716260347839296,0.8551912568306009
mondrian,142,0.5997797524113313,0.8319672131147541,0.6752335383914332,0.8565573770491803,0.5504366978051191,0.7199453551912568,0.666848940533151,0.8469945355191257
datafly,143,0.6489557226399332,0.8565573770491803,0.6540593909014961,0.8565573770491803,0.6532847269689375,0.8579234972677595,0.6368041315409736,0.8579234972677595
datafly_shuffled,143,0.6489557226399332,0.8565573770491803,0.6523277891698944,0.8565573770491803,0.6532847269689375,0.8579234972677595,0.6368041315409736,0.8579234972677595
mondrian,143,0.5311232627022101,0.8510928961748634,0.6809751651856915,0.8565573770491803,0.597676008202324,0.7254098360655737,0.6672742462216146,0.8579234972677595
datafly,144,0.6489557226399332,0.8565573770491803,0.652601199969621,0.8565573770491803,0.6532847269689375,0.8579234972677595,0.6368041315409736,0.8579234972677595
datafly_shuffled,144,0.6489557226399332,0.8565573770491803,0.6546973494341914,0.8565573770491803,0.6532847269689375,0.8579234972677595,0.6368041315409736,0.8579234972677595
mondrian,144,0.5496924128503076,0.8469945355191257,0.6496088706615022,0.8565573770491803,0.6138680033416876,0.8005464480874317,0.6661806030227083,0.8565573770491803
datafly,145,0.6489557226399332,0.8565573770491803,0.6525860104807473,0.8565573770491803,0.6532847269689375,0.8579234972677595,0.6368041315409736,0.8579234972677595
datafly_shuffled,145,0.6489557226399332,0.8565573770491803,0.6543783701678438,0.8565573770491803,0.6532847269689375,0.8579234972677595,0.6368041315409736,0.8579234972677595
mondrian,145,0.4742082478924584,0.8374316939890709,0.6220095693779903,0.8565573770491803,0.5491911597174755,0.7718579234972678,0.6397357028935976,0.8551912568306009
datafly,146,0.6489557226399332,0.8565573770491803,0.6545454545454545,0.8565573770491803,0.6532847269689375,0.8579234972677595,0.6368041315409736,0.8579234972677595
datafly_shuffled,146,0.6489557226399332,0.8565573770491803,0.6543024227234753,0.8565573770491803,0.6532847269689375,0.8579234972677595,0.6368041315409736,0.8579234972677595
mondrian,146,0.5649426596795017,0.8592896174863388,0.6529201792359687,0.8565573770491803,0.6074884180147337,0.7841530054644809,0.6567783094098882,0.8551912568306009
datafly,147,0.5919723551302498,0.8565573770491803,0.6680413154097364,0.8565573770491803,0.6755297334244703,0.8551912568306009,0.6716260347839296,0.8551912568306009
datafly_shuffled,147,0.5919723551302498,0.8565573770491803,0.6676919571656414,0.8579234972677595,0.6755297334244703,0.8551912568306009,0.6716260347839296,0.8551912568306009
mondrian,147,0.5642363484468749,0.8538251366120219,0.637388926862611,0.8565573770491803,0.5409128882813092,0.7172131147540983,0.6499430394167237,0.8579234972677595
datafly,148,0.6489557226399332,0.8565573770491803,0.6540593909014961,0.8565573770491803,0.6532847269689375,0.8579234972677595,0.6368041315409736,0.8579234972677595
datafly_shuffled,148,0.6489557226399332,0.8565573770491803,0.6538011695906433,0.8565573770491803,0.6532847269689375,0.8579234972677595,0.6368041315409736,0.8579234972677595
mondrian,148,0.6005544163438901,0.8497267759562842,0.6425305688463583,0.8565573770491803,0.5043365990734412,0.7390710382513661,0.6792739424318373,0.8565573770491803
datafly,149,0.5790309106098579,0.8565573770491803,0.6676311992101465,0.8579234972677595,0.6756284651021494,0.8551912568306009,0.6783245993772309,0.8551912568306009
datafly_shuffled,149,0.5790309106098579,0.8565573770491803,0.6676311992101465,0.8579234972677595,0.6756284651021494,0.8551912568306009,0.6783245993772309,0.8551912568306009
mondrian,149,0.6194197615250246,0.8510928961748634,0.6558973190552138,0.8565573770491803,0.6196855775803145,0.8060109289617486,0.6469658995974786,0.8551912568306009
datafly,150,0.6489557226399332,0.8565573770491803,0.6546973494341914,0.8565573770491803,0.6532847269689375,0.8579234972677595,0.6368041315409736,0.8579234972677595
datafly_shuffled,150,0.6489557226399332,0.8565573770491803,0.6538011695906433,0.8565573770491803,0.6532847269689375,0.8579234972677595,0.6368041315409736,0.8579234972677595
mondrian,150,0.585243411559201,0.8524590163934426,0.6424698108908635,0.8565573770491803,0.5812257917521075,0.7377049180327869,0.6709804815067972,0.8620218579234973
datafly,151,0.5919723551302498,0.8565573770491803,0.670137464874307,0.8565573770491803,0.6755297334244703,0.8551912568306009,0.6716260347839296,0.8551912568306009
datafly_shuffled,151,0.5919723551302498,0.8565573770491803,0.6693476114528747,0.8565573770491803,0.6755297334244703,0.8551912568306009,0.6716260347839296,0.8551912568306009
mondrian,151,0.5351940457203614,0.8592896174863388,0.6476798055745425,0.8565573770491803,0.6379889116731223,0.7718579234972678,0.6458418774208248,0.8551912568306009
datafly,152,0.5919723551302498,0.8565573770491803,0.6696362117414749,0.8565573770491803,0.6755297334244703,0.8551912568306009,0.6716260347839296,0.8551912568306009
datafly_shuffled,152,0.5919723551302498,0.8565573770491803,0.6718083086504139,0.8565573770491803,0.6755297334244703,0.8551912568306009,0.6716260347839296,0.8551912568306009
mondrian,152,0.6289511657932711,0.8442622950819673,0.6720893141945774,0.8565573770491803,0.5511354142933089,0.6830601092896175,0.638505354294828,0.8565573770491803
datafly,153,0.6489557226399332,0.8565573770491803,0.6538011695906433,0.8565573770491803,0.6532847269689375,0.8579234972677595,0.6368041315409736,0.8579234972677595
datafly_shuffled,153,0.6489557226399332,0.8565573770491803,0.6543631806789701,0.8565573770491803,0.6532847269689375,0.8579234972677595,0.6368041315409736,0.8579234972677595
mondrian,153,0.5325890483785221,0.8524590163934426,0.6745120376699325,0.8565573770491803,0.5811802232854865,0.7308743169398907,0.6899217741323004,0.8579234972677595
datafly,154,0.5790309106098579,0.8565573770491803,0.667707146654515,0.8579234972677595,0.6756284651021494,0.8551912568306009,0.6783245993772309,0.8551912568306009
datafly_shuffled,154,0.5790309106098579,0.8565573770491803,0.6641679957469431,0.8579234972677595,0.6756284651021494,0.8551912568306009,0.6783245993772309,0.8551912568306009
mondrian,154,0.5721196931723247,0.8538251366120219,0.6408521303258147,0.8565573770491803,0.6240145819093188,0.7937158469945356,0.6589352168299537,0.8579234972677595
datafly,155,0.6489557226399332,0.8565573770491803,0.6543935596567175,0.8565573770491803,0.6532847269689375,0.8579234972677595,0.6368041315409736,0.8579234972677595
datafly_shuffled,155,0.6489557226399332,0.8565573770491803,0.6544087491455912,0.8565573770491803,0.6532847269689375,0.8579234972677595,0.6368041315409736,0.8579234972677595
mondrian,155,0.5279334700387333,0.8483606557377049,0.6668337510442774,0.8565573770491803,0.5573782942203995,0.7308743169398907,0.6796688691425533,0.8565573770491803
datafly,156,0.6489557226399332,0.8565573770491803,0.6546062125009493,0.8565573770491803,0.6532847269689375,0.8579234972677595,0.6368041315409736,0.8579234972677595
datafly_shuffled,156,0.6489557226399332,0.8565573770491803,0.6546365914786967,0.8565573770491803,0.6532847269689375,0.8579234972677595,0.6368041315409736,0.8579234972677595
mondrian,156,0.6143236880078986,0.842896174863388,0.6530492898913951,0.8565573770491803,0.5057188425609479,0.6734972677595629,0.6959520012151591,0.8565573770491803
datafly,157,0.5919723551302498,0.8565573770491803,0.6676463886990204,0.8565573770491803,0.6755297334244703,0.8551912568306009,0.6716260347839296,0.8551912568306009
datafly_shuffled,157,0.5919723551302498,0.8565573770491803,0.6680565048986101,0.8565573770491803,0.6755297334244703,0.8551912568306009,0.6716260347839296,0.8551912568306009
mondrian,157,0.5548492443229285,0.8538251366120219,0.6442166021113391,0.8565573770491803,0.4688843320422268,0.6734972677595629,0.6403584719374193,0.8579234972677595
datafly,158,0.5790309106098579,0.8565573770491803,0.667707146654515,0.8579234972677595,0.6756284651021494,0.8551912568306009,0.6783245993772309,0.8551912568306009
datafly_shuffled,158,0.5790309106098579,0.8565573770491803,0.6676311992101465,0.8579234972677595,0.6756284651021494,0.8551912568306009,0.6783245993772309,0.8551912568306009
mondrian,158,0.5707678286625656,0.8497267759562842,0.7046176046176047,0.8565573770491803,0.5320118478013215,0.7800546448087432,0.6654818865345179,0.8565573770491803
datafly,159,0.5790309106098579,0.8565573770491803,0.6676311992101465,0.8579234972677595,0.6756284651021494,0.8551912568306009,0.6783245993772309,0.8551912568306009
datafly_shuffled,159,0.5790309106098579,0.8565573770491803,0.6676311992101465,0.8579234972677595,0.6756284651021494,0.8551912568306009,0.6783245993772309,0.8551912568306009
mondrian,159,0.6109440267335005,0.8497267759562842,0.6541657173236121,0.8565573770491803,0.6237259816207185,0.7226775956284153,0.6734259892154629,0.8565573770491803
datafly,160,0.5790309106098579,0.8565573770491803,0.667707146654515,0.8579234972677595,0.6756284651021494,0.8551912568306009,0.6783245993772309,0.8551912568306009
datafly_shuffled,160,0.5790309106098579,0.8565573770491803,0.6676008202323991,0.8579234972677595,0.6756284651021494,0.8551912568306009,0.6783245993772309,0.8551912568306009
mondrian,160,0.5897622844991265,0.8524590163934426,0.6716336295283662,0.8565573770491803,0.5328624591782487,0.76775956284153,0.6930508088402824,0.8565573770491803
datafly,161,0.6489557226399332,0.8565573770491803,0.6547884863674337,0.8565573770491803,0.6532847269689375,0.8579234972677595,0.6368041315409736,0.8579234972677595
datafly_shuffled,161,0.6489557226399332,0.8565573770491803,0.6543935596567175,0.8565573770491803,0.6532847269689375,0.8579234972677595,0.6368041315409736,0.8579234972677595
mondrian,161,0.6048074732285258,0.8538251366120219,0.6717399559504824,0.8565573770491803,0.5699400015189489,0.7199453551912568,0.6734563681932103,0.8579234972677595
datafly,162,0.6489557226399332,0.8565573770491803,0.6546669704564441,0.8565573770491803,0.6532847269689375,0.8579234972677595,0.6368041315409736,0.8579234972677595
datafly_shuffled,162,0.6489557226399332,0.8565573770491803,0.6543783701678438,0.8565573770491803,0.6532847269689375,0.8579234972677595,0.6368041315409736,0.8579234972677595
mondrian,162,0.5676311992101466,0.8579234972677595,0.6210678210678211,0.8565573770491803,0.601063264221159,0.6967213114754098,0.6327637275005695,0.8551912568306009
datafly,163,0.5790309106098579,0.8565573770491803,0.6676767676767676,0.8579234972677595,0.6756284651021494,0.8551912568306009,0.6783245993772309,0.8551912568306009
datafly_shuffled,163,0.5790309106098579,0.8565573770491803,0.6676160097212729,0.8579234972677595,0.6756284651021494,0.8551912568306009,0.6783245993772309,0.8551912568306009
mondrian,163,0.4863446495025442,0.8101092896174863,0.6736006683375104,0.8565573770491803,0.5788410419989367,0.7691256830601093,0.6394622920938711,0.8551912568306009
datafly,164,0.6489557226399332,0.8565573770491803,0.6545758335232019,0.8565573770491803,0.6532847269689375,0.8579234972677595,0.6368041315409736,0.8579234972677595
datafly_shuffled,164,0.6489557226399332,0.8565573770491803,0.6541657173236121,0.8565573770491803,0.6532847269689375,0.8579234972677595,0.6368041315409736,0.8579234972677595
mondrian,164,0.5423558897243108,0.8524590163934426,0.6315941368572948,0.8565573770491803,0.4518417255259361,0.6598360655737705,0.6711931343510291,0.8551912568306009
datafly,165,0.5919723551302498,0.8565573770491803,0.6696058327637274,0.8565573770491803,0.6755297334244703,0.8551912568306009,0.6716260347839296,0.8551912568306009
datafly_shuffled,165,0.5919723551302498,0.8565573770491803,0.6703045492519176,0.8565573770491803,0.6755297334244703,0.8551912568306009,0.6716260347839296,0.8551912568306009
mondrian,165,0.6497076023391812,0.8469945355191257,0.6308954203691046,0.8565573770491803,0.6126528442317916,0.7663934426229508,0.6384597858282071,0.8579234972677595
datafly,166,0.5919723551302498,0.8565573770491803,0.6702134123186754,0.8565573770491803,0.6755297334244703,0.8551912568306009,0.6716260347839296,0.8551912568306009
datafly_shuffled,166,0.5919723551302498,0.8565573770491803,0.6676463886990203,0.8565573770491803,0.6755297334244703,0.8551912568306009,0.6716260347839296,0.8551912568306009
mondrian,166,0.604237867395762,0.8469945355191257,0.6779372674109516,0.8565573770491803,0.5839143312827524,0.7404371584699454,0.6739272423482948,0.8510928961748634
datafly,167,0.5790309106098579,0.8565573770491803,0.6676160097212729,0.8579234972677595,0.6756284651021494,0.8551912568306009,0.6783245993772309,0.8551912568306009
datafly_shuffled,167,0.5790309106098579,0.8565573770491803,0.6676615781878941,0.8579234972677595,0.6756284651021494,0.8551912568306009,0.6783245993772309,0.8551912568306009
mondrian,167,0.5657856763119921,0.8483606557377049,0.6626490468595732,0.8565573770491803,0.5970836181362498,0.7513661202185792,0.6705247968405863,0.8538251366120219
datafly,168,0.5919723551302498,0.8565573770491803,0.6697273486747171,0.8579234972677595,0.6755297334244703,0.8551912568306009,0.6716260347839296,0.8551912568306009
datafly_shuffled,168,0.5919723551302498,0.8565573770491803,0.6680868838763576,0.8565573770491803,0.6755297334244703,0.8551912568306009,0.6716260347839296,0.8551912568306009
mondrian,168,0.6221234905445432,0.8483606557377049,0.6657628920786816,0.8565573770491803,0.5725677830940991,0.7486338797814208,0.6841649578491684,0.8565573770491803
datafly,169,0.6489557226399332,0.8565573770491803,0.6546669704564441,0.8565573770491803,0.6532847269689375,0.8579234972677595,0.6368041315409736,0.8579234972677595
datafly_shuffled,169,0.6489557226399332,0.8565573770491803,0.6541809068124858,0.8565573770491803,0.6532847269689375,0.8579234972677595,0.6368041315409736,0.8579234972677595
mondrian,169,0.5668337510442774,0.8483606557377049,0.6468747626642364,0.8565573770491803,0.575894281157439,0.7800546448087432,0.6493506493506493,0.8592896174863388
datafly,170,0.5919723551302498,0.8565573770491803,0.6658692185007974,0.8579234972677595,0.6755297334244703,0.8551912568306009,0.6716260347839296,0.8551912568306009
datafly_shuffled,170,0.5919723551302498,0.8565573770491803,0.668922305764411,0.8565573770491803,0.6755297334244703,0.8551912568306009,0.6716260347839296,0.8551912568306009
mondrian,170,0.5566264145211514,0.8551912568306009,0.6800182273866484,0.8565573770491803,0.5712462975620871,0.6980874316939891,0.6723779144831776,0.8524590163934426
datafly,171,0.6489557226399332,0.8565573770491803,0.6526163894584947,0.8565573770491803,0.6532847269689375,0.8579234972677595,0.6368041315409736,0.8579234972677595
datafly_shuffled,171,0.6489557226399332,0.8565573770491803,0.6538011695906433,0.8565573770491803,0.6532847269689375,0.8579234972677595,0.6368041315409736,0.8579234972677595
mondrian,171,0.6127439811650338,0.8469945355191257,0.6287840814156604,0.8565573770491803,0.5818333713070556,0.7650273224043715,0.6633705475810739,0.8579234972677595
datafly,172,0.6489557226399332,0.8565573770491803,0.6546973494341914,0.8565573770491803,0.6532847269689375,0.8579234972677595,0.6368041315409736,0.8579234972677595
datafly_shuffled,172,0.6489557226399332,0.8565573770491803,0.6543783701678438,0.8565573770491803,0.6532847269689375,0.8579234972677595,0.6368041315409736,0.8579234972677595
mondrian,172,0.5737525632262473,0.8565573770491803,0.6549707602339181,0.8565573770491803,0.5712766765398344,0.7882513661202186,0.6733956102377154,0.8551912568306009
datafly,173,0.5919723551302498,0.8565573770491803,0.6723095617832459,0.8565573770491803,0.6755297334244703,0.8551912568306009,0.6716260347839296,0.8551912568306009
datafly_shuffled,173,0.5919723551302498,0.8565573770491803,0.6676160097212729,0.8565573770491803,0.6755297334244703,0.8551912568306009,0.6716260347839296,0.8551912568306009
mondrian,173,0.6019594440647072,0.8524590163934426,0.6893749525328473,0.8565573770491803,0.5373585478848636,0.7390710382513661,0.6642211589580012,0.8592896174863388
datafly,174,0.6489557226399332,0.8565573770491803,0.6543631806789701,0.8565573770491803,0.6532847269689375,0.8579234972677595,0.6368041315409736,0.8579234972677595
datafly_shuffled,174,0.6489557226399332,0.8565573770491803,0.6543176122123491,0.8565573770491803,0.6532847269689375,0.8579234972677595,0.6368041315409736,0.8579234972677595
mondrian,174,0.5838687628161313,0.8483606557377049,0.6655274550011392,0.8565573770491803,0.5464570517202096,0.7650273224043715,0.6672286777549936,0.8538251366120219
datafly,175,0.6489557226399332,0.8565573770491803,0.6545758335232019,0.8565573770491803,0.6532847269689375,0.8579234972677595,0.6368041315409736,0.8579234972677595
datafly_shuffled,175,0.6489557226399332,0.8565573770491803,0.6540593909014961,0.8565573770491803,0.6532847269689375,0.8579234972677595,0.6368041315409736,0.8579234972677595
mondrian,175,0.6196020353915092,0.8551912568306009,0.6735778841041999,0.8565573770491803,0.5707298549403813,0.7185792349726776,0.672256398572188,0.8565573770491803
datafly,176,0.5919723551302498,0.8565573770491803,0.6697121591858434,0.8565573770491803,0.6755297334244703,0.8551912568306009,0.6716260347839296,0.8551912568306009
datafly_shuffled,176,0.5919723551302498,0.8565573770491803,0.6702437912964229,0.8565573770491803,0.6755297334244703,0.8551912568306009,0.6716260347839296,0.8551912568306009
mondrian,176,0.5844763423710793,0.8565573770491803,0.6564137616769196,0.8565573770491803,0.5036682615629984,0.7568306010928961,0.6371838687628163,0.8579234972677595
datafly,177,0.5919723551302498,0.8565573770491803,0.6671603250550618,0.8565573770491803,0.6755297334244703,0.8551912568306009,0.6716260347839296,0.8551912568306009
datafly_shuffled,177,0.5919723551302498,0.8565573770491803,0.6688311688311689,0.8565573770491803,0.6755297334244703,0.8551912568306009,0.6716260347839296,0.8551912568306009
mondrian,177,0.5528214475582897,0.8524590163934426,0.640517961570593,0.8565573770491803,0.6067897015265437,0.7336065573770492,0.6527834738361054,0.8551912568306009
datafly,178,0.5790309106098579,0.8565573770491803,0.6677982835877573,0.8579234972677595,0.6756284651021494,0.8551912568306009,0.6783245993772309,0.8551912568306009
datafly_shuffled,178,0.5790309106098579,0.8565573770491803,0.6676311992101465,0.8579234972677595,0.6756284651021494,0.8551912568306009,0.6783245993772309,0.8551912568306009
mondrian,178,0.4772005772005772,0.8551912568306009,0.6354142933090301,0.8565573770491803,0.5579706842864738,0.7240437158469946,0.6240601503759399,0.8524590163934426
datafly,179,0.5790309106098579,0.8565573770491803,0.667707146654515,0.8579234972677595,0.6756284651021494,0.8551912568306009,0.6783245993772309,0.8551912568306009
datafly_shuffled,179,0.5790309106098579,0.8565573770491803,0.6642439431913116,0.8579234972677595,0.6756284651021494,0.8551912568306009,0.6783245993772309,0.8551912568306009
mondrian,179,0.5461760461760461,0.8565573770491803,0.6334396597554492,0.8565573770491803,0.5535505430242272,0.75,0.6734867471709578,0.8565573770491803
datafly,180,0.6489557226399332,0.8565573770491803,0.6541201488569909,0.8565573770491803,0.6532847269689375,0.8579234972677595,0.6368041315409736,0.8579234972677595
datafly_shuffled,180,0.6489557226399332,0.8565573770491803,0.6546062125009493,0.8565573770491803,0.6532847269689375,0.8579234972677595,0.6368041315409736,0.8579234972677595
mondrian,180,0.6005392268550163,0.8551912568306009,0.6360218728639782,0.8565573770491803,0.5690590111642743,0.7472677595628415,0.6878256246677299,0.8565573770491803
datafly,181,0.5919723551302498,0.8565573770491803,0.6693931799194957,0.8565573770491803,0.6755297334244703,0.8551912568306009,0.6716260347839296,0.8551912568306009
datafly_shuffled,181,0.5919723551302498,0.8565573770491803,0.6687856003645477,0.8565573770491803,0.6755297334244703,0.8551912568306009,0.6716260347839296,0.8551912568306009
mondrian,181,0.5900660742766006,0.8469945355191257,0.6591250854408749,0.8565573770491803,0.4978506873243715,0.6666666666666666,0.6623832308042835,0.8565573770491803
datafly,182,0.5919723551302498,0.8565573770491803,0.6696362117414749,0.8565573770491803,0.6755297334244703,0.8551912568306009,0.6716260347839296,0.8551912568306009
datafly_shuffled,182,0.5919723551302498,0.8565573770491803,0.6676311992101465,0.8565573770491803,0.6755297334244703,0.8551912568306009,0.6716260347839296,0.8551912568306009
mondrian,182,0.6046783625730994,0.8579234972677595,0.6638566112250324,0.8565573770491803,0.5980709349130402,0.7459016393442623,0.6729095465937571,0.8442622950819673
datafly,183,0.5790309106098579,0.8565573770491803,0.6676463886990203,0.8579234972677595,0.6756284651021494,0.8551912568306009,0.6783245993772309,0.8551912568306009
datafly_shuffled,183,0.5790309106098579,0.8565573770491803,0.6676311992101465,0.8579234972677595,0.6756284651021494,0.8551912568306009,0.6783245993772309,0.8551912568306009
mondrian,183,0.574228,0.856557,0.656732,0.856557,0.556828,0.7306010000000001,0.6651779999999999,0.854986
datafly,184,0.5919723551302498,0.8565573770491803,0.6680261259208627,0.8565573770491803,0.6755297334244703,0.8551912568306009,0.6716260347839296,0.8551912568306009
datafly_shuffled,184,0.5919723551302498,0.8565573770491803,0.6724310776942355,0.8565573770491803,0.6755297334244703,0.8551912568306009,0.6716260347839296,0.8551912568306009
mondrian,184,0.6247284878863827,0.8483606557377049,0.6071542492595123,0.8565573770491803,0.5903091060985798,0.7486338797814208,0.6769803296119086,0.8483606557377049
datafly,185,0.5790309106098579,0.8565573770491803,0.6641376167691957,0.8579234972677595,0.6756284651021494,0.8551912568306009,0.6783245993772309,0.8551912568306009
datafly_shuffled,185,0.5790309106098579,0.8565573770491803,0.6675400622769043,0.8565573770491803,0.6756284651021494,0.8551912568306009,0.6783245993772309,0.8551912568306009
mondrian,185,0.5758259284575075,0.8483606557377049,0.6505582137161086,0.8565573770491803,0.5504822662717399,0.7486338797814208,0.666195792511582,0.8551912568306009
datafly,186,0.6489557226399332,0.8565573770491803,0.654621401989823,0.8565573770491803,0.6532847269689375,0.8579234972677595,0.6368041315409736,0.8579234972677595
datafly_shuffled,186,0.6489557226399332,0.8565573770491803,0.6543783701678438,0.8565573770491803,0.6532847269689375,0.8579234972677595,0.6368041315409736,0.8579234972677595
mondrian,186,0.5424698108908634,0.8442622950819673,0.6600744284954811,0.8565573770491803,0.5865573023467759,0.7691256830601093,0.6781954887218045,0.8565573770491803
datafly,187,0.5919723551302498,0.8565573770491803,0.6675096832991568,0.8565573770491803,0.6755297334244703,0.8551912568306009,0.6716260347839296,0.8551912568306009
datafly_shuffled,187,0.5919723551302498,0.8565573770491803,0.6681476418318523,0.8565573770491803,0.6755297334244703,0.8551912568306009,0.6716260347839296,0.8551912568306009
mondrian,187,0.5681020733652312,0.8456284153005464,0.6691729323308271,0.8565573770491803,0.5620566567934989,0.7117486338797814,0.6580238474975317,0.842896174863388
datafly,188,0.6489557226399332,0.8565573770491803,0.6543024227234753,0.8565573770491803,0.6532847269689375,0.8579234972677595,0.6368041315409736,0.8579234972677595
datafly_shuffled,188,0.6489557226399332,0.8565573770491803,0.6545758335232019,0.8565573770491803,0.6532847269689375,0.8579234972677595,0.6368041315409736,0.8579234972677595
mondrian,188,0.5536037062352852,0.8510928961748634,0.6396597554492292,0.8565573770491803,0.6257309941520468,0.7513661202185792,0.6483481430849851,0.8565573770491803
datafly,189,0.6489557226399332,0.8565573770491803,0.6543935596567175,0.8565573770491803,0.6532847269689375,0.8579234972677595,0.6368041315409736,0.8579234972677595
datafly_shuffled,189,0.6489557226399332,0.8565573770491803,0.6547884863674337,0.8565573770491803,0.6532847269689375,0.8579234972677595,0.6368041315409736,0.8579234972677595
mondrian,189,0.5466013518645098,0.8551912568306009,0.6575529733424471,0.8565573770491803,0.6013822434875067,0.7513661202185792,0.6625047467152729,0.8592896174863388
datafly,190,0.5919723551302498,0.8565573770491803,0.6722791828054986,0.8565573770491803,0.6755297334244703,0.8551912568306009,0.6716260347839296,0.8551912568306009
datafly_shuffled,190,0.5919723551302498,0.8565573770491803,0.6688007898534215,0.8565573770491803,0.6755297334244703,0.8551912568306009,0.6716260347839296,0.8551912568306009
mondrian,190,0.5681476418318523,0.8524590163934426,0.6645249487354751,0.8565573770491803,0.5604617604617605,0.7308743169398907,0.6483937115516063,0.8565573770491803
datafly,191,0.5919723551302498,0.8565573770491803,0.6676160097212729,0.8565573770491803,0.6755297334244703,0.8551912568306009,0.6716260347839296,0.8551912568306009
datafly_shuffled,191,0.5919723551302498,0.8565573770491803,0.6675704412546517,0.8565573770491803,0.6755297334244703,0.8551912568306009,0.6716260347839296,0.8551912568306009
mondrian,191,0.5106706159337738,0.8538251366120219,0.6885395306447938,0.8565573770491803,0.4905901116427432,0.6994535519125683,0.6601655654287233,0.8551912568306009
datafly,192,0.6489557226399332,0.8565573770491803,0.6543024227234753,0.8565573770491803,0.6532847269689375,0.8579234972677595,0.6368041315409736,0.8579234972677595
datafly_shuffled,192,0.6489557226399332,0.8565573770491803,0.6540897698792435,0.8565573770491803,0.6532847269689375,0.8579234972677595,0.6368041315409736,0.8579234972677595
mondrian,192,0.6184248500037973,0.8551912568306009,0.6673350041771093,0.8565573770491803,0.5049289891395154,0.6994535519125683,0.6674109516214779,0.8565573770491803
datafly,193,0.6489557226399332,0.8565573770491803,0.6541809068124858,0.8565573770491803,0.6532847269689375,0.8579234972677595,0.6368041315409736,0.8579234972677595
datafly_shuffled,193,0.6489557226399332,0.8565573770491803,0.6544087491455912,0.8565573770491803,0.6532847269689375,0.8579234972677595,0.6368041315409736,0.8579234972677595
mondrian,193,0.5125161388319283,0.8565573770491803,0.6476342371079213,0.8565573770491803,0.5007670691881219,0.7062841530054644,0.6582668793195109,0.8565573770491803
datafly,194,0.5790309106098579,0.8565573770491803,0.6676008202323992,0.8565573770491803,0.6756284651021494,0.8551912568306009,0.6783245993772309,0.8551912568306009
datafly_shuffled,194,0.5790309106098579,0.8565573770491803,0.6676311992101465,0.8579234972677595,0.6756284651021494,0.8551912568306009,0.6783245993772309,0.8551912568306009
mondrian,194,0.6306371990582517,0.8497267759562842,0.6898610161768056,0.8565573770491803,0.5854180906812486,0.7745901639344263,0.6666970456444141,0.8579234972677595
datafly,195,0.6489557226399332,0.8565573770491803,0.652601199969621,0.8565573770491803,0.6532847269689375,0.8579234972677595,0.6368041315409736,0.8579234972677595
datafly_shuffled,195,0.6489557226399332,0.8565573770491803,0.6525860104807473,0.8565573770491803,0.6532847269689375,0.8579234972677595,0.6368041315409736,0.8579234972677595
mondrian,195,0.5933849775955039,0.8538251366120219,0.6030682767524872,0.8565573770491803,0.4964076858813701,0.7144808743169399,0.6743069795701375,0.8565573770491803
datafly,196,0.6489557226399332,0.8565573770491803,0.6546062125009493,0.8565573770491803,0.6532847269689375,0.8579234972677595,0.6368041315409736,0.8579234972677595
datafly_shuffled,196,0.6489557226399332,0.8565573770491803,0.6538315485683907,0.8565573770491803,0.6532847269689375,0.8579234972677595,0.6368041315409736,0.8579234972677595
mondrian,196,0.5408597250702514,0.8510928961748634,0.670896939317992,0.8565573770491803,0.5907344117870433,0.7144808743169399,0.6851067061593379,0.8579234972677595
datafly,197,0.6489557226399332,0.8565573770491803,0.6523277891698944,0.8565573770491803,0.6532847269689375,0.8579234972677595,0.6368041315409736,0.8579234972677595
datafly_shuffled,197,0.6489557226399332,0.8565573770491803,0.6540745803903698,0.8565573770491803,0.6532847269689375,0.8579234972677595,0.6368041315409736,0.8579234972677595
mondrian,197,0.6058707374496848,0.8565573770491803,0.6455380876433507,0.8565573770491803,0.6155996050732894,0.7827868852459017,0.6504139135718082,0.8565573770491803
datafly,198,0.5919723551302498,0.8565573770491803,0.6675856307435255,0.8565573770491803,0.6755297334244703,0.8551912568306009,0.6716260347839296,0.8551912568306009
datafly_shuffled,198,0.5919723551302498,0.8565573770491803,0.6695450748082327,0.8565573770491803,0.6755297334244703,0.8551912568306009,0.6716260347839296,0.8551912568306009
mondrian,198,0.5238550922761449,0.8524590163934426,0.6558517505885927,0.8565573770491803,0.5271208323839903,0.7062841530054644,0.6672742462216146,0.8565573770491803
datafly,199,0.5790309106098579,0.8565573770491803,0.667707146654515,0.8579234972677595,0.6756284651021494,0.8551912568306009,0.6783245993772309,0.8551912568306009
datafly_shuffled,199,0.5790309106098579,0.8565573770491803,0.6683906736538315,0.8565573770491803,0.6756284651021494,0.8551912568306009,0.6783245993772309,0.8551912568306009
mondrian,199,0.6130022024758868,0.8442622950819673,0.6769499506341612,0.8565573770491803,0.5080124553808765,0.7308743169398907,0.6750512645249487,0.8565573770491803
datafly,200,0.6489557226399332,0.8565573770491803,0.653968253968254,0.8565573770491803,0.6532847269689375,0.8579234972677595,0.6368041315409736,0.8579234972677595
datafly_shuffled,200,0.6489557226399332,0.8565573770491803,0.6544087491455912,0.8565573770491803,0.6532847269689375,0.8579234972677595,0.6368041315409736,0.8579234972677595
mondrian,200,0.5601731601731601,0.8565573770491803,0.6710184552289815,0.8565573770491803,0.5750132908027645,0.7117486338797814,0.6371079213184476,0.8565573770491803
