algo,no,precision,dm,cm,entropy,discern,ilm,auroc,lr_acc
datafly_shuffled,1,0.2179209122589867,0.08536585365853659,0.2406339102181553,0.8138224777014309,0.1276739516827288,0.05607382397923839,,0.36134593071440413
mondrian,1,0.5514437440244335,0.8170731707317073,0.16129567004840528,0.42929962662392895,0.0006315035690325971,0.05042648988850802,,0.6106414719045251
datafly_shuffled,2,0.21081990584178767,0.06707317073170732,0.24892248524633645,0.8601006944315824,0.23108100020910885,0.05881960987901107,,0.39996684899718216
mondrian,2,0.6016321686330612,0.8902439024390244,0.16878854187388104,0.4554842107326097,0.0007997285009950533,0.05011448097382409,,0.7926404773744405
datafly_shuffled,3,0.17134694869924627,0.07926829268292683,0.2127511438233539,0.9193821609845736,0.42211720964247257,0.06417499971697549,,0.5048897729156308
mondrian,3,0.6660054568726688,0.9024390243902439,0.14690670379948279,0.4460256839001697,0.000661885667537859,0.040252957429647365,,0.6298690535388696
datafly_shuffled,4,0.1527906711167104,0.07926829268292683,0.24892248524633645,0.9021521360314675,0.3205738808194519,0.06305589046789613,,0.5009116525774905
mondrian,4,0.579841179381229,0.8170731707317073,0.14999005370996618,0.4510490040491029,0.0009466947576647538,0.04647529208699964,,0.7410906679927067
datafly_shuffled,5,0.17864227615321704,0.07926829268292683,0.23453351899741395,0.8586157831346801,0.19301809175702406,0.06063026594061445,,0.7235206364992541
mondrian,5,0.575735833022522,0.8536585365853658,0.1605331211458126,0.4603019890270706,0.0008853369885416092,0.05570763496775534,,0.5696999834244986
datafly_shuffled,6,0.1762233936741595,0.06707317073170732,0.24892248524633645,0.8945357286073964,0.37051670861308883,0.0607434993312535,,0.5184816840709432
mondrian,6,0.5949747414531332,0.8109756097560976,0.16315231085471785,0.4415418365669108,0.0005978304429251373,0.04290124020127611,,0.295375435106912
datafly_shuffled,7,0.1886023804787481,0.06707317073170732,0.24892248524633645,0.8833115137547348,0.2812387516710649,0.05840920074955672,,0.5007458975634013
mondrian,7,0.5936930128774107,0.8719512195121951,0.14753663550162457,0.4224029781460681,0.0006750102064724765,0.048115625979993394,,0.6156141223272004
datafly_shuffled,8,0.24318817275600646,0.10365853658536585,0.24892248524633645,0.8078717305484534,0.18565798002898928,0.05845590316356715,,0.6418034145532903
mondrian,8,0.57743966445902,0.8475609756097561,0.14471851999204297,0.44398022205313636,0.0011359914996252516,0.04811279698301779,,0.4160450853638323
datafly_shuffled,9,0.2202136242070597,0.06707317073170732,0.24892248524633645,0.854964014564235,0.20270995699763505,0.05734194563449513,,0.5731808387203713
mondrian,9,0.6603750467784357,0.8963414634146342,0.1647105629600159,0.44800924272709625,0.0007925660641694279,0.043704941608790876,,0.788330847008122
datafly_shuffled,10,0.17049736975885776,0.07317073170731707,0.24892248524633645,0.8902105370283249,0.30459237378285897,0.062010367592237686,,0.5007458975634013
mondrian,10,0.5316960852914727,0.8170731707317073,0.15214508321729328,0.4668750117161973,0.0011488500303168056,0.053493485052620394,,0.42101773578650753
datafly_shuffled,11,0.18116476582012686,0.06707317073170732,0.24892248524633645,0.8766733210380694,0.2995098224335181,0.0647807732553156,,0.5252776396485994
mondrian,11,0.6012266945162044,0.8841463414634146,0.14107154697964325,0.442218447528013,0.0007533375427708828,0.04815235116606798,,0.8009282280788994
datafly_shuffled,12,0.20232733977263528,0.10975609756097561,0.2368874743054174,0.7966204119710629,0.1251805948648687,0.059437627596884694,,0.6451185148350738
mondrian,12,0.6050104150810993,0.9329268292682927,0.14508321729328294,0.4262443621760229,0.0009038740257772364,0.04866634769362056,,0.8339134758826454
datafly_shuffled,13,0.18505625179585794,0.06707317073170732,0.24892248524633645,0.8836417029359704,0.24951823159162173,0.0636913916881361,,0.4087518647439085
mondrian,13,0.5717602322719721,0.8841463414634146,0.15158146011537696,0.44283657901521484,0.0009773648485653984,0.04865787860316268,,0.7800430963036632
datafly_shuffled,14,0.23232599518157504,0.0975609756097561,0.24892248524633645,0.8027477658377578,0.12564346899353618,0.05925157604221754,,0.49096635173213987
mondrian,14,0.6485802453040881,0.8902439024390244,0.13593263046217094,0.4052347793845366,0.0004157620902472228,0.0454895067846011,,0.6907011437095972
datafly_shuffled,15,0.17211640474769574,0.06707317073170732,0.24892248524633645,0.8965077594746553,0.31725930599170465,0.0636835478659143,,0.5033979777888281
mondrian,15,0.6198212347971572,0.9024390243902439,0.16331808235528147,0.4743240099806224,0.0010236656717650598,0.04516075621220386,,0.6568871208354052
datafly_shuffled,16,0.19743846193517955,0.0975609756097561,0.23300842119222864,0.8221538391059617,0.1485519208145255,0.061237185054364957,,0.7235206364992541
mondrian,16,0.6000013039684668,0.8780487804878049,0.13742457396724356,0.4319459947316402,0.0007064651316109198,0.0448413497865941,,0.775070445880988
datafly_shuffled,17,0.15280955064871915,0.07926829268292683,0.21122604601816855,0.8777693800141361,0.23649156830154497,0.05884959531537826,,0.7775567710923256
mondrian,17,0.6504324222858283,0.9085365853658537,0.14236456468403952,0.42231699314662224,0.0005301808094082112,0.04438757997649649,,0.832587435769932
datafly_shuffled,18,0.15433326702473293,0.12195121951219512,0.24892248524633645,0.8837981423178435,0.2791099492574547,0.06543998097053834,,0.5032322227747389
mondrian,18,0.6343000660431273,0.9024390243902439,0.1444864398912539,0.41201421250570114,0.0005922992302016033,0.05039181737018103,,0.7876678269517653
datafly_shuffled,19,0.23343067804227557,0.0975609756097561,0.2474968503414893,0.8074985071159836,0.17360963350127334,0.05525966353506783,,0.35670479031990715
mondrian,19,0.621468434395634,0.8536585365853658,0.16129567004840528,0.4255129502743142,0.0006425220261750264,0.04493007710526244,,0.7742416708105421
datafly_shuffled,20,0.12503453572928414,0.054878048780487805,0.2418606193223261,0.9543898351420538,0.5528681094505293,0.06705196916326633,,0.7482181335985414
mondrian,20,0.6210850819281084,0.8170731707317073,0.16252237915257609,0.4495840544700409,0.0006496251057893898,0.04569256907693145,,0.6998176694845019
datafly_shuffled,21,0.15317286652078776,0.06707317073170732,0.24892248524633645,0.8786832577716915,0.25194032897815405,0.05951223824949609,,0.5032322227747389
mondrian,21,0.6027268562664594,0.9024390243902439,0.1399111464756979,0.4559797672548466,0.0007074676089566796,0.043582815416207614,,0.7928062323885298
datafly_shuffled,22,0.21488130760559643,0.06097560975609756,0.24762946754194018,0.8825858119532972,0.31919963826748154,0.0598460387080497,,0.43759323719542514
mondrian,22,0.6223464597311124,0.8780487804878049,0.16229029905178702,0.45531670286418297,0.0007238721834173354,0.04996174545438348,,0.4700812199569037
datafly_shuffled,23,0.11111111111111116,0.042682926829268296,0.20668390690272528,0.9416348975902921,0.5011365345081875,0.06623147604561384,,0.7815348914304657
mondrian,23,0.5801183732581652,0.8719512195121951,0.16418009415821233,0.48004408210636296,0.0010699972727779682,0.05190065569809128,,0.8173379744737278
datafly_shuffled,24,0.18899746922175809,0.10365853658536585,0.24892248524633645,0.8615979888171114,0.18280701579901218,0.05989157144291372,,0.5015746726338471
mondrian,24,0.593655467692559,0.8597560975609756,0.15078575691267157,0.4445719813080928,0.0009548157035315003,0.05317195307172107,,0.7042930548649097
datafly_shuffled,25,0.2088624207059656,0.06097560975609756,0.24762946754194018,0.8505803982965013,0.2187498231649748,0.05909118200740392,,0.494778717056191
mondrian,25,0.5624422515533376,0.8292682926829268,0.15546051322856574,0.44883952398071303,0.0005069941239570537,0.050375131899953934,,0.6509199403281949
datafly_shuffled,26,0.1583007316048891,0.06097560975609756,0.24892248524633645,0.8741180020674622,0.2503299106778175,0.05913702860919597,,0.5025692027183822
mondrian,26,0.546811727141646,0.8353658536585366,0.16762814136993567,0.4620010279199493,0.0008762179621595667,0.04799497644816446,,0.5768274490303331
datafly_shuffled,27,0.1667357381252348,0.08536585365853659,0.20824215900802334,0.9079788855013923,0.3757416557138322,0.06195831972120198,,0.7800430963036632
mondrian,27,0.5759688793314126,0.8353658536585366,0.16752867846959751,0.44657744542146655,0.0009446040647791891,0.04606160157900601,,0.7906514172053705
datafly_shuffled,28,0.20900885219813015,0.0975609756097561,0.24892248524633645,0.8109259297529472,0.18871025094333888,0.05939088138146155,,0.5841206696502569
mondrian,28,0.6006639955363398,0.8475609756097561,0.1547311186260858,0.4399312285504798,0.001073046474704654,0.050051504336563066,,0.8282778054036135
datafly_shuffled,29,0.26040078023119595,0.1402439024390244,0.2256813208673165,0.7729966556967134,0.06987572239979481,0.05710488565001028,,0.4871539864080888
mondrian,29,0.6123958278896449,0.8963414634146342,0.1610304356475035,0.45988684662766516,0.0014424417892952577,0.04776024167961357,,0.7090999502734958
datafly_shuffled,30,0.15472835576774313,0.06707317073170732,0.24892248524633645,0.8981506061654967,0.31472101356650395,0.06154414535492084,,0.5015746726338471
mondrian,30,0.5722556272209687,0.8292682926829268,0.15466481002586036,0.4522122750096778,0.0006413480724411762,0.04827976525385413,,0.7861760318249627
datafly_shuffled,31,0.12520721437570448,0.06097560975609756,0.22080763875074597,0.9459378268787689,0.5176312571838438,0.06555090317165356,,0.5022376926902039
mondrian,31,0.6629047602852379,0.8902439024390244,0.1661693521649758,0.44458618775494435,0.0008749604686469032,0.04583589670495549,,0.6471075750041438
datafly_shuffled,32,0.248597849391066,0.10365853658536585,0.24892248524633645,0.8328217118730351,0.17401845959146384,0.05434471940949765,,0.4326205867727499
mondrian,32,0.6100712008729113,0.8841463414634146,0.13377760095484384,0.42397833541819435,0.0006187967289920463,0.04942688782195585,,0.783689706613625
datafly_shuffled,33,0.19371873365308823,0.07317073170731707,0.20824215900802334,0.9070693720451712,0.38376361573634593,0.058789801332964596,,0.7800430963036632
mondrian,33,0.5680277361633894,0.8536585365853658,0.12996485644188052,0.43669531903062675,0.0010347984464995493,0.04603450070302253,,0.8395491463616774
datafly_shuffled,34,0.12622809053334216,0.042682926829268296,0.24892248524633645,0.920345755680829,0.45323280499303714,0.06433959868741318,,0.5184816840709432
mondrian,34,0.49394856431738865,0.823170731707317,0.17445792719315695,0.4812851002521556,0.0010695092245964798,0.05113692049814243,,0.35952262555942316
datafly_shuffled,35,0.12520721437570448,0.06097560975609756,0.22800212187520721,0.9498907262269939,0.535714684412591,0.06476763283149044,,0.7621415547820322
mondrian,35,0.5233372684116953,0.774390243902439,0.1621245275512234,0.457795316934598,0.001025549713618823,0.04928759005349486,,0.6421349245814686
datafly_shuffled,36,0.1724092677320248,0.07926829268292683,0.2076453816059943,0.9136886966959141,0.4090135820335412,0.06192892223456748,,0.7787170561909498
mondrian,36,0.619733725313954,0.8963414634146342,0.14856441880511903,0.4208854056984703,0.0008226008130680449,0.04804451828091291,,0.7971158627548484
datafly_shuffled,37,0.18929723935194398,0.12804878048780488,0.24888933094622373,0.8528666805541483,0.1762676010564546,0.0589373544604961,,0.30813857119177857
mondrian,37,0.5319529750958257,0.7926829268292683,0.1735627610901134,0.4597766559335379,0.0008685520882458296,0.0526069619463758,,0.7961213326703133
datafly_shuffled,38,0.1566628170840425,0.07317073170731707,0.21162389761952125,0.9108734798547431,0.3938060930318059,0.06345662285447203,,0.7757334659373446
mondrian,38,0.6466750408772536,0.8780487804878049,0.14083946687885418,0.42531678321296285,0.00044212768412375,0.04526451626166609,,0.6185977125808055
datafly_shuffled,39,0.1529822292951396,0.07317073170731707,0.2063192096014853,0.8809150024381455,0.25032824427907174,0.0632107806867307,,0.7797115862754849
mondrian,39,0.5620807939924677,0.8292682926829268,0.1539022611232677,0.41041667409048893,0.0007233049922874977,0.04692153340480664,,0.6577158959058511
datafly_shuffled,40,0.24759631324182751,0.10365853658536585,0.24892248524633645,0.8117363613463061,0.1250859003271686,0.05413187486758496,,0.6403116194264876
mondrian,40,0.6944109233944615,0.8719512195121951,0.1350374643591274,0.412541396872633,0.0005331772493693308,0.04528508356559831,,0.7760649759655229
datafly_shuffled,41,0.2134542912715779,0.06097560975609756,0.24762946754194018,0.8746446286986536,0.30344881973483584,0.05881730525083251,,0.4409083374772087
mondrian,41,0.6410994343247025,0.8658536585365854,0.15552682182879118,0.43232642425635937,0.0006791827985826781,0.044347330191954346,,0.689540858610973
datafly_shuffled,42,0.23523390358729523,0.10365853658536585,0.24892248524633645,0.8295113130103007,0.1993505784674611,0.05974926117124709,,0.6648433615116858
mondrian,42,0.6050717846059679,0.8292682926829268,0.15758238843578012,0.4228849959927215,0.00038098755810856636,0.0501593318607853,,0.7255096966683242
datafly_shuffled,43,0.2340113387706385,0.06707317073170732,0.24892248524633645,0.8873819054549276,0.26254561816030975,0.05684264322253328,,0.3084700812199569
mondrian,43,0.6097505579724787,0.823170731707317,0.15151515151515152,0.39552112231088843,0.0004775815265690726,0.049381418715771216,,0.831592905685397
datafly_shuffled,44,0.13888888888888873,0.10975609756097561,0.24892248524633645,0.8560716185389394,0.16731251269667238,0.06333848672027705,,0.5007458975634013
mondrian,44,0.6357053287360713,0.8902439024390244,0.15128307141436245,0.43732883019156354,0.0007088921820269697,0.05119704363228132,,0.4307972816177689
datafly_shuffled,45,0.2822356497137679,0.0975609756097561,0.2477620847423911,0.7834036815361357,0.17299219099606417,0.053370781519631406,,0.5977125808055693
mondrian,45,0.5651156827244439,0.8109756097560976,0.15128307141436245,0.4521925040654505,0.0008652962352873424,0.050167325270765444,,0.778882811205039
datafly_shuffled,46,0.1804975355303583,0.07317073170731707,0.24892248524633645,0.8735111172223553,0.2454749898368363,0.060652153169631955,,0.604840046411404
mondrian,46,0.5645761058581007,0.8475609756097561,0.1547311186260858,0.43367701723176133,0.0006477256750290029,0.05044868161305189,,0.7745731808387204
datafly_shuffled,47,0.21672965983688086,0.06097560975609756,0.24762946754194018,0.8504187157506735,0.2359197978727791,0.05725193710063219,,0.4510193933366484
mondrian,47,0.6450580598088657,0.8902439024390244,0.15065313971222066,0.41530058602235953,0.0006761116125036731,0.0467006738352591,,0.6126305320735952
datafly_shuffled,48,0.22125522180226775,0.06097560975609756,0.2487235594456601,0.8537728220150665,0.21626056419310702,0.05700300693329193,,0.6308635836234046
mondrian,48,0.6092732905994094,0.8658536585365854,0.16666666666666666,0.4599769037870259,0.000917121675964842,0.04232018469636815,,0.660367976131278
datafly_shuffled,49,0.22391032866962846,0.06097560975609756,0.24892248524633645,0.8502418468387453,0.2026300006356498,0.05600033194732186,,0.6366650091165258
mondrian,49,0.5723630897800255,0.8170731707317073,0.1652078774617068,0.46118812902496936,0.0008195186349128802,0.05063420229214108,,0.8158461793469253
datafly_shuffled,50,0.1886023804787481,0.07926829268292683,0.24892248524633645,0.8968489740774765,0.32429147792117735,0.06089055078187542,,0.5007458975634013
mondrian,50,0.597863429909886,0.9024390243902439,0.16169352164975798,0.45119786520576677,0.0011367653417868905,0.04802305306848103,,0.8395491463616774
datafly_shuffled,51,0.17023351678712728,0.06707317073170732,0.24888933094622373,0.8883627511505977,0.2737981010010084,0.06245861777296905,,0.49925410243659873
mondrian,51,0.6235233114532105,0.8475609756097561,0.15605729063059479,0.447763615393157,0.0007914426739859121,0.048978095068445734,,0.8073926736283773
datafly_shuffled,52,0.20393440237532134,0.10365853658536585,0.2380810291094755,0.7721965726158107,0.1202519413754238,0.05658540763346761,,0.7037957898226421
mondrian,52,0.6288562918304583,0.8597560975609756,0.14074000397851602,0.39998597746477316,0.0005836242836964106,0.03986995271000855,,0.8339134758826454
datafly_shuffled,53,0.15698837389209386,0.06707317073170732,0.24892248524633645,0.8638481020802242,0.2172730575186634,0.0640842970991874,,0.6713078070611636
mondrian,53,0.5506714165235129,0.8475609756097561,0.16351700815595782,0.47253516433464887,0.001419973985624941,0.05167529464330495,,0.817503729487817
datafly_shuffled,54,0.23140366097149456,0.10975609756097561,0.24892248524633645,0.8297531317472776,0.18087363271378343,0.05856672747650491,,0.6777722526106414
mondrian,54,0.6347766301643489,0.926829268292683,0.13221934884954578,0.4132860551172919,0.0005587843899908423,0.04488085446627263,,0.8286093154317918
datafly_shuffled,55,0.21792045178259623,0.06097560975609756,0.24892248524633645,0.8433983290733534,0.19567153717207322,0.05842088898808224,,0.39996684899718216
mondrian,55,0.5428890693844484,0.8719512195121951,0.1421987931834759,0.43184304121546185,0.0010307049973376971,0.04976571591470224,,0.7792143212332173
datafly_shuffled,56,0.15472835576774313,0.054878048780487805,0.24892248524633645,0.8770311944569564,0.2822979723123759,0.06015121999738003,,0.49892259240842035
mondrian,56,0.6608712120466411,0.8719512195121951,0.14425435979046483,0.42044218399308464,0.0004331295705794637,0.043915656066584964,,0.6527432454831759
datafly_shuffled,57,0.1611437128395553,0.036585365853658534,0.24892248524633645,0.9284675949565476,0.4350663502162258,0.06158178761517076,,0.5032322227747389
mondrian,57,0.6576645994110437,0.823170731707317,0.15449903852529673,0.4449888256664075,0.0007747391150537138,0.043577103042209256,,0.7884966020222112
datafly_shuffled,58,0.16821386733859378,0.06707317073170732,0.247894701942842,0.8784547147957299,0.25078368996267053,0.06240614704983335,,0.5413558760152495
mondrian,58,0.585756918963508,0.8902439024390244,0.1611962071480671,0.46892229519177336,0.0008095466234208492,0.05218154049313831,,0.6376595392010609
datafly_shuffled,59,0.18511289039188383,0.06707317073170732,0.2487235594456601,0.8711893642235158,0.2402102316346579,0.058530712607205646,,0.7200397812033814
mondrian,59,0.6314500684625857,0.8719512195121951,0.1431271135866322,0.4160675550270782,0.0005923453969214739,0.04250094950850117,,0.7067793800762473
datafly_shuffled,60,0.13888428412498444,0.12195121951219512,0.2361912340030502,0.8768707872763049,0.25758599559549267,0.06385572026908352,,0.6850654732305652
mondrian,60,0.6674404021160973,0.9024390243902439,0.15509581592732577,0.43136472667393766,0.0006990498770336226,0.049429373299770075,,0.6336814188629206
datafly_shuffled,61,0.15400264497638683,0.07926829268292683,0.23841257211060274,0.9227673508387683,0.43030778811327525,0.0641522314056938,,0.528758494944472
mondrian,61,0.577504178739351,0.8902439024390244,0.14889596180624626,0.45709788955367314,0.0007408021791184224,0.05391679261025598,,0.5957235206364992
datafly_shuffled,62,0.17104165285237494,0.07317073170731707,0.24892248524633645,0.9116512001434044,0.39288224860206183,0.06548341530262328,,0.5032322227747389
mondrian,62,0.5391344067906749,0.8475609756097561,0.17903322060871296,0.4706396238460116,0.0007957229884424783,0.05261699681457031,,0.7230233714569866
datafly_shuffled,63,0.19694483124461237,0.07926829268292683,0.24892248524633645,0.8290991889902009,0.2098001429066631,0.06138289550788884,,0.5113542184651085
mondrian,63,0.64036935940098,0.8719512195121951,0.14561368609508654,0.42800064795053866,0.0007870150657088066,0.04412560594009557,,0.8085529587270015
datafly_shuffled,64,0.12520721437570448,0.04878048780487805,0.20781115310655793,0.9420329321773269,0.5024168585630346,0.06400149558239167,,0.7797115862754849
mondrian,64,0.5955371024395986,0.8780487804878049,0.1536370267223659,0.4603944068822914,0.0007631688556880704,0.04290972080819098,,0.8412066965025692
datafly_shuffled,65,0.16450334858431137,0.04878048780487805,0.20675021550295072,0.940847555524249,0.5007359700624386,0.06105435121886528,,0.781700646444555
mondrian,65,0.6432070232052955,0.9085365853658537,0.14936012200782442,0.4244603794003567,0.0005171002387782324,0.04678135460864534,,0.8320901707276646
datafly_shuffled,66,0.17051394690891408,0.07317073170731707,0.24892248524633645,0.8976512468474335,0.3186629963157067,0.05868563820410433,,0.5037294878170064
mondrian,66,0.6839295457196456,0.9024390243902439,0.13941383197400703,0.4016152126231758,0.0006315255531849165,0.04731911178274071,,0.739433117851815
datafly_shuffled,67,0.1744252333694346,0.07926829268292683,0.21218752072143757,0.8576943161694506,0.2122022215240935,0.061667154883951865,,0.7278302668655727
mondrian,67,0.6008022950993409,0.8475609756097561,0.14130362708043234,0.45794867717493665,0.0008717551792387505,0.04693253342846886,,0.454334493618432
datafly_shuffled,68,0.15859912030590384,0.13414634146341464,0.24892248524633645,0.8491737874911914,0.17948668991701822,0.06116447009852405,,0.5020719376761147
mondrian,68,0.5884407293563476,0.8414634146341463,0.1348053842583383,0.4287884241842853,0.0005891884726484235,0.043505487565259404,,0.8286093154317918
datafly_shuffled,69,0.21713073477296674,0.09146341463414634,0.24593859823619124,0.8059290623986123,0.13386805914639205,0.05566774108162803,,0.5004143875352229
mondrian,69,0.6923138093730055,0.9146341463414634,0.12767720973410251,0.3871175705904392,0.000417993481707631,0.04737574193495605,,0.7894911321067463
datafly_shuffled,70,0.13239755321265168,0.042682926829268296,0.24892248524633645,0.9209193218790495,0.40405570501041826,0.0649876035263237,,0.5821316094811868
mondrian,70,0.60662539456861,0.8719512195121951,0.16056627544592533,0.4367128398699731,0.0006755048498996606,0.048491694576773985,,0.7077739101607824
datafly_shuffled,71,0.24665694140530026,0.10365853658536585,0.24892248524633645,0.8571037798360263,0.2700334050513541,0.054658219597911124,,0.3373114536714736
mondrian,71,0.5868712740189335,0.8780487804878049,0.15668722233273655,0.46234987792106896,0.0011346306805966873,0.05247793872959529,,0.5219625393668158
datafly_shuffled,72,0.1670147868178503,0.07926829268292683,0.24892248524633645,0.9432029630903381,0.511284401631451,0.0624840798711349,,0.5032322227747389
mondrian,72,0.5609521924127334,0.8109756097560976,0.15807970293747098,0.49124699396289484,0.0020495055761944976,0.046816299163619804,,0.4485330681253108
datafly_shuffled,73,0.11111111111111116,0.08536585365853659,0.24209269942311518,0.9425166170227315,0.508123471845848,0.06694833670536825,,0.5007458975634013
mondrian,73,0.6086664144094969,0.8719512195121951,0.16703136396790663,0.45613815451556067,0.0009534570829181681,0.04149297602482159,,0.7286590419360186
datafly_shuffled,74,0.17149890590809624,0.06707317073170732,0.24892248524633645,0.8709712857247247,0.27189194528842703,0.06307108281944168,,0.4442234377589922
mondrian,74,0.5966260288049272,0.8048780487804879,0.15675353093296202,0.4490055158533383,0.0007317051368886993,0.051177238740295686,,0.7376098126968341
datafly_shuffled,75,0.1886023804787481,0.06097560975609756,0.24892248524633645,0.8693051376490389,0.27801985846945687,0.056525029070660704,,0.4243328360682911
mondrian,75,0.5862224499678796,0.8902439024390244,0.1457131489954247,0.42543304954030753,0.0007958592901868578,0.04632422958782318,,0.7212000663020056
datafly_shuffled,76,0.20291951241075967,0.08536585365853659,0.21835422054240436,0.9164436422544252,0.3972232415174445,0.05768095172248719,,0.7749046908668987
mondrian,76,0.5661248861784393,0.8475609756097561,0.15244347191830782,0.4308543078787391,0.0006330512533558754,0.05093447734580657,,0.46411403944969337
datafly_shuffled,77,0.2030456829417443,0.13414634146341464,0.24030236721702805,0.7700977828006125,0.06804711798293503,0.05880720967314341,,0.5421846510856954
mondrian,77,0.5576835909394866,0.8048780487804879,0.17429215569259332,0.4741677465169431,0.0010109412444026535,0.05223287740285926,,0.6665009116525775
datafly_shuffled,78,0.17980405808633382,0.06707317073170732,0.24892248524633645,0.880136459357573,0.2722668102601147,0.06147794794289698,,0.5184816840709432
mondrian,78,0.5823447418838554,0.8536585365853658,0.15953849214243088,0.46143327634387304,0.001200992042787703,0.05252950530686066,,0.7901541521631029
datafly_shuffled,79,0.1848582469479626,0.07926829268292683,0.22641071546979644,0.9161648306128837,0.4174247912586051,0.0646723900288038,,0.5289242499585612
mondrian,79,0.6686957164051412,0.8475609756097561,0.13109210264571314,0.4118844170313126,0.0004149025098915385,0.04738869020071556,,0.7336316923586939
datafly_shuffled,80,0.20128390027186527,0.07317073170731707,0.24892248524633645,0.8796077075792214,0.2526135452777973,0.058804980207152385,,0.5043925078733632
mondrian,80,0.6700125375230463,0.8414634146341463,0.15294078641999867,0.4293658704589073,0.0005736632642805393,0.038953514251703465,,0.8108735289242499
datafly_shuffled,81,0.18806316262552603,0.06097560975609756,0.24892248524633645,0.8900970781555074,0.37563553601217176,0.062214650642627364,,0.4979280623238853
mondrian,81,0.5159438067275222,0.8109756097560976,0.17071149128041907,0.47595505023194384,0.0011543614573032521,0.04868725751409669,,0.6749544173711255
datafly_shuffled,82,0.17158041022920678,0.08536585365853659,0.2061865924010344,0.8793607739738785,0.2831076926106001,0.0640268212223101,,0.78269517652909
mondrian,82,0.6372515289438084,0.9085365853658537,0.13782242556859625,0.4092489861725151,0.0006644754006810716,0.04908583784082201,,0.809050223769269
datafly_shuffled,83,0.16708800256393253,0.07317073170731707,0.2182879119421789,0.9193136177242408,0.4207097644252544,0.06426180232435903,,0.5333996353389691
mondrian,83,0.6422251900857726,0.9329268292682927,0.15731715403487834,0.44519399919567354,0.0006090973209887746,0.04094462895547442,,0.6729653572020554
datafly_shuffled,84,0.21829205622969294,0.06097560975609756,0.24892248524633645,0.8563488137688585,0.2410989563810719,0.057651709225467036,,0.4601359191115531
mondrian,84,0.578441397103042,0.8841463414634146,0.15599098203036935,0.44888607606268927,0.0009196938217861991,0.049157756456014196,,0.7465605834576496
datafly_shuffled,85,0.16971778322981834,0.07317073170731707,0.2243551488628075,0.9200657037682018,0.42568497155565066,0.06280490837283546,,0.5063815680424333
mondrian,85,0.6385694010944141,0.9024390243902439,0.1465420064982428,0.4217888029727522,0.00040834024042422977,0.045464300387924574,,0.5610807226918614
datafly_shuffled,86,0.1531664198513213,0.07926829268292683,0.21129235461839402,0.9175074425565195,0.41291283858271144,0.060759828834860856,,0.7757334659373446
mondrian,86,0.6027876082962169,0.8841463414634146,0.14090577547907965,0.4127233879016892,0.0005841519033520737,0.0491397994761993,,0.7483838886126305
datafly_shuffled,87,0.15666926375350887,0.07926829268292683,0.24162853922153704,0.9278731171805035,0.4519646843411425,0.06128456133626385,,0.5309133101276313
mondrian,87,0.5889949350169754,0.9024390243902439,0.14912804190703535,0.46049055883158835,0.00138577543827705,0.044446299964911395,,0.6331841538206531
datafly_shuffled,88,0.16828984594301877,0.06707317073170732,0.24892248524633645,0.8902152090209526,0.26650792745674695,0.06013636121043924,,0.4455494778717056
mondrian,88,0.6923493381559791,0.8963414634146342,0.14846495590478084,0.4221114700412977,0.0005094233727883354,0.03730572472667863,,0.7220288413724515
datafly_shuffled,89,0.15666926375350887,0.06097560975609756,0.24892248524633645,0.8654140850458297,0.22835624260076637,0.06138176004049676,,0.684899718216476
mondrian,89,0.6281597305462181,0.8414634146341463,0.15655460513228567,0.447820101500667,0.0010612761595529048,0.04101424110435621,,0.7079396651748715
datafly_shuffled,90,0.2163801582565259,0.09146341463414634,0.24892248524633645,0.8136821109493706,0.17584948886032445,0.05752922025937983,,0.5912481352560915
mondrian,90,0.6882972373627605,0.9085365853658537,0.16341754525561966,0.4403807410146897,0.000533977472513753,0.037142513811552556,,0.7192110061329355
datafly_shuffled,91,0.2034693212209624,0.1524390243902439,0.2452092036337113,0.7966994268087266,0.09191813052431794,0.06241866450052894,,0.5063815680424333
mondrian,91,0.6620031360008182,0.926829268292683,0.1415025528811087,0.43724975021569934,0.001024158116777012,0.0474889304431295,,0.7087684402453174
datafly_shuffled,92,0.22362022854364216,0.06097560975609756,0.24892248524633645,0.8597368864702163,0.21244827035526623,0.05856777871041093,,0.4322890767445715
mondrian,92,0.580355522281196,0.8475609756097561,0.16786022147072474,0.47332145773921597,0.0007567472847956051,0.047457535841925434,,0.3939996684899718
datafly_shuffled,93,0.17149890590809624,0.06707317073170732,0.24792785624295471,0.8647773036794257,0.2210357023469063,0.06113499298907848,,0.7235206364992541
mondrian,93,0.582140401524003,0.8780487804878049,0.15105099131357336,0.45840056393998757,0.0006865518864401049,0.04686929826261102,,0.4450522128294381
datafly_shuffled,94,0.1720459518599562,0.06707317073170732,0.24882302234599826,0.9065196602396549,0.36941872991123886,0.06085286472021277,,0.5068788330847008
mondrian,94,0.6097785061861776,0.8658536585365854,0.1474371726012864,0.4260984673061514,0.0005049803756046065,0.04579334909911896,,0.5622410077904857
datafly_shuffled,95,0.15281829970013783,0.08536585365853659,0.22292951395796035,0.9059688372939717,0.3497904081481429,0.06195982750060244,,0.7306481021050887
mondrian,95,0.5125625807921674,0.8048780487804879,0.1470393209999337,0.43962562378331094,0.0008273691757060994,0.048815755690258894,,0.7730813857119178
datafly_shuffled,96,0.172493534911478,0.06707317073170732,0.24786154764272927,0.8691438789458218,0.24897329282076155,0.06215059613048885,,0.5017404276479364
mondrian,96,0.6285188662434433,0.8780487804878049,0.14130362708043234,0.4482385207994179,0.0005948098203964665,0.04107752708312678,,0.7603182496270512
datafly_shuffled,97,0.1979063059478814,0.12195121951219512,0.23307472979245408,0.894746068995898,0.2994048876776676,0.06204045158178356,,0.5050555279297199
mondrian,97,0.5305797698090827,0.8963414634146342,0.15585836482991844,0.4516596001828448,0.0007586181361579768,0.05144595407125241,,0.674457152328858
datafly_shuffled,98,0.15400586831111995,0.07317073170731707,0.24892248524633645,0.8520369077174221,0.21791495959174303,0.06309148080042568,,0.6084866567213658
mondrian,98,0.5821712350790362,0.8841463414634146,0.15347125522180227,0.474486472953964,0.0010046713641611914,0.04605518075364626,,0.756340129288911
datafly_shuffled,99,0.15309688791636278,0.09146341463414634,0.24892248524633645,0.8436872866608707,0.14336101617364852,0.06457753210835347,,0.5017404276479364
mondrian,99,0.6772052827219892,0.9146341463414634,0.1363967906637491,0.4348457843308239,0.0013282604989793177,0.044536653733297384,,0.7016409746394828
datafly_shuffled,100,0.12520721437570448,0.06097560975609756,0.22432199456269478,0.9467034891394186,0.5215846760890831,0.0669981692357206,,0.7654566550638157
mondrian,100,0.7012668337491268,0.9390243902439024,0.13676148796498905,0.4111023083212574,0.0003979747126056835,0.04256259787917425,,0.6297032985247804
datafly_shuffled,101,0.19167744181420332,0.06097560975609756,0.2487235594456601,0.8582844696121938,0.2226312197888008,0.059574678848041726,,0.6229073429471241
mondrian,101,0.5813346338827168,0.8841463414634146,0.15665406803262383,0.4618632056132731,0.001363070205761685,0.052479532792049324,,0.6399801093983093
datafly_shuffled,102,0.2076108458767102,0.06707317073170732,0.24892248524633645,0.8750861075123602,0.26725938755290973,0.05864736924671813,,0.41670810542018893
mondrian,102,0.636994356142224,0.8536585365853658,0.15559313042901665,0.404436815921648,0.00044262012913570215,0.04240928778846108,,0.7717553455992043
datafly_shuffled,103,0.2241576044913025,0.08536585365853659,0.206717061202838,0.8773205091679511,0.2351588626069667,0.058579049150845594,,0.7851815017404277
mondrian,103,0.594918907851866,0.8475609756097561,0.14405543398978848,0.4244092536581194,0.0008732347126898389,0.04386037945782326,,0.7812033814022874
datafly_shuffled,104,0.15666926375350887,0.06707317073170732,0.24892248524633645,0.8767952338874447,0.2523947062319501,0.05960602381287391,,0.5198077241836565
mondrian,104,0.5865591515163595,0.8902439024390244,0.16199191035077248,0.44822427257647446,0.0008628164229057263,0.048718949094608784,,0.8063981435438422
datafly_shuffled,105,0.21029219989832681,0.06097560975609756,0.24892248524633645,0.8580380974396669,0.21533590195289665,0.05874990498462772,,0.4337808718713741
mondrian,105,0.6460179078373394,0.9146341463414634,0.16364962535640873,0.4827945608608866,0.0009110078832048467,0.046776482253939745,,0.7621415547820322
datafly_shuffled,106,0.20961207626962564,0.0975609756097561,0.24875671374577282,0.8154017673996357,0.1320020508927762,0.05749595814040495,,0.7031327697662855
mondrian,106,0.6481057356625995,0.8414634146341463,0.14236456468403952,0.419494272616596,0.0007050889236757321,0.04058083180327669,,0.8271175203049892
datafly_shuffled,107,0.1530904412468964,0.06707317073170732,0.24892248524633645,0.8928634751984644,0.32104942221668575,0.06323965424108187,,0.5032322227747389
mondrian,107,0.6058964512143497,0.8963414634146342,0.1426297990849413,0.435286026293111,0.0006791300366171119,0.04374902963365078,,0.6776064975965523
datafly_shuffled,108,0.18740053709966187,0.06707317073170732,0.24892248524633645,0.8632474297066179,0.21660863048311743,0.06386822136074952,,0.43344936184319577
mondrian,108,0.5173024123027002,0.7804878048780488,0.17193820038458987,0.4977664247448359,0.0013947317819319295,0.048077972210107275,,0.6850654732305652
datafly_shuffled,109,0.1557865305130075,0.04878048780487805,0.24892248524633645,0.9073272271339882,0.3215545081162215,0.06203867004355343,,0.5007458975634013
mondrian,109,0.5117517211116054,0.8109756097560976,0.16069889264637624,0.444634596647112,0.000776066957853799,0.0504980186049677,,0.8218133598541356
datafly_shuffled,110,0.17760620427469442,0.06097560975609756,0.24892248524633645,0.8963625346072012,0.3580923451441037,0.061594382206006264,,0.5997016409746395
mondrian,110,0.5474581020455506,0.8536585365853658,0.1609309727471653,0.4844844070731422,0.0011150252135583426,0.05196962940148203,,0.49345267694347755
datafly_shuffled,111,0.17372438830316295,0.07317073170731707,0.24892248524633645,0.8601041797112853,0.20789648239537,0.060730035450841865,,0.6913641637659539
mondrian,111,0.6621461459390101,0.8536585365853658,0.14554737749486107,0.4380278968930413,0.0008187975547168073,0.03941183696356931,,0.6790982927233549
datafly_shuffled,112,0.16966989368521102,0.07317073170731707,0.24892248524633645,0.887270669751084,0.29046307774588626,0.06370851467118212,,0.5007458975634013
mondrian,112,0.616194479587928,0.8902439024390244,0.1637490882567469,0.45692967144637664,0.0008042748236946829,0.047377407660668905,,0.8004309630366319
datafly_shuffled,113,0.19281297659306407,0.054878048780487805,0.24892248524633645,0.8651128522076957,0.278300110244808,0.056560477890933665,,0.4601359191115531
mondrian,113,0.6688255075482634,0.926829268292683,0.14306080498640675,0.4346936062413631,0.0007075401566593333,0.042946127942945035,,0.7372783026686557
datafly_shuffled,114,0.2041144486439891,0.06707317073170732,0.24892248524633645,0.874831284999708,0.2659656663556393,0.05882731218897627,,0.3268688877838555
mondrian,114,0.6338641963830907,0.8841463414634146,0.16023473244479808,0.4460480012364367,0.0007025849287265647,0.04518520457912116,,0.8301011105585944
datafly_shuffled,115,0.15400586831111995,0.11585365853658537,0.24892248524633645,0.8632156063942059,0.25066021157433876,0.06156866102337067,,0.5184816840709432
mondrian,115,0.5555942538422667,0.823170731707317,0.1607983555467144,0.45426795525481994,0.0007284866569891549,0.04789343982852829,,0.6308635836234046
datafly_shuffled,116,0.2319198550051942,0.06097560975609756,0.24892248524633645,0.8492690713712508,0.20056981955508904,0.05621940302852402,,0.4500248632521134
mondrian,116,0.5816556043365975,0.8902439024390244,0.14508321729328294,0.4385906599657654,0.0008785065124160051,0.04884987644514942,,0.8388861263053208
datafly_shuffled,117,0.1681102601507416,0.08536585365853659,0.21818844904184073,0.9146203479419192,0.40267857374083316,0.06564136993568066,,0.7641306149511022
mondrian,117,0.6654340332168058,0.9024390243902439,0.1367946422651018,0.4117116986270947,0.0004968682233987877,0.051992596517431836,,0.7652909000497266
datafly_shuffled,118,0.12547935592246318,0.054878048780487805,0.21255221802267754,0.9433665084258481,0.5078864233266348,0.06689789769391627,,0.7749046908668987
mondrian,118,0.6373731491011667,0.8536585365853658,0.1575492341356674,0.4468846538742756,0.0014633772975489196,0.04680297609977093,,0.6176031824962706
datafly_shuffled,119,0.12499861857082861,0.06097560975609756,0.2137126185266229,0.9454667979563539,0.5096261172362697,0.06631084925952702,,0.5007458975634013
mondrian,119,0.6755423347377453,0.8597560975609756,0.13334659505337842,0.3987510781770799,0.0005119251693222709,0.04258603465307821,,0.8221448698823139
datafly_shuffled,120,0.23273351678712728,0.11585365853658537,0.22385783436111664,0.7819557792951649,0.07236325121887505,0.05753844965765235,,0.4651085695342284
mondrian,120,0.6498961150814988,0.8658536585365854,0.15052052251176978,0.4285319472802642,0.00041218307024964203,0.046054466146760765,,0.6348417039615448
datafly_shuffled,121,0.17131932011581907,0.10975609756097561,0.24892248524633645,0.8713002048025217,0.22272078102693435,0.06100079427252934,,0.5040609978451848
mondrian,121,0.5446671435971652,0.7987804878048781,0.16610304356475034,0.455865355112845,0.0006915752652450633,0.04568114876227635,,0.6742913973147687
datafly_shuffled,122,0.17302262228411025,0.06707317073170732,0.24892248524633645,0.8907308715281897,0.3691074606953805,0.06358917940681295,,0.5161611138736947
mondrian,122,0.5231297348717885,0.7682926829268293,0.16242291625223793,0.4641367814978373,0.0007590424302977392,0.04879667761048836,,0.5761644289739765
datafly_shuffled,123,0.17208739473509715,0.07317073170731707,0.24892248524633645,0.897910205875919,0.36661313217798785,0.06419826500582491,,0.5007458975634013
mondrian,123,0.6742838857137271,0.926829268292683,0.15847755453882367,0.44388312038598265,0.0005848114279216524,0.04793754344169827,,0.813691364163766
datafly_shuffled,124,0.11108900824436929,0.054878048780487805,0.23854518931105365,0.9533152406372636,0.5485479025511646,0.06479348408836187,,0.5027349577324715
mondrian,124,0.4762720133628088,0.7682926829268293,0.18878058484185398,0.5301108992173434,0.0020754160981180155,0.055372863143645465,,0.7218630863583624
datafly_shuffled,125,0.15283994209048912,0.10975609756097561,0.19915788077713678,0.9270311555812868,0.4568889893652586,0.06575551473263887,,0.7913144372617271
mondrian,125,0.6100499008570095,0.8414634146341463,0.15274186061932232,0.4238498268721547,0.0007709930154985064,0.044535214200072004,,0.808055693684734
datafly_shuffled,126,0.15328890657118233,0.08536585365853659,0.24892248524633645,0.8662174670816475,0.23821900604626184,0.06404798909735668,,0.6127962870876844
mondrian,126,0.6940772424872104,0.9207317073170732,0.12973277634109143,0.4044815315880204,0.0005227831421527693,0.04503281499671804,,0.8425327366152826
datafly_shuffled,127,0.1904175784099198,0.06097560975609756,0.24786154764272927,0.8738906886889287,0.26082527689996154,0.06158166631895083,,0.5052212829438091
mondrian,127,0.6211050458167673,0.8475609756097561,0.1470393209999337,0.41483640943795447,0.0008311856245487285,0.044150810771461435,,0.8368970661362506
datafly_shuffled,128,0.1705788740799682,0.07317073170731707,0.24888933094622373,0.8796818092321024,0.2449686046738985,0.06484408314343737,,0.49245814685894246
mondrian,128,0.5442431344666676,0.8536585365853658,0.15705191963397652,0.4764861534144411,0.0013004439510497171,0.055091891629030776,,0.7337974473727831
datafly_shuffled,129,0.13888888888888884,0.07317073170731707,0.20661759830249984,0.8870895557023677,0.2674002971756155,0.0642813866098677,,0.7853472567545168
mondrian,129,0.634272607854607,0.8719512195121951,0.14136993568065778,0.40767069499653236,0.0005687168300086985,0.04239639354467204,,0.7606497596552295
datafly_shuffled,130,0.16450334858431137,0.06097560975609756,0.20675021550295072,0.9417386722511144,0.5008900437955531,0.06117347421484957,,0.7813691364163766
mondrian,130,0.6176180149441477,0.8475609756097561,0.15977057224321994,0.43970430754817047,0.00060855651084172,0.04962429496108379,,0.5723520636499254
datafly_shuffled,131,0.22749790022765948,0.10365853658536585,0.24892248524633645,0.8326125701557723,0.18426202153135793,0.06097227411004962,,0.5786507541853141
mondrian,131,0.689595766522124,0.9207317073170732,0.13162257144751674,0.4076031897790998,0.00047903028220691395,0.04212170726337679,,0.7858445217967843
datafly_shuffled,132,0.18427160002652343,0.06707317073170732,0.24892248524633645,0.8653052048608197,0.23765013752560213,0.06036562117411507,,0.5862754848334162
mondrian,132,0.6534138272909437,0.8902439024390244,0.1449174457927193,0.3977022582210789,0.0005449915328257184,0.0451990032484219,,0.49312116691529917
datafly_shuffled,133,0.19015786972570348,0.0975609756097561,0.24892248524633645,0.8569731821666896,0.20728836556757468,0.060129831962600924,,0.5032322227747389
mondrian,133,0.5233798903487521,0.8048780487804879,0.16311915655460513,0.44972431555924625,0.0010696081532819168,0.050170284263540685,,0.8092159787833582
datafly_shuffled,134,0.19227606112179418,0.07926829268292683,0.20675021550295072,0.9278643456602723,0.4561441552926049,0.05668172357076664,,0.7831924415713575
mondrian,134,0.6648810237694409,0.9024390243902439,0.15552682182879118,0.4421926670767184,0.0007735102009390653,0.04572508070282734,,0.4024531742085198
datafly_shuffled,135,0.19228112636208916,0.08536585365853659,0.206717061202838,0.8957313798212373,0.2839927416067463,0.05991968067557142,,0.7838554616277142
mondrian,135,0.6250499776279317,0.9146341463414634,0.1575492341356674,0.4403329796940694,0.0007125679322947554,0.04598013583478594,,0.5673794132272502
datafly_shuffled,136,0.11111111111111116,0.042682926829268296,0.21125920031828127,0.9420474743025115,0.5058973192089375,0.06620496776755116,,0.7783855461627714
mondrian,136,0.5694334700057089,0.7865853658536586,0.17037994827929182,0.46219592815918276,0.0007723670250184622,0.0480496361608844,,0.715895905851152
datafly_shuffled,137,0.11111111111111116,0.042682926829268296,0.24892248524633645,0.9118604717185909,0.3493739359697758,0.06290859979417379,,0.5007458975634013
mondrian,137,0.6207974149630979,0.8658536585365854,0.16116305284795437,0.4624035059582554,0.0009786333341542217,0.050353298501931563,,0.662357036300348
datafly_shuffled,138,0.19373024556284946,0.06707317073170732,0.24892248524633645,0.8774258937329932,0.26203851191717586,0.05906703395162061,,0.516492623901873
mondrian,138,0.5636173763491512,0.8170731707317073,0.15466481002586036,0.44018158817459924,0.0008703877649644904,0.04633530677890729,,0.5340626553953257
datafly_shuffled,139,0.11111111111111116,0.07926829268292683,0.24892248524633645,0.8870889035413226,0.2390067268032601,0.06433561080818267,,0.5007458975634013
mondrian,139,0.6382372688885776,0.8597560975609756,0.15519527882766396,0.4269390592290888,0.0004472126185552023,0.04402257537990412,,0.8025857782197912
datafly_shuffled,140,0.11111111111111116,0.042682926829268296,0.24892248524633645,0.8890141433522276,0.2589041214002528,0.06300813008130081,,0.7100944803580308
mondrian,140,0.6126770603495961,0.8719512195121951,0.14899542470658445,0.4423820244237763,0.0005982151655907249,0.04473139140412389,,0.6442897397646279
datafly_shuffled,141,0.17280711933337756,0.07317073170731707,0.24892248524633645,0.8980073547155945,0.3500641899874664,0.06574666179325409,,0.5015746726338471
mondrian,141,0.5897824584718157,0.8353658536585366,0.16935216497579736,0.47159116219588193,0.0009645568814241787,0.04678535714518478,,0.657550140891762
datafly_shuffled,142,0.1735503282275711,0.06707317073170732,0.24892248524633645,0.8846479774373389,0.2569052936919847,0.06352860205297897,,0.5053870379578982
mondrian,142,0.6480754398116267,0.8536585365853658,0.15018897951064253,0.4414464971630593,0.0007750578852623436,0.04564174523439716,,0.36101442068622575
datafly_shuffled,143,0.15821830633099787,0.25,0.24892248524633645,0.9023675607633089,0.392410659955415,0.06464079236351346,,0.5040609978451848
mondrian,143,0.5812221176418824,0.8292682926829268,0.15075260261255885,0.41706649510391436,0.0006111858154591073,0.049513989359316904,,0.5506381568042433
datafly_shuffled,144,0.18116476582012686,0.06707317073170732,0.24892248524633645,0.8814172973749016,0.31323499918731185,0.06354334965171812,,0.4337808718713741
mondrian,144,0.579462821917367,0.8658536585365854,0.15672037663284927,0.4595933098527156,0.0013976886504188744,0.04927799778282043,,0.8362340460798939
datafly_shuffled,145,0.20001436686338214,0.12804878048780488,0.21178966912008487,0.790766005671748,0.07543086267471306,0.05570092700169553,,0.7183822310624897
mondrian,145,0.6779313767154591,0.9146341463414634,0.14660831509846828,0.4104547256944405,0.0006064636195409233,0.043597533069430934,,0.775236200895077
datafly_shuffled,146,0.18408372565921804,0.08536585365853659,0.20668390690272528,0.8716721188761489,0.24212594825508288,0.061759966708230835,,0.7808718713741091
mondrian,146,0.5499828112739118,0.8597560975609756,0.15967110934288178,0.4644762666849518,0.0011236561917588967,0.04800102148986843,,0.4999171224929554
datafly_shuffled,147,0.18647497955484826,0.07926829268292683,0.24882302234599826,0.8540542049931081,0.23936209842708622,0.0631192172027151,,0.5012431626056688
mondrian,147,0.5855318119107635,0.8536585365853658,0.15184669451627877,0.4505647305419694,0.0008841234633335843,0.04812617777238146,,0.6172716724680921
datafly_shuffled,148,0.15349197665937275,0.06097560975609756,0.24892248524633645,0.8796525343489496,0.23972010155394496,0.0621980633845527,,0.6053373114536714
mondrian,148,0.647822359750301,0.8353658536585366,0.14730455540083548,0.4232624634862177,0.0005126638368401991,0.038519094895638956,,0.8166749544173711
datafly_shuffled,149,0.20696986274119755,0.07926829268292683,0.20651813540216166,0.9059912490406197,0.3824708464528709,0.06012959389216928,,0.7825294215150008
mondrian,149,0.5711813685667049,0.8719512195121951,0.14239771898415224,0.47815951917220845,0.0021869197186814657,0.049627387022305215,,0.808055693684734
datafly_shuffled,150,0.2000042363827923,0.10975609756097561,0.24192692792255155,0.8640251132318015,0.2513983514726113,0.06196392124802489,,0.5103596883805736
mondrian,150,0.6384171774337903,0.8658536585365854,0.14796764140309,0.42390320515387353,0.0008116505067978055,0.04612201087509936,,0.8117023039946958
datafly_shuffled,151,0.17693759255575447,0.054878048780487805,0.24892248524633645,0.8612867715714332,0.25775632221241684,0.06136836691621342,,0.3777556771092326
mondrian,151,0.6488870966569846,0.9085365853658537,0.13775611696837078,0.4298547153578195,0.0005002823622539738,0.04300946312157426,,0.6278799933697994
datafly_shuffled,152,0.19598704035246695,0.11585365853658537,0.226344406869571,0.8702745038748354,0.22907312382374617,0.06328418006181258,,0.6504226752859275
mondrian,152,0.6287000855151264,0.8780487804878049,0.14929381340759895,0.4163019692486053,0.0006163015277038066,0.04876113363024798,,0.7260069617105918
datafly_shuffled,153,0.18933591936874217,0.06097560975609756,0.24782839334261653,0.8570156533997569,0.2207194075538277,0.062347015142620095,,0.5198077241836565
mondrian,153,0.5672250461169901,0.8597560975609756,0.1547311186260858,0.4465263229105735,0.00091202574945723,0.05007769872723597,,0.6887120835405272
datafly_shuffled,154,0.20543647636098405,0.13414634146341464,0.24892248524633645,0.8082904083993216,0.14662615963490583,0.06384719823770899,,0.5103596883805736
mondrian,154,0.5802304881667937,0.9024390243902439,0.1380213513692726,0.4549244763325535,0.001056584741447968,0.048714468582484856,,0.7127465605834576
datafly_shuffled,155,0.1530904412468963,0.06707317073170732,0.24892248524633645,0.8923549281230899,0.31296668700508534,0.0628133991082302,,0.5007458975634013
mondrian,155,0.6318113228638823,0.8841463414634146,0.14289503348584312,0.44626609195266315,0.0006705474235516602,0.04922793010804219,,0.583291894579811
datafly_shuffled,156,0.1886023804787481,0.06707317073170732,0.24892248524633645,0.8869880736288642,0.3235723631083219,0.05672567660379209,,0.5078733631692358
mondrian,156,0.5393390757759351,0.8597560975609756,0.15599098203036935,0.44730955859778215,0.0008080868757068483,0.04981774157128709,,0.4840046411403945
datafly_shuffled,157,0.1835643082907853,0.09146341463414634,0.22084079305085869,0.8953299996261163,0.29792737237176214,0.06119833151658549,,0.7245151665837891
mondrian,157,0.6228489939750446,0.8963414634146342,0.15005636231019162,0.40709646852429254,0.00047749578837502735,0.049740599569419536,,0.5708602685231228
datafly_shuffled,158,0.1898387595871185,0.06707317073170732,0.24209269942311518,0.8844045776989067,0.2822064215084575,0.058177743976564486,,0.5007458975634013
mondrian,158,0.6692532195521157,0.9024390243902439,0.143027650686294,0.3910964896473612,0.0003995377858355852,0.04107348092591876,,0.608652411735455
datafly_shuffled,159,0.192641679375815,0.13414634146341464,0.24892248524633645,0.8572640299737595,0.17529867372554933,0.06298705220308409,,0.5158296038455163
mondrian,159,0.5784551148252131,0.8658536585365854,0.15668722233273655,0.4689474630929742,0.000891523329004258,0.04867824734455536,,0.7516989888944141
datafly_shuffled,160,0.217558517339699,0.07317073170731707,0.24892248524633645,0.8812076392546736,0.2598586139367452,0.058474886021985334,,0.5174871539864081
mondrian,160,0.5716527323807714,0.8414634146341463,0.16729659836880845,0.47527389059797936,0.0009507222543696482,0.04950368735161267,,0.658544670976297
datafly_shuffled,161,0.19122847733351012,0.10365853658536585,0.24892248524633645,0.8392720903920549,0.20823344449004397,0.05589617555714051,,0.49892259240842035
mondrian,161,0.6545467655515669,0.9146341463414634,0.15562628472912937,0.4586454447798772,0.0011245905182324667,0.042654788339967574,,0.7439085032322228
datafly_shuffled,162,0.2337069638765481,0.2804878048780488,0.24835886214442013,0.8513912142627744,0.2192920183136255,0.05643916145497246,,0.5007458975634013
mondrian,162,0.6074772265808269,0.8719512195121951,0.15128307141436245,0.4553226483464828,0.0012451801889494802,0.054301397121589975,,0.4791977457318084
datafly_shuffled,163,0.1388796793610797,0.08536585365853659,0.22266427955705856,0.8948250111425856,0.2824579927586928,0.06242477949694954,,0.6827449030333168
mondrian,163,0.6143008538585745,0.8658536585365854,0.15244347191830782,0.45036693751649964,0.0007228477219192565,0.0488371128655715,,0.748881153654898
datafly_shuffled,164,0.17908157062971064,0.06707317073170732,0.248856176646111,0.8310800404878327,0.20434352900719424,0.05870611031055606,,0.5602519476214155
mondrian,164,0.6252204034821647,0.8170731707317073,0.15778131423645647,0.45478552057202787,0.0007350049581518251,0.04439158143880264,,0.8249627051218299
datafly_shuffled,165,0.12506216431271133,0.04878048780487805,0.20781115310655793,0.9426572167297759,0.5025818672135128,0.06407973164424303,,0.7790485662191281
mondrian,165,0.5974719537626223,0.8292682926829268,0.15479742722631126,0.4284033694243401,0.0006298129877192436,0.04192248658070395,,0.6822476379910493
datafly_shuffled,166,0.23982761605846936,0.09146341463414634,0.24875671374577282,0.8240733359639414,0.16565486804032356,0.05327867725663529,,0.3265373777556771
mondrian,166,0.6300658377491342,0.8719512195121951,0.14064054107817783,0.42491829541624043,0.0007041787797697135,0.048303787784691465,,0.48417039615448365
datafly_shuffled,167,0.2587426047491692,0.0975609756097561,0.23589284530203566,0.8097609707023725,0.14212260270678292,0.05431441220121372,,0.6285430134261561
mondrian,167,0.5618273364150725,0.8414634146341463,0.164942643060805,0.4625672976657507,0.0006793828543687837,0.05427830834452241,,0.832587435769932
datafly_shuffled,168,0.15308399457743016,0.08536585365853659,0.24892248524633645,0.9312712839303223,0.4481316462571732,0.06646392677374159,,0.5007458975634013
mondrian,168,0.520981030995751,0.8475609756097561,0.17933160930972747,0.487232984582829,0.0009411811322630753,0.0503633214205659,,0.460964694181999
datafly_shuffled,169,0.11111111111111116,0.054878048780487805,0.24162853922153704,0.9543957219886345,0.5522711715641884,0.06326568238827406,,0.7498756837394331
mondrian,169,0.686182945474629,0.9207317073170732,0.13530269876002918,0.41471239760299083,0.0005561462917125273,0.04187294406249281,,0.6429636996519145
datafly_shuffled,170,0.20474438034613085,0.06707317073170732,0.24762946754194018,0.8732892051762997,0.26551314896112943,0.06041366458522353,,0.44472070280125975
mondrian,170,0.6144435153168097,0.8902439024390244,0.14239771898415224,0.43456145262070184,0.0011491622052797396,0.04547344870379345,,0.7972816177689375
datafly_shuffled,171,0.15392988970669497,0.09146341463414634,0.22392414296134208,0.9061238906598766,0.35397827704579127,0.06336561699613413,,0.5015746726338471
mondrian,171,0.5302236591807445,0.8597560975609756,0.1578144685365692,0.45252563802242896,0.0009001455135438845,0.0509286200151865,,0.6606994861594563
datafly_shuffled,172,0.1583007316048891,0.0975609756097561,0.24892248524633645,0.8649858176042644,0.20748338918121437,0.06257023517657558,,0.5007458975634013
mondrian,172,0.6268064742339186,0.8414634146341463,0.15294078641999867,0.44560490919942,0.0005108105727996828,0.04257306424448449,,0.6446212497928062
datafly_shuffled,173,0.16088308320255806,0.10975609756097561,0.24610436973675487,0.851132793869277,0.16094129870350968,0.06443874124132436,,0.5831261395657219
mondrian,173,0.6125033176671435,0.8780487804878049,0.15721769113454015,0.4527691973712317,0.0008423337881898416,0.050335472926355165,,0.8035803083043263
datafly_shuffled,174,0.15471362052324844,0.07317073170731707,0.24792785624295471,0.8796817899667339,0.2800018924837683,0.06448005971008586,,0.5017404276479364
mondrian,174,0.5401798162262212,0.8109756097560976,0.15479742722631126,0.44459111077604796,0.0007173934537288401,0.049615537403333305,,0.8281120503895243
datafly_shuffled,175,0.18776799725924453,0.06707317073170732,0.24892248524633645,0.8591491673251815,0.22636138303199194,0.058848306543041566,,0.722526106414719
mondrian,175,0.6732939214107516,0.9512195121951219,0.14130362708043234,0.4192955173819069,0.0005491751170120797,0.04756082492389316,,0.8108735289242499
datafly_shuffled,176,0.19676938973984925,0.07926829268292683,0.24892248524633645,0.8361316391720109,0.22062495704021834,0.06112607771691403,,0.5282612299022046
mondrian,176,0.6322554632018886,0.9146341463414634,0.14567999469531198,0.4353819915904807,0.0006474025079899093,0.04159117416448198,,0.7122492955411901
datafly_shuffled,177,0.186340980925226,0.06097560975609756,0.2487235594456601,0.8512973235767511,0.21697476994474957,0.05935302011414783,,0.6524117354549975
mondrian,177,0.5543928483818211,0.8170731707317073,0.1435581194880976,0.4443033569145418,0.0008869660142284688,0.046681521227609754,,0.7739101607823636
datafly_shuffled,178,0.21386872002298696,0.12195121951219512,0.2470989987401366,0.8088523983419148,0.15457373847646244,0.059332409864778994,,0.6665009116525775
mondrian,178,0.5238226518675744,0.823170731707317,0.15721769113454015,0.4439757593669904,0.0008904285182187573,0.05122325513224161,,0.5063815680424333
datafly_shuffled,179,0.2311600689609442,0.10365853658536585,0.24892248524633645,0.8389671147915054,0.19333456462173643,0.06129119893496528,,0.5392010608320902
mondrian,179,0.5779488558958862,0.8780487804878049,0.1474703269013991,0.4528977917667143,0.000797501506365109,0.04880315819387952,,0.6963368141886292
datafly_shuffled,180,0.18427160002652343,0.06707317073170732,0.24892248524633645,0.8640171971432338,0.23612145630358877,0.06158921700864115,,0.7057848499917122
mondrian,180,0.6455020365565756,0.8780487804878049,0.1570187653338638,0.4690814771685942,0.0010903721851474883,0.04348689551952414,,0.7182164760484004
datafly_shuffled,181,0.15401415688614817,0.12195121951219512,0.24892248524633645,0.8664676481780019,0.2326171824238936,0.06348658780880208,,0.5007458975634013
mondrian,181,0.5781120650410859,0.8048780487804879,0.16083150984682712,0.4431865471771793,0.0005673735983019898,0.04829809666003997,,0.697994364329521
datafly_shuffled,182,0.20482035895055584,0.06707317073170732,0.24762946754194018,0.8721171126793513,0.2596159572602753,0.05924339865539098,,0.45234543344936184
mondrian,182,0.5400415192266006,0.7987804878048781,0.1539022611232677,0.42749646648990397,0.0007226058962437442,0.04928944630716825,,0.6076578816509199
datafly_shuffled,183,0.22041393143690735,0.06097560975609756,0.24892248524633645,0.8654451185943192,0.23748109698158865,0.05740068669833307,,0.700812199569037
mondrian,183,0.6467525635224011,0.8658536585365854,0.14936012200782442,0.4397194909603963,0.0006644885911724633,0.03853976128475042,,0.8098789988397149
datafly_shuffled,184,0.2036378555798687,0.08536585365853659,0.218155294741728,0.9139819832001057,0.3962167102939971,0.060484183175082196,,0.5121829935355544
mondrian,184,0.5698626395012294,0.8536585365853658,0.14627677209734102,0.4353600111164073,0.0015529912976480506,0.04866204490392187,,0.2967014752196254
datafly_shuffled,185,0.18898457588282547,0.10975609756097561,0.23589284530203566,0.9126722638246392,0.39187170527081616,0.060861667119505886,,0.5000828775070446
mondrian,185,0.5923725906756686,0.823170731707317,0.16437901995888868,0.4405197921731421,0.0007164547304248062,0.05213199769869592,,0.7079396651748715
datafly_shuffled,186,0.1264214906173331,0.054878048780487805,0.22415622306213115,0.9463470497501134,0.5217157697877783,0.06686514771453662,,0.48582794629537546
mondrian,186,0.552742541406634,0.8841463414634146,0.17144088588289902,0.4848157112384456,0.001147067115563711,0.05246802427436268,,0.5426819161279629
datafly_shuffled,187,0.1721108790310103,0.07926829268292683,0.21298322392414296,0.9126572838468262,0.3968746410125327,0.06610300313267704,,0.5289242499585612
mondrian,187,0.7148726798253892,0.9085365853658537,0.13580001326172003,0.40278878670048657,0.0005487376323809258,0.05015732942279572,,0.5179844190286756
datafly_shuffled,188,0.2329932254713436,0.07317073170731707,0.24892248524633645,0.7952746377677506,0.20374285821178945,0.056259127540549334,,0.6408088844687552
mondrian,188,0.6331454976031663,0.8536585365853658,0.14979112790928983,0.4033819969533205,0.00047205251226077057,0.04718913546918037,,0.8117023039946958
datafly_shuffled,189,0.1531664198513213,0.07926829268292683,0.23028976858298522,0.9219136785546211,0.42237127389558093,0.06391785173073533,,0.508039118183325
mondrian,189,0.644261969162817,0.9329268292682927,0.1457131489954247,0.4212045110570282,0.0005990923332682646,0.05092274465791834,,0.6127962870876844
datafly_shuffled,190,0.15408046548637355,0.07926829268292683,0.24892248524633645,0.9194193646591767,0.415732745800707,0.06548948011361952,,0.5007458975634013
mondrian,190,0.6033813739123325,0.8292682926829268,0.15870963463961277,0.43901687144185375,0.0005353580772794045,0.05217399214629855,,0.6723023371456986
datafly_shuffled,191,0.15276764729718784,0.07926829268292683,0.2252834692659638,0.9073445788023516,0.3532678020047973,0.06272588051621514,,0.7624730648102105
mondrian,191,0.5260870016392656,0.8414634146341463,0.1621576818513361,0.4664392355736354,0.0010127747227060824,0.04988493425139736,,0.8005967180507211
datafly_shuffled,192,0.12785541409720835,0.04878048780487805,0.24892248524633645,0.9220624062585003,0.4065576026714544,0.06570868933773881,,0.5007458975634013
mondrian,192,0.6430021147070624,0.9207317073170732,0.1419335587825741,0.452267033435823,0.0008115273955448174,0.04371905786902627,,0.8140228741919443
datafly_shuffled,193,0.1530904412468964,0.06707317073170732,0.24888933094622373,0.8862829407923354,0.28731108891503154,0.06152482893189783,,0.4644455494778717
mondrian,193,0.595258334180834,0.8780487804878049,0.16543995756249585,0.43397004325469607,0.0006691360409727616,0.04951067920839231,,0.5706945135090337
datafly_shuffled,194,0.2599683929005592,0.09146341463414634,0.24849147934487104,0.8036024816061464,0.1742359004452235,0.053736799601932776,,0.44256588761810045
mondrian,194,0.6449035703993309,0.8719512195121951,0.1465088521981301,0.43860029835317765,0.0008828241999315141,0.0448348920826548,,0.7843527266699818
datafly_shuffled,195,0.16703274539707802,0.08536585365853659,0.24152907632119885,0.9264743919698678,0.43517616325547587,0.06510693373668369,,0.5040609978451848
mondrian,195,0.576077119480357,0.9146341463414634,0.16437901995888868,0.4683197247633619,0.001120661950213009,0.04903327871685921,,0.8301011105585944
datafly_shuffled,196,0.2525059125168534,0.0975609756097561,0.24762946754194018,0.831212331578957,0.21378778014498734,0.05556093302130554,,0.4712415050555279
mondrian,196,0.6326762024373378,0.9390243902439024,0.15304024932033686,0.4717806141189553,0.0010851421553107286,0.04260516835082143,,0.715895905851152
datafly_shuffled,197,0.12519201865481955,0.054878048780487805,0.21228698362177575,0.9441043033553078,0.5076684988215241,0.06407255495123083,,0.7754019559091663
mondrian,197,0.5017868694982017,0.8475609756097561,0.16746236986937205,0.46453734611133646,0.0009541254011486746,0.0510197647939815,,0.6658378915962208
datafly_shuffled,198,0.1388796793610797,0.11585365853658537,0.24759631324182746,0.9216712470346767,0.42773727571443537,0.06473120184877003,,0.5007458975634013
mondrian,198,0.5754867750453594,0.8780487804878049,0.16122936144817984,0.4723414345746182,0.001850641331144644,0.05164520434136309,,0.5824631195093651
datafly_shuffled,199,0.2409419689233694,0.1402439024390244,0.24335256282739873,0.7775139227414561,0.07324556538647276,0.05683029707614822,,0.554119012100116
mondrian,199,0.5530537581968897,0.8841463414634146,0.15854386313904914,0.4939060263725875,0.0017103428678733846,0.050704712059650686,,0.7959555776562242
datafly_shuffled,200,0.16849844174789474,0.07317073170731707,0.24892248524633645,0.8973946348750755,0.29292289773938324,0.0638344774262344,,0.6935189789491132
mondrian,200,0.5588129043467421,0.8109756097560976,0.15420064982428222,0.4420712516138326,0.0006767601449970921,0.045293615653837355,,0.7182164760484004
