algo,no,precision,dm,cm,entropy,discern,ilm,acc
datafly,2,0.033310810810810776,0.08,0.3974324324324324,0.9767964391487904,0.5403244338933528,0.046487908961593175,0.5054054054054054
datafly_shuffled,2,0.025027027027027082,0.0325,0.4337837837837838,0.9724641373616644,0.33620588020452885,0.04945368065433855,0.5452702702702703
mondrian,2,0.4106846208556736,0.5875,0.23540540540540544,0.8191101324090374,0.0005295471146822498,0.04599512802275962,0.4945945945945946
datafly,3,0.01666666666666661,0.03,0.4258108108108108,0.9922774428794264,0.8651150840029218,0.04837379089615931,0.5054054054054054
datafly_shuffled,3,0.033333333333333215,0.05,0.38972972972972975,0.9408036614059759,0.09620504017531044,0.04841863442389759,0.5378378378378378
mondrian,3,0.4052074898785425,0.585,0.26675675675675675,0.8265905754491416,0.0007156683710737763,0.0461563477951636,0.4945945945945946
datafly,4,0.041960585585585686,0.0875,0.31283783783783786,0.9574370758703716,0.23976972242512784,0.045853805120910376,0.5054054054054054
datafly_shuffled,4,0.05000000000000005,0.09,0.33959459459459457,0.9118940104629524,0.03359167275383492,0.04783433499288765,0.5702702702702702
mondrian,4,0.4390019969362078,0.6825,0.20094594594594595,0.8079071554237749,0.00033360116873630384,0.04626532716927456,0.4945945945945946
datafly,5,0.016666666666666833,0.03,0.4174324324324325,0.991834438591605,0.8428318115412711,0.048260544096728315,0.5054054054054054
datafly_shuffled,5,0.03333333333333344,0.065,0.35702702702702704,0.9620578071010604,0.2917910518626735,0.04846655405405406,0.5054054054054054
mondrian,5,0.4094492194623775,0.595,0.2664864864864865,0.8280272804477822,0.0007123447772096421,0.0466961237553343,0.4945945945945946
datafly,6,0.01666666666666661,0.03,0.3593243243243243,0.9838803052874416,0.6239429145361578,0.048055743243243236,0.5054054054054054
datafly_shuffled,6,0.04172972972972977,0.0875,0.3271621621621621,0.9496998763852141,0.16508593864134405,0.04889254978662873,0.5054054054054054
mondrian,6,0.4220030729109675,0.6175,0.2404054054054054,0.8207905093238236,0.0005253104455807158,0.04685464082503565,0.4945945945945946
datafly,7,0.033324324324324306,0.08,0.3855405405405405,0.9620772306572852,0.24895956902848795,0.04612951635846373,0.5317567567567567
datafly_shuffled,7,0.043632882882882806,0.0625,0.3932432432432432,0.943372912467578,0.12035682980277575,0.048357379089615925,0.5
mondrian,7,0.4385809260677683,0.65,0.2066216216216216,0.8063378721178659,0.00033546384222059896,0.04566996799431014,0.4945945945945946
datafly,8,0.04405855855855867,0.0625,0.3391891891891892,0.97123882918614,0.4705062819576333,0.04632805832147939,0.5054054054054054
datafly_shuffled,8,0.0416610360360361,0.0875,0.3695945945945946,0.9491111669338138,0.1661637326515705,0.04833685988620198,0.5054054054054054
mondrian,8,0.40562450304555575,0.595,0.29567567567567565,0.8276193767003394,0.0007166179693206719,0.04575293385490755,0.4945945945945946
datafly,9,0.03333333333333344,0.0575,0.3666216216216216,0.9634141990686916,0.2950654857560263,0.04599770625889047,0.5054054054054054
datafly_shuffled,9,0.04173423423423439,0.0675,0.3414864864864865,0.9535146579221198,0.21694894083272465,0.04841509601706971,0.5054054054054054
mondrian,9,0.4376910402305141,0.6525,0.21702702702702706,0.8098312599072539,0.00033590211833455083,0.0463783072546231,0.4945945945945946
datafly,10,0.01666666666666661,0.035,0.35283783783783784,0.970429428855222,0.3119584733382031,0.04781895448079659,0.5020270270270271
datafly_shuffled,10,0.01666666666666661,0.0275,0.4531081081081081,0.9723064438747824,0.39076610664718775,0.04909683499288762,0.5216216216216216
mondrian,10,0.4349464474596054,0.645,0.2227027027027027,0.8092318426135693,0.00033349159970781585,0.04631063300142249,0.4945945945945946
datafly,11,0.05062162162162165,0.0825,0.36283783783783785,0.9771363727382758,0.496296018991965,0.0467468883357041,0.5054054054054054
datafly_shuffled,11,0.05969481981981972,0.135,0.3339189189189189,0.9043259851151946,0.021467129291453616,0.04692654694167851,0.6013513513513513
mondrian,11,0.43392047817047785,0.645,0.22445945945945947,0.8084884696701413,0.0003341490138787436,0.04647880512091039,0.4945945945945946
datafly,12,0.01666666666666661,0.03,0.34824324324324324,0.980240146957224,0.5440556245434623,0.04794180298719772,0.5054054054054054
datafly_shuffled,12,0.048801801801801714,0.0525,0.34662162162162163,0.9332660294318038,0.07029390065741417,0.04806411806543386,0.6168918918918919
mondrian,12,0.43007286537549694,0.6425,0.2175675675675676,0.8087871597730705,0.00033666910153396635,0.04630458748221912,0.4945945945945946
datafly,13,0.0333153153153154,0.0825,0.3627027027027027,0.9561950098310932,0.1874565010956903,0.04595890825035561,0.6135135135135135
datafly_shuffled,13,0.033319819819819914,0.09,0.3927027027027027,0.9497037450195271,0.14121676406135866,0.048308748221906096,0.5054054054054054
mondrian,13,0.427022850786009,0.63,0.2447297297297297,0.8220843088946713,0.0005211468224981738,0.0475387980085348,0.4945945945945946
datafly,14,0.033328828828828816,0.09,0.36445945945945946,0.9682463806133504,0.3673037618699781,0.0461958214793741,0.5054054054054054
datafly_shuffled,14,0.033333333333333215,0.0575,0.3835135135135136,0.9374127458466088,0.0835944850255661,0.04799891536273115,0.6027027027027027
mondrian,14,0.4310021884232408,0.6625,0.2208108108108108,0.8090141156707691,0.0003346968590211833,0.04710716571834996,0.4945945945945946
datafly,15,0.04202927927927913,0.0875,0.3452702702702703,0.9768523061747334,0.4736991234477721,0.04668161450924608,0.5054054054054054
datafly_shuffled,15,0.04999324324324328,0.13,0.3189189189189189,0.9133601141555444,0.038981300219138065,0.04706904338549075,0.6621621621621622
mondrian,15,0.4133549166575483,0.5925,0.2640540540540541,0.821019997206424,0.0005275018261504748,0.046628929587482174,0.4945945945945946
datafly,16,0.03332432432432453,0.0875,0.3352702702702703,0.9464258585664,0.14126855368882396,0.045647350640113785,0.6074324324324324
datafly_shuffled,16,0.049986486486486514,0.1325,0.34324324324324323,0.9100296874694036,0.031479291453615776,0.046943830014224745,0.6472972972972973
mondrian,16,0.4166667852062588,0.6075,0.26256756756756755,0.8203530847780814,0.0005284514243973703,0.04630837482219067,0.4945945945945946
datafly,17,0.033328828828828816,0.0825,0.3332432432432432,0.956437837669564,0.21164236669101533,0.045918616642958765,0.6331081081081081
datafly_shuffled,17,0.033328828828828934,0.09,0.4139189189189189,0.93519411816009,0.07244784514243974,0.048427311522048364,0.5358108108108108
mondrian,17,0.4402629937629938,0.6525,0.2195945945945946,0.8088834733881279,0.00033568298027757484,0.04575572546230432,0.4945945945945946
datafly,18,0.01666666666666661,0.03,0.3872972972972973,0.9833381711131096,0.5566938276113952,0.048152489331436704,0.5054054054054054
datafly_shuffled,18,0.04997972972972975,0.13,0.3377027027027027,0.910233416944122,0.04029411979547114,0.04631543385490755,0.5189189189189191
mondrian,18,0.41147415836889534,0.6125,0.2856756756756757,0.8285645014668845,0.0007138056975894814,0.0449597617354196,0.4945945945945946
datafly,19,0.016666666666666833,0.035,0.4501351351351352,0.9931509636446496,0.8623720598977356,0.048512535561877665,0.5054054054054054
datafly_shuffled,19,0.033319819819819914,0.0875,0.3667567567567567,0.9441339546347988,0.12417165814463113,0.04852900071123755,0.5054054054054054
mondrian,19,0.4339450796950796,0.66,0.20635135135135133,0.8082626768588754,0.00033294375456537615,0.04545611664295871,0.4945945945945946
datafly,20,0.01666666666666661,0.035,0.4298648648648649,0.9926585740020548,0.8688903579254931,0.04849811522048364,0.5054054054054054
datafly_shuffled,20,0.049999999999999815,0.1025,0.3704054054054054,0.9124855934414196,0.032527794010226437,0.04766929231863441,0.5608108108108109
mondrian,20,0.4260041944778789,0.605,0.2448648648648649,0.8207767395418146,0.0005242878013148283,0.046341731863442336,0.4945945945945946
datafly,21,0.033333333333333215,0.065,0.3605405405405405,0.9599129903363164,0.2388234842951059,0.046110881934566125,0.5581081081081081
datafly_shuffled,21,0.03333333333333344,0.06,0.3558108108108108,0.9423599858140672,0.11201661796932068,0.04785257823613087,0.5054054054054054
mondrian,21,0.4180385344859029,0.5925,0.2483783783783784,0.8203021296564178,0.0005196128560993426,0.047346461593172136,0.4945945945945946
datafly,22,0.033328828828828934,0.085,0.3616216216216217,0.966158065104361,0.34730485756026297,0.046100586770981514,0.5054054054054054
datafly_shuffled,22,0.033333333333333215,0.065,0.3840540540540541,0.9574981446750344,0.2308943024105186,0.04781792318634424,0.5054054054054054
mondrian,22,0.4192187602582339,0.6075,0.2602702702702703,0.8194510816523021,0.0005245799853907961,0.0457828591749645,0.4945945945945946
datafly,23,0.041677927927928016,0.0875,0.3278378378378378,0.9611925583987672,0.25835653761869976,0.04605295163584637,0.5054054054054054
datafly_shuffled,23,0.02501689189189193,0.0325,0.4339189189189189,0.9703723310940868,0.31314970781592405,0.048820039118065435,0.5398648648648648
mondrian,23,0.4193344184265234,0.595,0.25513513513513514,0.820625730192363,0.0005253104455807158,0.04688202347083928,0.4945945945945946
datafly,24,0.016666666666666833,0.03,0.3718918918918919,0.9806645856278337,0.5205883491599708,0.04799267425320057,0.5054054054054054
datafly_shuffled,24,0.03333333333333344,0.055,0.3239189189189189,0.9401536615876818,0.11379795471146822,0.04779950213371267,0.5601351351351351
mondrian,24,0.4323569865411971,0.635,0.2263513513513513,0.8080330645690215,0.00033524470416362314,0.04549656827880512,0.4945945945945946
datafly,25,0.016666666666666833,0.0375,0.4512162162162162,0.9944948066053244,0.8995585463842221,0.04852720483641535,0.5054054054054054
datafly_shuffled,25,0.03333333333333344,0.0525,0.35121621621621624,0.945986147024584,0.14179043097151206,0.04769379445234709,0.5027027027027027
mondrian,25,0.4169090527774736,0.595,0.26,0.8212533168822937,0.0005319576333089847,0.04645944167852061,0.4945945945945946
datafly,26,0.016666666666666833,0.0325,0.3632432432432433,0.9812348976398112,0.5537211102994887,0.047983783783783776,0.5182432432432432
datafly_shuffled,26,0.05000000000000005,0.1,0.3671621621621622,0.909191319773093,0.025803871439006573,0.04778572190611665,0.5033783783783784
mondrian,26,0.4210466863624759,0.6225,0.2389189189189189,0.8205998438103231,0.0005188093498904308,0.04636932788051206,0.4945945945945946
datafly,27,0.03332432432432453,0.0875,0.3705405405405405,0.9703292450170524,0.3820377647918188,0.04630919274537696,0.5054054054054054
datafly_shuffled,27,0.05025000000000002,0.0925,0.3689189189189189,0.9501748159987358,0.17137498173849525,0.048050266714082496,0.5054054054054054
mondrian,27,0.4087382554619395,0.6025,0.2745945945945946,0.8290699928998552,0.0007206355003652301,0.046798257467994285,0.4945945945945946
datafly,28,0.026388513513513567,0.0375,0.4451351351351352,0.988946220576,0.7884317750182614,0.04835405405405405,0.5054054054054054
datafly_shuffled,28,0.041713963963963874,0.0575,0.3743243243243243,0.9414295462979512,0.10644342585829072,0.04852505334281648,0.5054054054054054
mondrian,28,0.4214923861108072,0.6175,0.24824324324324326,0.8189958918497567,0.000531154127100073,0.046508392603129424,0.4945945945945946
datafly,29,0.033324324324324306,0.085,0.41216216216216217,0.9757867980511876,0.4582046018991965,0.04679151849217639,0.5054054054054054
datafly_shuffled,29,0.049986486486486514,0.1275,0.3464864864864865,0.9073509983172344,0.025165522279035797,0.047838815789473695,0.5837837837837838
mondrian,29,0.4062720301272932,0.615,0.2818918918918919,0.8282167398172328,0.000716654492330168,0.04701001066856335,0.4945945945945946
datafly,30,0.01666666666666661,0.0225,0.4027027027027027,0.9802218860597592,0.5296132943754566,0.04792275960170697,0.5054054054054054
datafly_shuffled,30,0.03331981981981968,0.09,0.3352702702702703,0.9479635876537404,0.1696208181154127,0.04717983641536274,0.5054054054054054
mondrian,30,0.4392710088631142,0.6425,0.2108108108108108,0.807381328239135,0.00033513513513513515,0.04659228307254615,0.4945945945945946
datafly,31,0.016666666666666833,0.03,0.3787837837837838,0.989118303947618,0.7651714755295836,0.04815353840682789,0.5054054054054054
datafly_shuffled,31,0.033333333333333215,0.0625,0.3695945945945946,0.9493931104610888,0.15585416362308255,0.0481371266002845,0.5054054054054054
mondrian,31,0.41286748185432376,0.5975,0.25283783783783786,0.8192785727205768,0.0005264061358655953,0.0460337837837838,0.4945945945945946
datafly,32,0.016666666666666833,0.03,0.4540540540540541,0.9822733580595284,0.5011785244704163,0.0481527027027027,0.5054054054054054
datafly_shuffled,32,0.05000000000000005,0.0825,0.33972972972972976,0.9103936877229052,0.02963228634039445,0.04777814722617355,0.5054054054054054
mondrian,32,0.4302560819929239,0.625,0.2185135135135135,0.8104966106253669,0.00033634039444850264,0.04588406827880514,0.4945945945945946
datafly,33,0.054543918918918965,0.085,0.33202702702702697,0.9611709074931664,0.2768982834185537,0.04607176386913229,0.5054054054054054
datafly_shuffled,33,0.04183333333333317,0.09,0.43445945945945946,0.9483431716816988,0.1486879839298758,0.04836326458036985,0.5054054054054054
mondrian,33,0.43519897326476265,0.65,0.19986486486486488,0.8109658910185156,0.0003330533235938641,0.04644864864864867,0.4945945945945946
datafly,34,0.01666666666666661,0.035,0.3964864864864865,0.9783415766352768,0.4611478451424397,0.048042176386913216,0.5054054054054054
datafly_shuffled,34,0.04365315315315288,0.0925,0.3743243243243243,0.9473974016755542,0.17275606281957634,0.047363815789473684,0.5054054054054054
mondrian,34,0.43015856950067466,0.6225,0.2327027027027027,0.8079524513689534,0.00033425858290723164,0.04653433499288765,0.4945945945945946
datafly,35,0.025645270270270304,0.0375,0.4482432432432432,0.9931217931768592,0.8856073776479182,0.048505725462304417,0.5054054054054054
datafly_shuffled,35,0.033333333333332986,0.0525,0.3994594594594595,0.9379957075895374,0.0947882030679328,0.047973915362731136,0.5952702702702702
mondrian,35,0.4014413411387097,0.535,0.3022972972972973,0.8339677950932111,0.0008944119795471149,0.045464349217638686,0.4945945945945946
datafly,36,0.01666666666666661,0.0325,0.392027027027027,0.9782266886034215,0.46129565376187,0.04796783428165007,0.5256756756756756
datafly_shuffled,36,0.05000000000000005,0.09,0.3789189189189189,0.913716570991118,0.03433710737764792,0.0483195945945946,0.5547297297297298
mondrian,36,0.42111954261954265,0.6325,0.24635135135135136,0.8199135849167286,0.0005255295836376917,0.04587046586059741,0.4945945945945946
datafly,37,0.03331981981981968,0.0825,0.30608108108108106,0.9631590859849606,0.3075650474799124,0.046031632290184914,0.5054054054054054
datafly_shuffled,37,0.04174999999999995,0.0875,0.432027027027027,0.9488627957412415,0.12861150474799124,0.04891754978662872,0.5101351351351351
mondrian,37,0.42347727687201386,0.655,0.2339189189189189,0.8193108264183886,0.0005241782322863404,0.04498924253200568,0.4945945945945946
datafly,38,0.042445945945945966,0.0925,0.3314864864864865,0.9654592037472396,0.37167753834916,0.046159139402560466,0.5054054054054054
datafly_shuffled,38,0.048801801801801936,0.065,0.3686486486486487,0.9482155694760122,0.15468053323593864,0.04852638691322903,0.5054054054054054
mondrian,38,0.4064057610241819,0.58,0.2825675675675676,0.8278538221343119,0.0007171658144631117,0.0462442923186344,0.4945945945945946
datafly,39,0.02505405405405403,0.0325,0.3828378378378378,0.9882405799121132,0.7557080715850986,0.04815030227596017,0.5054054054054054
datafly_shuffled,39,0.049979729729729534,0.13,0.38972972972972975,0.9105963450214942,0.03122929145361578,0.04731717638691325,0.5054054054054054
mondrian,39,0.4115419174234965,0.6025,0.2583783783783784,0.8211186245744106,0.0005281227173119065,0.04641296230440962,0.4945945945945946
datafly,40,0.033324324324324306,0.085,0.3483783783783784,0.9624809572962042,0.2929268444119795,0.046048044096728295,0.5054054054054054
datafly_shuffled,40,0.041754504504504464,0.065,0.3816216216216216,0.9483203060403872,0.13345588020452887,0.0486154160739687,0.5054054054054054
mondrian,40,0.4071857333041543,0.595,0.29324324324324325,0.8284455174543391,0.0007143170197224251,0.046741376244665664,0.4945945945945946
datafly,41,0.04165540540540536,0.085,0.2883783783783784,0.9637561557067909,0.3627407596785976,0.045963442389758184,0.5054054054054054
datafly_shuffled,41,0.03333333333333344,0.05,0.37445945945945946,0.9297667207824536,0.05774671292914536,0.04785833926031294,0.5831081081081081
mondrian,41,0.4079083415399206,0.58,0.2945945945945946,0.8269569142176254,0.0007165449233016801,0.04599976884779519,0.4945945945945946
datafly,42,0.03333333333333344,0.0525,0.2913513513513514,0.9566763968908721,0.25433151935719506,0.045797990753911805,0.5054054054054054
datafly_shuffled,42,0.04283896396396414,0.055,0.4155405405405405,0.9317400906732701,0.06313959094229364,0.0482822546230441,0.5851351351351352
mondrian,42,0.3967024565050881,0.5475,0.3005405405405405,0.8384864887107125,0.0011050766983199416,0.04685353840682791,0.4945945945945946
datafly,43,0.033328828828828816,0.0825,0.33878378378378377,0.9596236092812584,0.2687355368882396,0.04595736130867708,0.5054054054054054
datafly_shuffled,43,0.0416576576576575,0.0875,0.3735135135135135,0.9421867815107432,0.10593071585098612,0.04903673541963016,0.5054054054054054
mondrian,43,0.4342216143268775,0.6575,0.2262162162162162,0.8094799912325004,0.00033513513513513515,0.046322208392603176,0.4945945945945946
datafly,44,0.03333333333333344,0.06,0.3348648648648649,0.9601205029563624,0.2663027027027027,0.0460036628733997,0.5054054054054054
datafly_shuffled,44,0.041703828828828726,0.06,0.3331081081081081,0.9402107165091214,0.09421990504017533,0.04859038051209103,0.6391891891891892
mondrian,44,0.4203141208009628,0.6375,0.2545945945945946,0.8199275143759109,0.0005214024835646457,0.04640472972972972,0.4945945945945946
datafly,45,0.04240878378378354,0.0925,0.3262162162162162,0.9651161455424702,0.3632868882395909,0.046041714082503536,0.5054054054054054
datafly_shuffled,45,0.033333333333333215,0.07,0.4397297297297297,0.9478932430547584,0.13469850255661067,0.04852745376955904,0.572972972972973
mondrian,45,0.4045003738556369,0.6075,0.29081081081081084,0.8278329547172474,0.0007188823959094231,0.046324715504978665,0.4945945945945946
datafly,46,0.033319819819819914,0.08,0.31594594594594594,0.9732526863367746,0.4673257121986852,0.046553253911806536,0.5054054054054054
datafly_shuffled,46,0.03333333333333355,0.0575,0.3741891891891892,0.9428975705119584,0.1163481008035062,0.048773008534850636,0.5054054054054054
mondrian,46,0.4362025385709597,0.6225,0.2368918918918919,0.8075729873839631,0.00033634039444850264,0.04570528093883357,0.4945945945945946
datafly,47,0.0416610360360361,0.0875,0.3121621621621621,0.9556629524265576,0.20882319211102995,0.04603927809388335,0.5797297297297297
datafly_shuffled,47,0.03333333333333344,0.0675,0.3960810810810811,0.9479582186365978,0.1467243608473338,0.04848867354196302,0.5054054054054054
mondrian,47,0.4211758306889885,0.61,0.2395945945945946,0.8198099216190711,0.0005281957633308986,0.04581379800853495,0.4945945945945946
datafly,48,0.02531756756756753,0.03,0.3967567567567568,0.9760040199071359,0.4114784514243974,0.047859281650071125,0.6168918918918919
datafly_shuffled,48,0.016666666666666833,0.0275,0.42445945945945945,0.9712247583282096,0.334614061358656,0.0492452880512091,0.5054054054054054
mondrian,48,0.39794051136156383,0.6,0.3082432432432433,0.8343975979487182,0.0009097516435354273,0.04640110241820773,0.4945945945945946
datafly,49,0.016666666666666833,0.025,0.37972972972972974,0.9848653585611848,0.6704918553688825,0.048012073257468,0.5054054054054054
datafly_shuffled,49,0.03333333333333355,0.06,0.4217567567567568,0.9400711528043778,0.08754243973703434,0.048774644381223316,0.5054054054054054
mondrian,49,0.39790612576138906,0.56,0.2981081081081081,0.833616497530718,0.0009077063550036523,0.04672393314366993,0.4945945945945946
datafly,50,0.033328828828828816,0.085,0.3456756756756757,0.9606122633167188,0.2696168736303872,0.04611484708392603,0.5054054054054054
datafly_shuffled,50,0.042666666666666964,0.0625,0.377972972972973,0.9447991599016464,0.11982888970051132,0.04854340327169275,0.5054054054054054
mondrian,50,0.4368720319509792,0.65,0.22405405405405404,0.8099738298531154,0.0003377647918188459,0.046849004267425394,0.4945945945945946
datafly,51,0.01666666666666661,0.025,0.4118918918918919,0.9766302476235238,0.43050832724616506,0.047860579658605976,0.5513513513513514
datafly_shuffled,51,0.05000000000000005,0.0875,0.3910810810810811,0.9150488115177812,0.0358672753834916,0.04766201991465148,0.5054054054054054
mondrian,51,0.42357716015610736,0.6025,0.2327027027027027,0.8202649762806979,0.0005274287801314829,0.045245305832147927,0.4945945945945946
datafly,52,0.04165540540540536,0.0825,0.345,0.9592888629058236,0.23281314828341854,0.046000533428165,0.5905405405405405
datafly_shuffled,52,0.03333333333333344,0.0625,0.34783783783783784,0.9418688128159012,0.10050745069393717,0.048352169274537685,0.5
mondrian,52,0.4321459678301785,0.63,0.21202702702702705,0.8102628309766684,0.00033436815193571947,0.044963353485064014,0.4945945945945946
datafly,53,0.016666666666666833,0.0275,0.3914864864864865,0.9806701219528292,0.4926669466764062,0.047982859174964435,0.5054054054054054
datafly_shuffled,53,0.04997972972972975,0.13,0.3493243243243243,0.9077401169041908,0.02379601899196494,0.04766253556187768,0.5736486486486486
mondrian,53,0.4374370919502498,0.6375,0.2074324324324324,0.8085114431346929,0.00033392987582176766,0.04602375533428165,0.4945945945945946
datafly,54,0.033319819819819914,0.09,0.32432432432432434,0.9673015594922308,0.4287914536157779,0.046164651493598864,0.5054054054054054
datafly_shuffled,54,0.033333333333333215,0.055,0.34635135135135137,0.9445165350817292,0.1337556975894814,0.048370750355618775,0.5054054054054054
mondrian,54,0.4191919611919611,0.6275,0.2554054054054054,0.8210904644185532,0.0005247991234477721,0.046448079658605916,0.4945945945945946
datafly,55,0.033328828828828934,0.0825,0.4098648648648648,0.9636502014964448,0.23874291453615776,0.046384619487908944,0.5054054054054054
datafly_shuffled,55,0.033333333333333215,0.0675,0.4287837837837838,0.9473169629113328,0.1317237399561724,0.04838687766714082,0.4952702702702703
mondrian,55,0.43894313746945335,0.66,0.2104054054054054,0.8081877332986692,0.00033403944485025565,0.045945003556187636,0.4945945945945946
datafly,56,0.0446486486486487,0.0925,0.335,0.9615836806822144,0.30642140248356464,0.04612647581792318,0.5054054054054054
datafly_shuffled,56,0.03333333333333344,0.0525,0.3875675675675676,0.9333900086501842,0.07270799853907962,0.048102507112375535,0.5871621621621622
mondrian,56,0.43340064558485614,0.6375,0.20283783783783785,0.8071021126576022,0.00033601168736303866,0.04522964082503556,0.4945945945945946
datafly,57,0.04258445945945944,0.09,0.4031081081081081,0.9805708770152762,0.6367372534696859,0.04686856330014224,0.5054054054054054
datafly_shuffled,57,0.045889639639639546,0.0675,0.4254054054054054,0.936594161562478,0.07049554419284149,0.048537446657183514,0.4945945945945946
mondrian,57,0.4180837254258308,0.6325,0.2536486486486487,0.8216630452307281,0.0005240686632578523,0.04644210526315783,0.4945945945945946
datafly,58,0.01666666666666661,0.0325,0.4371621621621621,0.9820289329283622,0.5463328707085464,0.048126066856330016,0.5054054054054054
datafly_shuffled,58,0.049986486486486514,0.1325,0.3414864864864865,0.9046322876435652,0.02186628926223521,0.047061006401137966,0.6256756756756757
mondrian,58,0.4188889557573768,0.59,0.2532432432432433,0.8209138261552382,0.0005231921110299488,0.046807290184921774,0.4945945945945946
datafly,59,0.033310810810810776,0.0875,0.3345945945945946,0.9541291194860162,0.22181132213294372,0.04581762091038406,0.5054054054054054
datafly_shuffled,59,0.016666666666666833,0.025,0.4132432432432432,0.9677020738006392,0.2880648283418554,0.04894166073968706,0.5898648648648649
mondrian,59,0.4182874949848636,0.6325,0.2536486486486487,0.8196890580542465,0.0005255295836376917,0.045806152204836435,0.4945945945945946
datafly,60,0.033319819819819914,0.0825,0.2913513513513514,0.9727744748204732,0.5072199780861943,0.04625442745376955,0.5054054054054054
datafly_shuffled,60,0.05000000000000005,0.0925,0.3883783783783784,0.9118148561435562,0.030184368151935717,0.0477513157894737,0.5743243243243243
mondrian,60,0.4158545519203416,0.5875,0.2712162162162162,0.8210939180270043,0.0005260409057706355,0.0473423364153628,0.4945945945945946
datafly,61,0.04183108108108114,0.09,0.3521621621621622,0.9589872429847208,0.2345284879474069,0.04617763157894736,0.5054054054054054
datafly_shuffled,61,0.03333333333333344,0.0675,0.3833783783783784,0.9373167944668278,0.08678312636961286,0.04837352418207681,0.5378378378378378
mondrian,61,0.4100873272057484,0.585,0.2747297297297297,0.8289676751752203,0.0007259313367421477,0.04693634423897578,0.4945945945945946
datafly,62,0.01666666666666661,0.0325,0.3718918918918919,0.9826608886902478,0.5353898831263696,0.04814470128022758,0.5054054054054054
datafly_shuffled,62,0.033333333333333215,0.0475,0.3991891891891892,0.9363376122254048,0.0866790357925493,0.0481685277382646,0.4986486486486487
mondrian,62,0.4361316610132401,0.625,0.20513513513513512,0.806965923879945,0.00033371073776479183,0.04572766714082502,0.4945945945945946
datafly,63,0.04229504504504522,0.085,0.3527027027027027,0.958733265503676,0.2211046749452155,0.045984246088193466,0.5054054054054054
datafly_shuffled,63,0.016666666666666833,0.03,0.4374324324324324,0.9731245444643238,0.3463362673484295,0.04881776315789474,0.5168918918918919
mondrian,63,0.4051115092825621,0.5675,0.2910810810810811,0.8280682227645453,0.0007126734842951059,0.04638721550497868,0.4945945945945946
datafly,64,0.016666666666666833,0.0275,0.3828378378378378,0.9877099198915014,0.7541276479181884,0.04811794096728306,0.5054054054054054
datafly_shuffled,64,0.033333333333333215,0.0675,0.382027027027027,0.9623236884042335,0.26046205259313365,0.04850284495021336,0.5054054054054054
mondrian,64,0.4202343618922567,0.61,0.26,0.8202730773099318,0.0005302045288531777,0.04639352773826458,0.4945945945945946
datafly,65,0.033324324324324084,0.09,0.29527027027027025,0.9565537178707958,0.2337626734842951,0.04586954125177807,0.5054054054054054
datafly_shuffled,65,0.041679054054054254,0.09,0.4251351351351351,0.9411737723010004,0.09114159970781592,0.04865908605974397,0.5054054054054054
mondrian,65,0.4179887022650179,0.6125,0.2639189189189189,0.8204661648253073,0.0005261504747991235,0.04629361664295866,0.4945945945945946
datafly,66,0.01666666666666661,0.03,0.4377027027027027,0.9937300943515224,0.888940723155588,0.04850568990042674,0.5054054054054054
datafly_shuffled,66,0.025027027027027082,0.0375,0.42945945945945946,0.9802272216285032,0.460386888239591,0.049432076813655766,0.5054054054054054
mondrian,66,0.4072597111281324,0.5675,0.2802702702702703,0.8274429667445474,0.0007182980277574872,0.04559160739687056,0.4945945945945946
datafly,67,0.03333333333333344,0.06,0.3341891891891892,0.9619653933904572,0.2756335281227173,0.04604374110953058,0.5054054054054054
datafly_shuffled,67,0.04181869369369362,0.0625,0.3991891891891892,0.9442463954427516,0.11644477720964208,0.049046692745376944,0.5047297297297297
mondrian,67,0.4130011853959224,0.59,0.2422972972972973,0.8191933882366008,0.0005211102994886779,0.04613822901849224,0.4945945945945946
datafly,68,0.033324324324324306,0.085,0.4397297297297297,0.9770351943894409,0.4547724981738495,0.04673325035561877,0.5054054054054054
datafly_shuffled,68,0.03333333333333344,0.0475,0.3864864864864865,0.9371802669671332,0.08813692476260042,0.048024893314367004,0.6027027027027027
mondrian,68,0.40358544880913294,0.585,0.28945945945945944,0.8284490028653014,0.0007138422205989774,0.0462604374110953,0.4945945945945946
datafly,69,0.03331981981981968,0.09,0.3245945945945946,0.9656605174722114,0.3389202337472608,0.04639521692745378,0.5054054054054054
datafly_shuffled,69,0.04231193693693691,0.06,0.3531081081081081,0.9450155162253592,0.13774758948137328,0.048598648648648664,0.5054054054054054
mondrian,69,0.4075957070430751,0.5625,0.2802702702702703,0.8297563404771859,0.0007217311906501097,0.04639591038406826,0.4945945945945946
datafly,70,0.03331981981981968,0.085,0.3121621621621621,0.9718501793901464,0.4748777940102265,0.046306365576102425,0.5054054054054054
datafly_shuffled,70,0.05000000000000005,0.09,0.3735135135135135,0.9128067600013624,0.033977282688093496,0.047752151493598856,0.5709459459459459
mondrian,70,0.4333685304737935,0.635,0.20445945945945945,0.8075025953638222,0.00033743608473338197,0.04596386913229028,0.4945945945945946
datafly,71,0.041727477477477404,0.0875,0.352972972972973,0.9696669338914874,0.414346092037984,0.046380067567567546,0.5054054054054054
datafly_shuffled,71,0.04999324324324328,0.1275,0.37,0.9101611292647253,0.029543425858290725,0.04730985064011376,0.5054054054054054
mondrian,71,0.40463462450304577,0.5925,0.27635135135135136,0.8276906792894103,0.0007131482834185536,0.04738828236130865,0.4945945945945946
datafly,72,0.03333333333333344,0.0575,0.29162162162162164,0.9609771767959266,0.3312836011687363,0.045890736130867714,0.5054054054054054
datafly_shuffled,72,0.033328828828828934,0.09,0.3489189189189189,0.9516080203620556,0.19018940832724615,0.0483637091038407,0.5054054054054054
mondrian,72,0.4202499361709887,0.6075,0.2516216216216216,0.8200311663951396,0.0005315193571950328,0.04626843883357035,0.4945945945945946
datafly,73,0.01666666666666661,0.03,0.40864864864864864,0.9772201358633548,0.4211706355003652,0.047912980085348514,0.5932432432432433
datafly_shuffled,73,0.049999999999999815,0.085,0.36783783783783786,0.9040209745369384,0.0203736303871439,0.04765839260312943,0.6074324324324324
mondrian,73,0.4166498978735822,0.605,0.2458108108108108,0.8215344494612591,0.0005210372534696858,0.046739882645803685,0.4945945945945946
datafly,74,0.01666666666666661,0.0375,0.44635135135135134,0.9924690712239954,0.8494379474068663,0.04851424253200568,0.5054054054054054
datafly_shuffled,74,0.041742117117117394,0.09,0.4110810810810811,0.9404355419646628,0.10029444850255663,0.048532912517780934,0.5175675675675676
mondrian,74,0.43789635992267584,0.6525,0.22283783783783784,0.8085087207536777,0.00033524470416362314,0.0461930476529161,0.4945945945945946
datafly,75,0.025989864864864883,0.0325,0.37972972972972974,0.9838388055393038,0.6674756391526662,0.04803917140825035,0.5054054054054054
datafly_shuffled,75,0.049979729729729534,0.135,0.3601351351351351,0.8965531260681247,0.016779693206720233,0.04746874110953055,0.5331081081081082
mondrian,75,0.4396383265856952,0.6425,0.22243243243243244,0.8070374940531209,0.00033458728999269534,0.045347243954480684,0.4945945945945946
datafly,76,0.033328828828828934,0.0875,0.33635135135135136,0.9558931364075504,0.20865376186997808,0.046010704125177784,0.5054054054054054
datafly_shuffled,76,0.033333333333333215,0.075,0.3874324324324324,0.9592216451298162,0.25006380569758946,0.04897704480796584,0.5054054054054054
mondrian,76,0.4149257577415471,0.5975,0.2510810810810811,0.8191762387233533,0.0005191745799853908,0.04653888691322888,0.4945945945945946
datafly,77,0.0416610360360361,0.085,0.340945945945946,0.9567871938456236,0.24197100073046016,0.04589438122332858,0.5054054054054054
datafly_shuffled,77,0.05000000000000005,0.0825,0.3844594594594595,0.9072875373431,0.025832249817384956,0.04790394736842105,0.5635135135135135
mondrian,77,0.41681929095087,0.6025,0.24662162162162166,0.8204480059634641,0.0005254200146092038,0.046370892603129515,0.4945945945945946
datafly,78,0.033328828828828934,0.085,0.3543243243243243,0.9643333411640038,0.2797972242512783,0.04633058321479374,0.5054054054054054
datafly_shuffled,78,0.03333333333333344,0.06,0.3786486486486487,0.939271425677774,0.08973575602629656,0.04855186699857753,0.6304054054054054
mondrian,78,0.4180531239741767,0.585,0.2506756756756757,0.8204695749579254,0.0005284879474068663,0.04614882645803711,0.4945945945945946
datafly,79,0.016666666666666833,0.0325,0.4078378378378377,0.9906527013603744,0.7897348794740686,0.04837300853485064,0.5054054054054054
datafly_shuffled,79,0.049999999999999815,0.0925,0.3802702702702703,0.9099308650412528,0.02852878013148284,0.048279765291607386,0.552027027027027
mondrian,79,0.42079573804573794,0.635,0.2264864864864865,0.8199614847851515,0.0005273192111029948,0.0448831436699858,0.4945945945945946
datafly,80,0.02501689189189193,0.03,0.40878378378378377,0.9875997405159804,0.7314597151205259,0.04815076458036985,0.5054054054054054
datafly_shuffled,80,0.05880292792792818,0.13,0.3601351351351351,0.9148251249211468,0.03922772096420745,0.0478620199146515,0.5054054054054054
mondrian,80,0.4118056771346245,0.595,0.2541891891891892,0.8198427144246699,0.0005253104455807158,0.04614512802275952,0.4945945945945946
datafly,81,0.04166103603603588,0.085,0.3595945945945946,0.9590278668864842,0.2411463842220599,0.045974822190611664,0.5054054054054054
datafly_shuffled,81,0.03333333333333344,0.07,0.4243243243243243,0.9601747158791614,0.2789034696859021,0.048310988620199176,0.5054054054054054
mondrian,81,0.4180765309844256,0.655,0.2671621621621621,0.8212001579794225,0.0005196493791088387,0.046822137268847916,0.4945945945945946
datafly,82,0.033328828828828934,0.08,0.3798648648648649,0.9588081758617326,0.2275356099342586,0.04587864509246088,0.5
datafly_shuffled,82,0.04171171171171162,0.0925,0.3740540540540541,0.9424309547801176,0.11746709276844412,0.04808840682788052,0.5560810810810811
mondrian,82,0.4347818689134477,0.645,0.20270270270270271,0.8098094728360428,0.00033283418553688816,0.04656614509246089,0.4945945945945946
datafly,83,0.016666666666666833,0.0275,0.3698648648648649,0.9733655494518764,0.3558545288531775,0.04780897937411095,0.6168918918918919
datafly_shuffled,83,0.06026689189189194,0.0575,0.3948648648648649,0.9330610690005752,0.06966957633308984,0.047719790184921784,0.5560810810810811
mondrian,83,0.4335559871612503,0.6575,0.23675675675675675,0.8087140460046072,0.00033436815193571947,0.04567327524893315,0.4945945945945946
datafly,84,0.03332882882882915,0.0875,0.3232432432432432,0.9543723334631966,0.2068697954711468,0.045790878378378384,0.5054054054054054
datafly_shuffled,84,0.041983108108108125,0.0875,0.3433783783783784,0.9556548518470456,0.21529948867786705,0.04821984352773828,0.5054054054054054
mondrian,84,0.4303426888426891,0.65,0.2122972972972973,0.8065568733705578,0.00033601168736303866,0.0460805120910384,0.4945945945945946
datafly,85,0.025347972972972976,0.0375,0.4318918918918919,0.9890557602996451,0.7706354638422206,0.04828598862019914,0.5054054054054054
datafly_shuffled,85,0.04182432432432437,0.0875,0.4110810810810811,0.9537567962859248,0.16250573411249086,0.0486937588904694,0.5054054054054054
mondrian,85,0.4061122569938358,0.5775,0.2595945945945946,0.8282607284513948,0.0007151935719503287,0.045883517069701306,0.4945945945945946
datafly,86,0.03333333333333344,0.0625,0.3224324324324324,0.9690993036413612,0.4158735938641344,0.04635300497866286,0.5054054054054054
datafly_shuffled,86,0.04332882882882872,0.07,0.3983783783783784,0.9527197635101304,0.18311851716581445,0.04807480440967282,0.5054054054054054
mondrian,86,0.43988741474267795,0.665,0.19405405405405404,0.8088037214482644,0.00033623082542001464,0.04618664651493611,0.4945945945945946
datafly,87,0.01666666666666661,0.0225,0.35283783783783784,0.9811506584069138,0.5666932432432432,0.04791562944523471,0.5054054054054054
datafly_shuffled,87,0.06546846846846854,0.0875,0.3004054054054054,0.9078956264528616,0.030793243243243243,0.04617757823613086,0.652027027027027
mondrian,87,0.4404459824196666,0.655,0.20229729729729728,0.8077347051611136,0.00033349159970781585,0.04537219061166424,0.4945945945945946
datafly,88,0.033328828828828816,0.085,0.3867567567567568,0.9580185336091271,0.20133305332359386,0.04604811522048363,0.5466216216216216
datafly_shuffled,88,0.049986486486486514,0.13,0.3636486486486487,0.9148354576116708,0.039043718042366685,0.047686166429587465,0.6148648648648649
mondrian,88,0.391474103658314,0.5475,0.3121621621621621,0.8394529554682386,0.0011180423666910153,0.046411201991465166,0.4945945945945946
datafly,89,0.01666666666666661,0.03,0.4118918918918919,0.9898034895029384,0.8189401387874361,0.04823253911806543,0.5054054054054054
datafly_shuffled,89,0.03333333333333355,0.06,0.404054054054054,0.9395301524391819,0.08775712198685172,0.04834624822190612,0.5655405405405406
mondrian,89,0.4157315442973338,0.5775,0.25702702702702696,0.8203245740944677,0.0005258217677136597,0.04630810810810817,0.4945945945945946
datafly,90,0.042253378378378385,0.09,0.31513513513513514,0.9681116099155204,0.4305261139517896,0.04609628378378378,0.5054054054054054
datafly_shuffled,90,0.04245720720720714,0.0625,0.3832432432432433,0.9373004636081704,0.08052804967129291,0.04780215149359888,0.5790540540540541
mondrian,90,0.4320175073859285,0.6375,0.20405405405405405,0.8080022489890016,0.00033590211833455083,0.046613424608819336,0.4945945945945946
datafly,91,0.033333333333333215,0.0575,0.2864864864864865,0.9608094144151528,0.2808237764791819,0.04584583926031294,0.5054054054054054
datafly_shuffled,91,0.05000000000000016,0.0925,0.3308108108108108,0.9050457745594132,0.02216734842951059,0.04771173541963016,0.6222972972972973
mondrian,91,0.4328177316993106,0.6325,0.2158108108108108,0.8089480045171099,0.00033546384222059896,0.04610773470839275,0.4945945945945946
datafly,92,0.01666666666666661,0.035,0.425,0.9811241673473592,0.4884699415631848,0.048346194879089616,0.5054054054054054
datafly_shuffled,92,0.03333333333333344,0.0575,0.39864864864864863,0.9441237094628278,0.10927804967129293,0.04877528449502135,0.6148648648648649
mondrian,92,0.4193212514133563,0.615,0.22513513513513514,0.8202842185836895,0.0005205989773557342,0.046496550497866315,0.4945945945945946
datafly,93,0.033328828828828934,0.085,0.32175675675675675,0.9694335325368084,0.3857820672023375,0.046239082503556184,0.5054054054054054
datafly_shuffled,93,0.04198873873873876,0.0925,0.4336486486486487,0.9422663832095868,0.10379590942293647,0.04818662873399717,0.522972972972973
mondrian,93,0.4145826129773498,0.6075,0.26175675675675675,0.8213286608832008,0.0005276479181884588,0.0470421941678521,0.4945945945945946
datafly,94,0.03333333333333344,0.0625,0.3545945945945946,0.9693800742143116,0.3676900292184076,0.04630972617354195,0.5054054054054054
datafly_shuffled,94,0.033333333333333215,0.0575,0.3752702702702703,0.9486279341232806,0.13385157048940832,0.04821786984352775,0.5108108108108108
mondrian,94,0.4107357661305031,0.5825,0.2447297297297297,0.8283497680590601,0.0007116508400292184,0.046118225462304506,0.4945945945945946
datafly,95,0.033328828828828594,0.085,0.3295945945945946,0.9629618241582616,0.2961331628926224,0.046463869132290184,0.5054054054054054
datafly_shuffled,95,0.041829954954955006,0.0875,0.3495945945945946,0.953598740213701,0.17845661066471874,0.04876041963015647,0.5601351351351351
mondrian,95,0.4365047142283983,0.64,0.2181081081081081,0.8100248914598734,0.00033666910153396635,0.0465865576102418,0.4945945945945946
datafly,96,0.033324324324324306,0.0825,0.39972972972972975,0.9627893210319212,0.2700419649379109,0.04620616998577525,0.5054054054054054
datafly_shuffled,96,0.033333333333333215,0.055,0.39472972972972975,0.9398992635457998,0.09738736303871437,0.047763940256045516,0.5689189189189189
mondrian,96,0.3956168526826419,0.5475,0.28554054054054057,0.8387745611967516,0.0011134404674945217,0.04573730440967285,0.4945945945945946
datafly,97,0.033333333333333215,0.06,0.3766216216216216,0.963228295566074,0.24419317019722425,0.0462477240398293,0.6067567567567568
datafly_shuffled,97,0.04199774774774767,0.055,0.4324324324324325,0.9371938144597036,0.09111709276844412,0.0489724573257468,0.5148648648648648
mondrian,97,0.4080779443411025,0.5925,0.3005405405405405,0.8282078857388668,0.0007139517896274652,0.0465311522048364,0.4945945945945946
datafly,98,0.033328828828828934,0.0825,0.3398648648648649,0.96435642198664,0.3244580350620891,0.04609132290184922,0.5054054054054054
datafly_shuffled,98,0.03333333333333355,0.0625,0.3709459459459459,0.9431451758685084,0.12254638422205988,0.04808536628733998,0.6371621621621621
mondrian,98,0.4366484298063247,0.645,0.19864864864864865,0.8073772308241387,0.00033228634039444846,0.046508250355618765,0.4945945945945946
datafly,99,0.016666666666666833,0.04,0.39635135135135136,0.9848529080029056,0.5701570854638423,0.0485205547652916,0.5054054054054054
datafly_shuffled,99,0.033333333333333215,0.0675,0.3547297297297297,0.9538033560034282,0.19943772826880932,0.04889651493598863,0.5054054054054054
mondrian,99,0.41833877703614575,0.5925,0.22716216216216215,0.8207667626085864,0.0005284149013878743,0.04514710170697017,0.4945945945945946
datafly,100,0.016666666666666833,0.025,0.37972972972972974,0.9850497442806329,0.67091376917458,0.04802519559032717,0.5054054054054054
datafly_shuffled,100,0.0416610360360361,0.0875,0.3614864864864865,0.9542994834394452,0.2318692111029949,0.047999004267425316,0.5054054054054054
mondrian,100,0.3958542418937154,0.5475,0.3178378378378378,0.8334189018275655,0.0009277940102264425,0.04668728662873399,0.4945945945945946
datafly,101,0.033328828828828934,0.0825,0.3132432432432433,0.9753012523916472,0.5381929875821768,0.04639068278805119,0.5054054054054054
datafly_shuffled,101,0.04999324324324339,0.1325,0.3860810810810811,0.911786216366082,0.03302688093498905,0.04799528805120913,0.5054054054054054
mondrian,101,0.4364016759674654,0.645,0.2118918918918919,0.808253488314967,0.00033601168736303866,0.04538358819345669,0.4945945945945946
datafly,102,0.03331981981981968,0.08,0.3375675675675676,0.9649778326785604,0.3136115412710007,0.04606952347083925,0.5054054054054054
datafly_shuffled,102,0.01666666666666661,0.03,0.4197297297297297,0.969800926901762,0.29885390796201605,0.04857091038406828,0.5263513513513514
mondrian,102,0.4302634405660724,0.6275,0.21243243243243246,0.8092720919858124,0.00033316289262235214,0.045961219772403986,0.4945945945945946
datafly,103,0.033324324324324306,0.0875,0.34702702702702704,0.9625671393817998,0.29289879474068664,0.04600993954480796,0.5054054054054054
datafly_shuffled,103,0.059064189189189424,0.1325,0.3608108108108108,0.9075396823177054,0.027681555880204527,0.04763138335704125,0.5054054054054054
mondrian,103,0.4164133566765147,0.61,0.2398648648648649,0.8208128598205483,0.0005253834915997078,0.04618177453769561,0.4945945945945946
datafly,104,0.016666666666666385,0.03,0.415945945945946,0.9768289600381824,0.4237102994886779,0.04797329302987198,0.5054054054054054
datafly_shuffled,104,0.04242004504504493,0.05,0.3691891891891892,0.9383220323432814,0.09703940832724617,0.048327702702702695,0.5054054054054054
mondrian,104,0.4396860980413613,0.65,0.20486486486486485,0.8085788269352666,0.00033546384222059896,0.04581328236130865,0.4945945945945946
datafly,105,0.04463063063063066,0.09,0.3517567567567568,0.9665069648399331,0.4011750182615048,0.046193100995732574,0.5054054054054054
datafly_shuffled,105,0.049986486486486514,0.135,0.3228378378378378,0.8999973462776749,0.020116837107377647,0.04708198790896159,0.65
mondrian,105,0.39256416639311376,0.545,0.2695945945945946,0.8332171105558117,0.0008927319211102994,0.04656621621621615,0.4945945945945946
datafly,106,0.01666666666666661,0.03,0.3994594594594595,0.983018134125724,0.5168501460920379,0.04815501422475106,0.5054054054054054
datafly_shuffled,106,0.03333333333333355,0.0575,0.37945945945945947,0.9384549313688656,0.08891289262235208,0.04781730085348506,0.6081081081081081
mondrian,106,0.42073804573804574,0.5875,0.245945945945946,0.8213336265479974,0.000522936449963477,0.04612149715504978,0.4945945945945946
datafly,107,0.04353941441441445,0.0925,0.29905405405405405,0.9577517855369228,0.27871508400292183,0.045875693456614484,0.5054054054054054
datafly_shuffled,107,0.05000000000000005,0.0875,0.3547297297297297,0.913281303192661,0.035430350620891164,0.048214669274537714,0.5054054054054054
mondrian,107,0.40837501367764495,0.6025,0.2801351351351352,0.8284936761990758,0.000712527392257122,0.047333997155049816,0.4945945945945946
datafly,108,0.033333333333333215,0.0525,0.3367567567567568,0.9600008629166559,0.2634945215485756,0.04587208392603128,0.5054054054054054
datafly_shuffled,108,0.033328828828828816,0.09,0.39135135135135135,0.9381922221346528,0.08674254930606283,0.04822357752489331,0.5540540540540541
mondrian,108,0.4384403928219718,0.665,0.2033783783783784,0.8077354465963519,0.00033436815193571947,0.04574308321479377,0.4945945945945946
datafly,109,0.033328828828828816,0.0775,0.2927027027027027,0.9712722301006522,0.4830985390796202,0.046072830725462297,0.5054054054054054
datafly_shuffled,109,0.033333333333333215,0.06,0.4047297297297297,0.9456098420217148,0.14477925493060628,0.04832498221906116,0.5054054054054054
mondrian,109,0.4353022668417403,0.6575,0.21324324324324326,0.8079478185573568,0.0003384222059897736,0.04473460170697017,0.4945945945945946
datafly,110,0.033328828828828934,0.085,0.3604054054054054,0.9698878819708278,0.4512186632578524,0.04610695234708392,0.5054054054054054
datafly_shuffled,110,0.049999999999999815,0.0875,0.3724324324324325,0.9214673048732896,0.051759422936449966,0.047752453769559056,0.5054054054054054
mondrian,110,0.4179974103658314,0.6025,0.25513513513513514,0.8211620076199271,0.0005202337472607742,0.04572793385490749,0.4945945945945946
datafly,111,0.041797297297297316,0.09,0.3297297297297297,0.9666368136535612,0.3517216216216216,0.04622654694167851,0.5054054054054054
datafly_shuffled,111,0.03333333333333355,0.055,0.4058108108108108,0.938523270069903,0.09965810810810813,0.047997848506401125,0.5412162162162162
mondrian,111,0.4171826239194659,0.625,0.2439189189189189,0.8214308000030458,0.0005231921110299488,0.04609350995732573,0.4945945945945946
datafly,112,0.033328828828828816,0.08,0.3491891891891892,0.9714805836869124,0.4383909788166545,0.046319381223328585,0.5054054054054054
datafly_shuffled,112,0.058920045045045,0.135,0.3501351351351351,0.9121257677940124,0.0342954711468225,0.04726018847795164,0.5722972972972973
mondrian,112,0.4047779844621948,0.5725,0.3008108108108108,0.8285812547453674,0.0007171658144631117,0.04652464438122327,0.4945945945945946
datafly,113,0.01666666666666661,0.03,0.37608108108108107,0.987414671191016,0.7333827976625273,0.04813033428165008,0.5054054054054054
datafly_shuffled,113,0.05102364864864861,0.0675,0.3693243243243243,0.9495444115391898,0.16740555149744338,0.0484729196301565,0.5054054054054054
mondrian,113,0.4181141080351607,0.5975,0.23243243243243245,0.8180321727154763,0.0005210737764791819,0.0457930298719772,0.4945945945945946
datafly,114,0.03331981981982013,0.085,0.3222972972972973,0.966902891484523,0.37228856829802776,0.046120199146514926,0.5054054054054054
datafly_shuffled,114,0.01666666666666661,0.0275,0.4408108108108108,0.9719779049049478,0.35069978086194303,0.04947290184921764,0.5472972972972973
mondrian,114,0.4331752744647481,0.6275,0.22135135135135134,0.8098971669877436,0.00033546384222059896,0.04586897226173543,0.4945945945945946
datafly,115,0.033333333333333215,0.0625,0.3620270270270271,0.9640814482050676,0.3332592403214025,0.046135757467994316,0.5054054054054054
datafly_shuffled,115,0.04164977477477472,0.085,0.3998648648648649,0.9400587291797086,0.0923445215485756,0.04821799431009958,0.5608108108108109
mondrian,115,0.43468648101542817,0.6325,0.23243243243243245,0.8074139372994837,0.00033425858290723164,0.046317176386913225,0.4945945945945946
datafly,116,0.033328828828828934,0.08,0.415945945945946,0.9689205242377916,0.3443304236669101,0.04643783783783785,0.5054054054054054
datafly_shuffled,116,0.03332432432432453,0.085,0.3889189189189189,0.9365337714197468,0.07148619430241053,0.04843134779516359,0.5824324324324325
mondrian,116,0.41496805813911053,0.6025,0.2631081081081081,0.8194867196284747,0.0005196859021183347,0.045567638691322916,0.4945945945945946
datafly,117,0.044001126126126056,0.0725,0.3224324324324324,0.9682840317528616,0.3909434258582907,0.04672421763869133,0.5054054054054054
datafly_shuffled,117,0.016666666666666833,0.0225,0.4614864864864865,0.9669456354852034,0.2733150840029218,0.04914918207681366,0.5405405405405406
mondrian,117,0.4065767315898895,0.5925,0.2744594594594595,0.8283980168228186,0.0007202702702702702,0.04532773826458037,0.4945945945945946
datafly,118,0.033324324324324306,0.085,0.4068918918918919,0.9743729065466824,0.492490357925493,0.046549768847795145,0.5054054054054054
datafly_shuffled,118,0.06546846846846832,0.0925,0.3264864864864865,0.902910118470404,0.020560883856829804,0.04751973684210523,0.5777027027027027
mondrian,118,0.43582147025568096,0.6325,0.23675675675675675,0.8084202394370158,0.00033371073776479183,0.046902987197724136,0.4945945945945946
datafly,119,0.01666666666666661,0.03,0.3789189189189189,0.9872075524384448,0.69455,0.04815469416785207,0.5054054054054054
datafly_shuffled,119,0.033333333333333215,0.055,0.3944594594594595,0.932131389455228,0.060934002921840764,0.04799631934566145,0.5418918918918919
mondrian,119,0.3979994711310499,0.5525,0.3025675675675676,0.8347545429819743,0.0009092403214024836,0.04701413584637267,0.4945945945945946
datafly,120,0.033328828828828816,0.085,0.3601351351351351,0.9600012990808199,0.2515637326515705,0.046111326458036984,0.5054054054054054
datafly_shuffled,120,0.03333333333333344,0.0625,0.3591891891891892,0.9414969987059704,0.09930058436815194,0.048224253200568994,0.577027027027027
mondrian,120,0.4223611810190761,0.6075,0.24283783783783786,0.8201517368136543,0.0005248721694667642,0.04605659672830725,0.4945945945945946
datafly,121,0.04167454954954963,0.0925,0.31851351351351354,0.9499372198157492,0.15863330898466033,0.04583125889046941,0.5641891891891891
datafly_shuffled,121,0.033333333333332986,0.055,0.4155405405405405,0.9340619609121208,0.07234105186267348,0.048059637268847794,0.5743243243243243
mondrian,121,0.4364154447970239,0.6575,0.20391891891891886,0.8076865037471002,0.00033228634039444846,0.04572251066856331,0.4945945945945946
datafly,122,0.01666666666666661,0.0275,0.4258108108108108,0.9814069217519152,0.5739993791088386,0.0479725640113798,0.5054054054054054
datafly_shuffled,122,0.049986486486486514,0.13,0.4033783783783784,0.9157828194467671,0.035710226442658866,0.04756941678520625,0.5054054054054054
mondrian,122,0.4128941076704236,0.5825,0.2606756756756757,0.81899450232005,0.000529145361577794,0.04621948790896168,0.4945945945945946
datafly,123,0.04217792792792796,0.0925,0.3451351351351352,0.9639684883855779,0.3522790357925493,0.046109210526315766,0.5054054054054054
datafly_shuffled,123,0.05000000000000005,0.1,0.3389189189189189,0.9211362409797093,0.05008703433162893,0.047533463726884766,0.5054054054054054
mondrian,123,0.4174252562278881,0.6,0.2495945945945946,0.8195415567976265,0.0005251643535427318,0.044950782361308735,0.4945945945945946
datafly,124,0.03333333333333344,0.0625,0.3733783783783784,0.9583071470841288,0.23127224251278306,0.0460241998577525,0.5054054054054054
datafly_shuffled,124,0.02501689189189193,0.035,0.4671621621621622,0.9787889238050064,0.4629955441928415,0.04907603129445234,0.5054054054054054
mondrian,124,0.4414107579239159,0.6425,0.20067567567567568,0.8098149968470141,0.00033524470416362314,0.04559041607396887,0.4945945945945946
datafly,125,0.033324324324324084,0.0875,0.31675675675675674,0.9587145834882662,0.28872311906501097,0.045820412517780934,0.5054054054054054
datafly_shuffled,125,0.03333333333333344,0.0575,0.3651351351351351,0.9436611164716742,0.1213109569028488,0.0485084281650071,0.5054054054054054
mondrian,125,0.4356639676113361,0.6475,0.21121621621621625,0.8091235802165155,0.0003319576333089846,0.046575284495021387,0.4945945945945946
datafly,126,0.01665990990991006,0.045,0.46,0.9889747377560648,0.7116610299488678,0.04859270981507823,0.5054054054054054
datafly_shuffled,126,0.04197072072072083,0.09,0.4177027027027027,0.9381218298797966,0.08761289262235207,0.04882480440967284,0.5763513513513514
mondrian,126,0.4167200641937484,0.6125,0.25756756756756755,0.8200723829087262,0.0005234842951059168,0.04586961237553348,0.4945945945945946
datafly,127,0.024993243243243257,0.035,0.4272972972972973,0.9905958352284018,0.8067847699050402,0.048276102418207685,0.5054054054054054
datafly_shuffled,127,0.03333333333333344,0.0625,0.4251351351351351,0.9388503555059116,0.08977677136596056,0.04799567923186345,0.5452702702702703
mondrian,127,0.4173801564722617,0.6025,0.25202702702702695,0.8186892846840289,0.0005230825420014609,0.046630298719772464,0.4945945945945946
datafly,128,0.04202590090090075,0.09,0.3255405405405405,0.9769748321828176,0.5803579620160702,0.04649569701280226,0.5054054054054054
datafly_shuffled,128,0.041997747747747886,0.0675,0.40297297297297296,0.9442189770579908,0.1075391891891892,0.048778876244665724,0.575
mondrian,128,0.42190787649998174,0.605,0.2483783783783784,0.8185912486649213,0.0005232651570489409,0.04578911806543382,0.4945945945945946
datafly,129,0.01666666666666661,0.035,0.4152702702702703,0.9920402020044176,0.8269756391526661,0.048501066856330016,0.5054054054054054
datafly_shuffled,129,0.033333333333333215,0.07,0.3762162162162162,0.9447677218440338,0.11520507669831995,0.048947510668563315,0.5614864864864865
mondrian,129,0.41274594229857386,0.595,0.2579729729729729,0.8187240213280303,0.0005283418553688824,0.04671913229018485,0.4945945945945946
datafly,130,0.033328828828828934,0.08,0.3572972972972973,0.963697573235372,0.2685020818115413,0.04616586059743956,0.5054054054054054
datafly_shuffled,130,0.03333333333333344,0.055,0.3533783783783784,0.9525069651269744,0.2134399196493791,0.04827197724039827,0.5054054054054054
mondrian,130,0.4231413356676512,0.6075,0.23513513513513515,0.8193142323849183,0.0005168736303871438,0.046510650782361364,0.4945945945945946
datafly,131,0.04173310810810815,0.09,0.3585135135135135,0.9588803221308616,0.22049065010956906,0.04610584992887624,0.6256756756756757
datafly_shuffled,131,0.050033783783783765,0.085,0.4177027027027027,0.9467408093480472,0.12576972242512782,0.04880282716927454,0.5020270270270271
mondrian,131,0.4077025659262501,0.575,0.27864864864864863,0.8279517916096174,0.0007111395178962746,0.04667451991465151,0.4945945945945946
datafly,132,0.03332432432432453,0.0825,0.31094594594594593,0.9754208291757184,0.5489569393718042,0.04635675675675675,0.5054054054054054
datafly_shuffled,132,0.03333333333333344,0.0575,0.397027027027027,0.9353117728991276,0.08015065741417092,0.04862736486486485,0.6108108108108108
mondrian,132,0.3985979137031768,0.56,0.3152702702702703,0.8336421526772592,0.0009078524470416364,0.046794007823613176,0.4945945945945946
datafly,133,0.033328828828828816,0.0825,0.357972972972973,0.972027925828334,0.4565825785244704,0.046358766002844935,0.5054054054054054
datafly_shuffled,133,0.05000000000000005,0.09,0.3559459459459459,0.9136278926530468,0.039848246895544184,0.047180707681365584,0.6128378378378379
mondrian,133,0.4389030802057119,0.6475,0.2222972972972973,0.8091358061315944,0.00033371073776479183,0.0460379089615932,0.4945945945945946
datafly,134,0.033333333333332986,0.0625,0.3385135135135135,0.9565487150521996,0.22024755295836376,0.046137215504978665,0.5054054054054054
datafly_shuffled,134,0.03333333333333344,0.06,0.3575675675675676,0.9476768824349486,0.13799017531044558,0.04858086770981508,0.5743243243243243
mondrian,134,0.4168740197687566,0.6,0.25594594594594594,0.8208177087744156,0.0005205259313367422,0.0468597617354197,0.4945945945945946
datafly,135,0.033333333333333215,0.0625,0.3277027027027027,0.9620397260577268,0.2946246895544193,0.046057841394025606,0.5054054054054054
datafly_shuffled,135,0.05000000000000005,0.085,0.3727027027027027,0.9160675683596288,0.03757852447041636,0.047800373399715525,0.5054054054054054
mondrian,135,0.3903322208848523,0.56,0.3191891891891892,0.8392117154997634,0.0010975529583637689,0.04811385135135137,0.4945945945945946
datafly,136,0.033328828828828816,0.0875,0.3268918918918919,0.9623804456477618,0.26340960555149745,0.046162322190611664,0.5054054054054054
datafly_shuffled,136,0.05177477477477455,0.06,0.3601351351351351,0.9346343847642478,0.07740390796201607,0.04805531650071125,0.5702702702702702
mondrian,136,0.4342009519641099,0.6425,0.2172972972972973,0.8079310625046726,0.00033371073776479183,0.04701226884779512,0.4945945945945946
datafly,137,0.01666666666666661,0.0275,0.40878378378378377,0.9871812988852414,0.7308536523009496,0.04812444879089616,0.5054054054054054
datafly_shuffled,137,0.033333333333333215,0.0625,0.3860810810810811,0.9428838366201472,0.10335657414170928,0.04918549075391182,0.4925675675675676
mondrian,137,0.4135905095378778,0.6025,0.2594594594594595,0.8209173445161695,0.0005211468224981738,0.04673435277382653,0.4945945945945946
datafly,138,0.042295045045045,0.0925,0.3664864864864865,0.9539689558846272,0.20080412710007306,0.04600024893314368,0.5290540540540539
datafly_shuffled,138,0.06546846846846832,0.095,0.3564864864864865,0.9115619125370048,0.03355420014609204,0.047516802987197716,0.5858108108108108
mondrian,138,0.4329175876281139,0.645,0.22594594594594594,0.8079355757365859,0.00033579254930606283,0.046569594594594574,0.4945945945945946
datafly,139,0.033333333333333215,0.06,0.3868918918918919,0.9636819132786788,0.2490876186997809,0.046282592460881934,0.5054054054054054
datafly_shuffled,139,0.04170382882882895,0.055,0.3643243243243243,0.9391321727469599,0.09119214755295836,0.048288353485064016,0.6317567567567568
mondrian,139,0.4322178575336468,0.645,0.2212162162162162,0.8086138344908161,0.00033524470416362314,0.04456461593172117,0.4945945945945946
datafly,140,0.033333333333333215,0.0675,0.3736486486486487,0.973950723936394,0.508467823228634,0.046638673541963015,0.5054054054054054
datafly_shuffled,140,0.059699324324324565,0.1375,0.3335135135135135,0.8975886720933964,0.01617899926953981,0.04772910739687057,0.6027027027027027
mondrian,140,0.4324942006784112,0.6475,0.22716216216216215,0.8066726326670013,0.00033338203067932796,0.046096799431009916,0.4945945945945946
datafly,141,0.033328828828828816,0.08,0.30783783783783786,0.9731868230590583,0.4789353177501826,0.04645897937411093,0.5054054054054054
datafly_shuffled,141,0.03333333333333344,0.0525,0.3725675675675676,0.9322091107303404,0.06667005113221329,0.04881610953058322,0.6337837837837837
mondrian,141,0.4360535525403948,0.66,0.22067567567567567,0.8045457918663421,0.00033458728999269534,0.04509406116642967,0.4945945945945946
datafly,142,0.03331981981981968,0.0775,0.395945945945946,0.9669853672000358,0.3268186997808619,0.046182912517780936,0.5054054054054054
datafly_shuffled,142,0.03333333333333344,0.0625,0.3974324324324324,0.9382424058020812,0.07755135135135137,0.04868213015647225,0.5527027027027027
mondrian,142,0.4042451672320092,0.5775,0.2895945945945946,0.8278992260235496,0.000714426588750913,0.046624502133712636,0.4945945945945946
datafly,143,0.033328828828828594,0.085,0.3216216216216216,0.96165533264946,0.29111066471877284,0.04597361308677099,0.5486486486486486
datafly_shuffled,143,0.04479842342342333,0.055,0.3721621621621621,0.9353700154665344,0.08170310445580715,0.04788063655761023,0.6222972972972973
mondrian,143,0.4192560455192035,0.6175,0.24932432432432436,0.8211971970576358,0.0005225346968590212,0.04685949502133701,0.4945945945945946
datafly,144,0.0416610360360361,0.085,0.33972972972972976,0.9673185422598792,0.3880080350620891,0.04612035917496443,0.5054054054054054
datafly_shuffled,144,0.04999324324324339,0.1275,0.3186486486486487,0.9079570850902204,0.027010774287801315,0.04775234708392603,0.6567567567567567
mondrian,144,0.4096690465769413,0.585,0.24621621621621625,0.8187789247617613,0.0005246165084002922,0.04598959815078231,0.4945945945945946
datafly,145,0.01666666666666661,0.025,0.40878378378378377,0.9869969131657936,0.7304317384952521,0.04811132645803698,0.5054054054054054
datafly_shuffled,145,0.04334234234234247,0.055,0.39054054054054055,0.9351767871756872,0.0767127465303141,0.04795552987197725,0.5648648648648649
mondrian,145,0.4229037914432652,0.6025,0.2255405405405405,0.8181308788225746,0.0005239956172388606,0.04539815078236133,0.4945945945945946
datafly,146,0.01666666666666661,0.0325,0.3559459459459459,0.972387544856697,0.34019408327246164,0.04783047652916074,0.6310810810810811
datafly_shuffled,146,0.04999324324324328,0.13,0.30594594594594593,0.918132588432232,0.04362808619430241,0.04811754978662874,0.5054054054054054
mondrian,146,0.4167622460517197,0.62,0.2754054054054054,0.8212258361459425,0.0005264061358655953,0.04697222617354202,0.4945945945945946
datafly,147,0.033319819819819914,0.08,0.3406756756756757,0.9812929173729268,0.6638508765522279,0.0466309388335704,0.5054054054054054
datafly_shuffled,147,0.025030405405405357,0.035,0.442972972972973,0.9748561956053244,0.3553506574141709,0.049457361308677096,0.5506756756756757
mondrian,147,0.4358290385527227,0.6225,0.21635135135135136,0.8092409458914379,0.00033579254930606283,0.04548963371265997,0.4945945945945946
datafly,148,0.033333333333333215,0.0525,0.3222972972972973,0.9630815417352484,0.3284698319941563,0.04598129445234709,0.5054054054054054
datafly_shuffled,148,0.033333333333333215,0.0675,0.42108108108108105,0.9421265611673378,0.0924337107377648,0.04854937766714082,0.5047297297297297
mondrian,148,0.4022130885946675,0.5675,0.2971621621621622,0.8344299055801783,0.0009139152666179693,0.047374110953058365,0.4945945945945946
datafly,149,0.04197522522522512,0.0925,0.3366216216216216,0.9675238237102296,0.3792918188458729,0.0461858108108108,0.5054054054054054
datafly_shuffled,149,0.05848648648648647,0.135,0.3917567567567568,0.9134891486536288,0.035636851716581444,0.048099644381223314,0.5054054054054054
mondrian,149,0.435541525330999,0.6825,0.21783783783783786,0.808635023745018,0.00033546384222059896,0.04651566500711225,0.4945945945945946
datafly,150,0.033324324324324306,0.085,0.34459459459459457,0.958330264412898,0.2533985025566107,0.0458877667140825,0.6074324324324324
datafly_shuffled,150,0.06287950450450464,0.13,0.3555405405405405,0.9084228218600638,0.025359021183345508,0.047458232574679925,0.5391891891891892
mondrian,150,0.4067280701754388,0.56,0.2762162162162162,0.8295468421909235,0.0007223155588020452,0.04480048008534841,0.4945945945945946
datafly,151,0.04202927927927957,0.0925,0.3083783783783784,0.960603714066232,0.29969057706354996,0.04596792318634423,0.5054054054054054
datafly_shuffled,151,0.049986486486486285,0.13,0.352972972972973,0.9100871191232471,0.035348758217677134,0.04756890113798005,0.6243243243243243
mondrian,151,0.4182557719662983,0.5825,0.23202702702702704,0.8192231070281427,0.0005275018261504748,0.04592190611664297,0.4945945945945946
datafly,152,0.033324324324324306,0.0825,0.3290540540540541,0.9669180596218124,0.3492494156318481,0.04617811166429588,0.5054054054054054
datafly_shuffled,152,0.033324324324324306,0.085,0.3698648648648649,0.938810475601824,0.09694043097151206,0.04800104907539119,0.6013513513513513
mondrian,152,0.3995197322828904,0.55,0.2545945945945946,0.8335806570480699,0.0009258582907231556,0.04727002133712657,0.4945945945945946
datafly,153,0.033319819819819914,0.085,0.4154054054054054,0.9649666449303824,0.283077173119065,0.04647487553342817,0.5054054054054054
datafly_shuffled,153,0.033319819819819914,0.0875,0.34162162162162163,0.9442414898705396,0.12802308254200145,0.04871282005689901,0.5054054054054054
mondrian,153,0.4338898858372546,0.665,0.2175675675675676,0.8085924492201525,0.00033502556610664715,0.04628250355618777,0.4945945945945946
datafly,154,0.041694819819819706,0.0925,0.3945945945945946,0.9601484465296464,0.2712757487216947,0.046040220483641515,0.5087837837837837
datafly_shuffled,154,0.03333333333333344,0.0575,0.35743243243243245,0.9385859284979864,0.08592041636230825,0.04796808321479374,0.6364864864864865
mondrian,154,0.4372117117117118,0.625,0.2214864864864865,0.8071873474103296,0.00033623082542001464,0.04537235064011376,0.4945945945945946
datafly,155,0.033324324324324306,0.0825,0.345945945945946,0.9716437058624692,0.40806592403214026,0.04661504267425319,0.5054054054054054
datafly_shuffled,155,0.05000000000000016,0.095,0.3314864864864865,0.9113089807285862,0.034487253469685904,0.047697119487908966,0.5054054054054054
mondrian,155,0.4427013896487581,0.685,0.1818918918918919,0.8057651688971245,0.00033688823959094233,0.04490072901849222,0.4945945945945946
datafly,156,0.033319819819819914,0.085,0.2910810810810811,0.9628527013139492,0.3573657779401023,0.045888584637268866,0.5054054054054054
datafly_shuffled,156,0.03333333333333355,0.0525,0.3472972972972973,0.9373524487523928,0.09154598246895544,0.04869150071123755,0.6263513513513513
mondrian,156,0.43316144180617855,0.635,0.2140540540540541,0.807591630845698,0.0003330533235938641,0.04578737553342807,0.4945945945945946
datafly,157,0.033315315315315286,0.09,0.3435135135135135,0.9696407350279904,0.4262354273192111,0.04645490753911807,0.5054054054054054
datafly_shuffled,157,0.0422984234234236,0.0675,0.3793243243243243,0.9456421381473612,0.11840109569028487,0.048531223328591735,0.5054054054054054
mondrian,157,0.4159708757340337,0.6025,0.255,0.8185594810536124,0.0005211833455076698,0.04705960170697018,0.4945945945945946
datafly,158,0.04230292792792778,0.0875,0.392027027027027,0.9721480529236582,0.4809119065010957,0.046408783783783776,0.5054054054054054
datafly_shuffled,158,0.033333333333333215,0.0625,0.3706756756756757,0.950522638276138,0.1591462381300219,0.048135686344238975,0.6270270270270271
mondrian,158,0.3996213754240071,0.5575,0.2872972972972973,0.8378306360648791,0.0011119065010956905,0.045960312944523525,0.4945945945945946
datafly,159,0.016666666666666833,0.0325,0.3967567567567568,0.9794703287634834,0.5234639883126371,0.047909174964438125,0.5054054054054054
datafly_shuffled,159,0.05000000000000005,0.0925,0.34986486486486484,0.9062512211181978,0.02349970781592403,0.047800906827880484,0.643918918918919
mondrian,159,0.4038209778604516,0.5675,0.2959459459459459,0.8291773024137821,0.0007189554419284148,0.04665072901849219,0.4945945945945946
datafly,160,0.01666666666666661,0.0325,0.4458108108108108,0.9880446267664263,0.7355999634769905,0.04832594238975818,0.5054054054054054
datafly_shuffled,160,0.03331981981982013,0.0825,0.3835135135135136,0.952405549402678,0.18104097881665449,0.04817046586059743,0.5013513513513513
mondrian,160,0.3999702830360724,0.5675,0.2833783783783784,0.8343552736966744,0.000908254200146092,0.04592457325746798,0.4945945945945946
datafly,161,0.033319819819819914,0.09,0.3181081081081081,0.9507833593180084,0.14995215485756025,0.04580714793741108,0.6662162162162162
datafly_shuffled,161,0.03333333333333355,0.06,0.35783783783783785,0.938538664595462,0.08941921110299489,0.04857347083926033,0.5033783783783784
mondrian,161,0.4193623846518584,0.615,0.2414864864864865,0.8208289417942481,0.0005255295836376917,0.046582201280227664,0.4945945945945946
datafly,162,0.041668918918918885,0.08,0.352972972972973,0.980143708028374,0.6439283418553688,0.046533339260312966,0.5054054054054054
datafly_shuffled,162,0.048801801801801714,0.0675,0.377027027027027,0.9458125082174134,0.13314072315558806,0.04818218349928876,0.5054054054054054
mondrian,162,0.43308928766823496,0.6125,0.2306756756756757,0.8060718035996701,0.00033557341124908685,0.04427489331436709,0.4945945945945946
datafly,163,0.033333333333333215,0.0625,0.3366216216216216,0.9538566834479852,0.18060343316289265,0.04582942745376956,0.6554054054054054
datafly_shuffled,163,0.04622072072072081,0.07,0.3922972972972973,0.9400767559372848,0.1062036523009496,0.047684797297297306,0.5222972972972973
mondrian,163,0.4335506711164607,0.665,0.2154054054054054,0.8086561708087454,0.00033688823959094233,0.0453240220483641,0.4945945945945946
datafly,164,0.033324324324324084,0.085,0.3314864864864865,0.9645464477513276,0.3058036523009496,0.04605314722617352,0.5054054054054054
datafly_shuffled,164,0.033319819819819914,0.085,0.40554054054054056,0.9448701322985608,0.108468334550767,0.04825627667140825,0.5385135135135135
mondrian,164,0.42302918809497736,0.6375,0.24,0.8201210586202295,0.0005300219138056974,0.046686966571834916,0.4945945945945946
datafly,165,0.033324324324324306,0.0825,0.3659459459459459,0.9657954692686276,0.31510617238860483,0.04626701635846372,0.5054054054054054
datafly_shuffled,165,0.04479842342342333,0.055,0.372972972972973,0.9347201001953854,0.0793299853907962,0.047972919630156464,0.5398648648648648
mondrian,165,0.41606644600065656,0.585,0.2495945945945946,0.8214890108297745,0.0005213659605551497,0.047727773826458014,0.4945945945945946
datafly,166,0.03333333333333355,0.06,0.3195945945945946,0.9528086114169432,0.19561731190650108,0.04574073613086769,0.6412162162162162
datafly_shuffled,166,0.048819819819819636,0.0925,0.4248648648648649,0.943273728358477,0.10830058436815193,0.04797222617354197,0.5628378378378378
mondrian,166,0.4378969617390669,0.64,0.2033783783783784,0.8086715848366048,0.00033513513513513515,0.04668897581792317,0.522972972972973
datafly,167,0.033324324324324084,0.085,0.3112162162162162,0.9687684112140617,0.4169020818115413,0.046090469416785206,0.5054054054054054
datafly_shuffled,167,0.03333333333333344,0.065,0.3774324324324324,0.9479677607913624,0.16537041636230826,0.04839779516358466,0.5689189189189189
mondrian,167,0.442083360688624,0.6525,0.2195945945945946,0.8082711897975967,0.00033349159970781585,0.04596490042674253,0.4945945945945946
datafly,168,0.04190427927927931,0.0875,0.3652702702702703,0.9699963449962816,0.3951725712198685,0.04640556543385491,0.5054054054054054
datafly_shuffled,168,0.033315315315315286,0.085,0.4262162162162162,0.9427837373060424,0.09236665449233017,0.0487108108108108,0.5148648648648648
mondrian,168,0.4362703158624213,0.65,0.20972972972972967,0.8094287514141002,0.0003348064280496713,0.0460660561877667,0.4945945945945946
datafly,169,0.03333333333333355,0.0675,0.3786486486486487,0.9543077590789272,0.1967901022644266,0.04605558321479375,0.5013513513513513
datafly_shuffled,169,0.03333333333333344,0.055,0.3358108108108108,0.9482945091344518,0.1837211833455077,0.04858735775248935,0.5054054054054054
mondrian,169,0.43899417332312063,0.6325,0.23094594594594595,0.808294165826814,0.00033579254930606283,0.046381241109530506,0.4945945945945946
datafly,170,0.033328828828828594,0.0875,0.3451351351351352,0.966002691669852,0.3610584002921841,0.046139295874822184,0.5054054054054054
datafly_shuffled,170,0.041795045045044936,0.06,0.3656756756756757,0.9474723172335044,0.1481418918918919,0.048943243243243235,0.5054054054054054
mondrian,170,0.4133482693219533,0.62,0.2613513513513513,0.8219801142906501,0.0005256756756756755,0.046505032005689916,0.4945945945945946
datafly,171,0.04166103603603588,0.0875,0.3298648648648649,0.9526694873974592,0.16992779401022645,0.04609334992887625,0.5885135135135136
datafly_shuffled,171,0.03333333333333344,0.0575,0.3932432432432432,0.9456600497905598,0.13148783783783785,0.04824669274537696,0.5054054054054054
mondrian,171,0.4194550826129776,0.61,0.24797297297297294,0.8200140631354045,0.0005235938641344047,0.046396266002845056,0.4945945945945946
datafly,172,0.04242004504504515,0.0675,0.3316216216216216,0.9684958155348276,0.4166089481373265,0.0462157361308677,0.5054054054054054
datafly_shuffled,172,0.04835247747747762,0.06,0.3541891891891892,0.929327372475538,0.0545418188458729,0.047975106685633,0.5202702702702703
mondrian,172,0.4235315953605428,0.585,0.2310810810810811,0.8190455943683863,0.0005264061358655953,0.04424747510668566,0.4945945945945946
datafly,173,0.033328828828828816,0.09,0.3433783783783784,0.9569931069943144,0.22299777209642074,0.04602713371266002,0.5054054054054054
datafly_shuffled,173,0.049993243243243064,0.1275,0.34378378378378377,0.9288598006189738,0.07248710737764792,0.047193527738264594,0.5054054054054054
mondrian,173,0.4304919848998796,0.645,0.21432432432432436,0.8089489762992992,0.0003372169466764061,0.04525145803698435,0.4945945945945946
datafly,174,0.044628378378378415,0.0875,0.41135135135135137,0.9657415474823496,0.3753588750913075,0.046239847083926026,0.5054054054054054
datafly_shuffled,174,0.04198423423423436,0.06,0.34243243243243243,0.946388438605786,0.13172238860482105,0.048879142958748234,0.5054054054054054
mondrian,174,0.4350620873910347,0.6375,0.2133783783783784,0.808066634539848,0.00033502556610664715,0.045804711948790995,0.4945945945945946
datafly,175,0.033333333333333215,0.065,0.3033783783783784,0.9537294161733814,0.20285390796201608,0.045840985064011366,0.6783783783783783
datafly_shuffled,175,0.033333333333333215,0.065,0.40716216216216217,0.9615467352553178,0.30048601168736305,0.048873986486486484,0.5054054054054054
mondrian,175,0.4180991902834007,0.6225,0.2586486486486487,0.8200546245420219,0.0005233382030679328,0.04701628733997148,0.4945945945945946
datafly,176,0.01666666666666661,0.0325,0.4295945945945946,0.9791972328812352,0.4581189554419284,0.048015985064011384,0.5054054054054054
datafly_shuffled,176,0.04999324324324339,0.13,0.3422972972972973,0.9028187226261606,0.021534696859021183,0.04691682076813659,0.6263513513513513
mondrian,176,0.3986183936973411,0.5525,0.3062162162162162,0.8339781130410151,0.000902118334550767,0.0464301742532005,0.4939189189189189
datafly,177,0.016666666666666833,0.035,0.3868918918918919,0.9864032793328658,0.7009796566837108,0.04831155761024182,0.5054054054054054
datafly_shuffled,177,0.01666666666666661,0.0325,0.4239189189189189,0.969291966738222,0.2878147187728269,0.0494481507823613,0.5283783783783784
mondrian,177,0.4148037805011491,0.59,0.2560810810810811,0.8195828914413407,0.0005201972242512783,0.0456440967283072,0.4945945945945946
datafly,178,0.033333333333333215,0.07,0.36108108108108106,0.965606327995113,0.29646957633308985,0.04626041963015648,0.5054054054054054
datafly_shuffled,178,0.03333333333333344,0.06,0.3294594594594595,0.9445673617838836,0.14623173849525198,0.04773714438122333,0.5310810810810811
mondrian,178,0.4317932669511618,0.6425,0.2108108108108108,0.8086344319865836,0.0003344777209642074,0.0470825568990042,0.4945945945945946
datafly,179,0.03333333333333344,0.065,0.3836486486486487,0.9659631798412658,0.2644187728268809,0.04642315078236132,0.5054054054054054
datafly_shuffled,179,0.04619256756756762,0.0925,0.3686486486486487,0.9483185073970636,0.15660712198685173,0.04777332859174964,0.5054054054054054
mondrian,179,0.4147151858336068,0.5975,0.2521621621621621,0.8202929217851722,0.0005248356464572681,0.04638408605974399,0.4945945945945946
datafly,180,0.043055180180180064,0.065,0.29081081081081084,0.9612030607841361,0.3687688093498904,0.045899644381223334,0.5054054054054054
datafly_shuffled,180,0.04999324324324339,0.125,0.3560810810810811,0.91538619096997,0.035831811541271005,0.04788392603129444,0.5054054054054054
mondrian,180,0.4412121220410694,0.6525,0.2154054054054054,0.809688423638696,0.00033524470416362314,0.046376244665718304,0.4945945945945946
datafly,181,0.03331981981981946,0.0875,0.40635135135135136,0.9612143568660568,0.2300161066471877,0.04636162873399717,0.5054054054054054
datafly_shuffled,181,0.03333333333333355,0.055,0.40635135135135136,0.9345008970852612,0.07505047479912345,0.04792752489331438,0.5945945945945946
mondrian,181,0.43297873582084095,0.645,0.22135135135135134,0.8097302518968872,0.00033425858290723164,0.04711132645803693,0.4945945945945946
datafly,182,0.03331981981981968,0.08,0.3560810810810811,0.966552056943405,0.3250336742147553,0.04622181721194878,0.5054054054054054
datafly_shuffled,182,0.033310810810810776,0.085,0.4174324324324325,0.950601416665162,0.14925858290723154,0.04845229374110952,0.5054054054054054
mondrian,182,0.4327327844038371,0.635,0.21986486486486487,0.8065843363561083,0.00033677867056245434,0.045765451635846416,0.4945945945945946
datafly,183,0.045966216216216216,0.09,0.3497297297297297,0.9512964125995059,0.16388476990504014,0.04588744665718349,0.5736486486486486
datafly_shuffled,183,0.04202027027027011,0.0925,0.3755405405405405,0.9439116004778842,0.11110317750182616,0.04802713371266002,0.6222972972972973
mondrian,183,0.43540809534230585,0.6625,0.21554054054054053,0.8093265584918425,0.00033162892622352083,0.045157183499288725,0.4945945945945946
datafly,184,0.04167680180180156,0.09,0.34905405405405404,0.9615012963036552,0.27849057706354996,0.04614623044096728,0.5054054054054054
datafly_shuffled,184,0.03331981981981968,0.0825,0.4205405405405405,0.9463728774756732,0.11744203798392988,0.048174519914651485,0.4966216216216216
mondrian,184,0.4323206040048145,0.65,0.22405405405405404,0.806048465396598,0.00033634039444850264,0.0459934566145092,0.4945945945945946
datafly,185,0.0487849099099098,0.0875,0.3312162162162162,0.9517043358549392,0.16756961285609934,0.0458839971550498,0.5054054054054054
datafly_shuffled,185,0.05129391891891888,0.0875,0.35135135135135137,0.9523920895631588,0.18710226442658875,0.04872556899004269,0.5054054054054054
mondrian,185,0.4030654520917678,0.585,0.28040540540540543,0.8282236301458781,0.0007204528853177503,0.047151493598862025,0.4945945945945946
datafly,186,0.05335585585585578,0.0675,0.33,0.943269605720874,0.10750047479912343,0.04578595305832149,0.5614864864864865
datafly_shuffled,186,0.033333333333333215,0.07,0.4272972972972973,0.9449746995006572,0.11076409788166544,0.048669025604551934,0.5054054054054054
mondrian,186,0.4169509428456797,0.6125,0.2606756756756757,0.8191442943019408,0.0005210372534696858,0.04582409317211942,0.4945945945945946
datafly,187,0.024993243243243257,0.04,0.43635135135135134,0.991531024181986,0.8208852081811542,0.0484031827880512,0.5054054054054054
datafly_shuffled,187,0.03333333333333344,0.065,0.40054054054054056,0.948453800261842,0.1451326880934989,0.048163780227596015,0.5425675675675675
mondrian,187,0.4331210106868001,0.6275,0.2177027027027027,0.8083746405575115,0.0003348064280496713,0.04529322546230445,0.4945945945945946
datafly,188,0.01666666666666661,0.03,0.4745945945945946,0.9845555366003929,0.6038254565376187,0.04828349928876245,0.5054054054054054
datafly_shuffled,188,0.033333333333333215,0.065,0.3627027027027027,0.9478159624360942,0.13011884587289993,0.049003182788051214,0.6351351351351351
mondrian,188,0.4039996990918042,0.5675,0.2627027027027027,0.8279858171047949,0.0007213294375456537,0.046521159317211916,0.4945945945945946
datafly,189,0.05382770270270265,0.0725,0.34378378378378377,0.9704350018075952,0.478649780861943,0.04647115931721196,0.5054054054054054
datafly_shuffled,189,0.04274436936936954,0.0675,0.3960810810810811,0.9423103362377966,0.09887063550036523,0.0483970839260313,0.5168918918918919
mondrian,189,0.4229036364299521,0.5925,0.2366216216216216,0.8198468272337235,0.0005226442658875091,0.04591973684210527,0.4945945945945946
datafly,190,0.01666666666666694,0.0275,0.38297297297297295,0.9810319818609792,0.5283392622352082,0.04798472617354197,0.5054054054054054
datafly_shuffled,190,0.016666666666666833,0.0375,0.4737837837837838,0.977640851534326,0.4242126734842951,0.049382432432432434,0.5054054054054054
mondrian,190,0.4030271546850495,0.5525,0.28797297297297303,0.8281427790195559,0.0007275383491599707,0.04663719772403981,0.4945945945945946
datafly,191,0.016666666666666833,0.0375,0.4690540540540541,0.9966114566952105,0.9483048210372534,0.04866194879089617,0.5054054054054054
datafly_shuffled,191,0.03333333333333355,0.0575,0.3833783783783784,0.9409408734382216,0.10140394448502556,0.04814843527738265,0.5054054054054054
mondrian,191,0.4377840573366889,0.655,0.21797297297297294,0.8091926074359391,0.00033535427319211097,0.04596200213371263,0.4945945945945946
datafly,192,0.02501689189189193,0.035,0.4597297297297298,0.9844726411079838,0.6367572680788897,0.04845657894736841,0.5054054054054054
datafly_shuffled,192,0.05000000000000005,0.0925,0.3832432432432433,0.9120388660397256,0.02903696128560993,0.04792981863442389,0.5939189189189189
mondrian,192,0.4117527537659117,0.57,0.2704054054054054,0.8281920539743215,0.0007288531775018263,0.04488894025604544,0.4945945945945946
datafly,193,0.033333333333333215,0.065,0.3227027027027027,0.9662453282182406,0.3472128560993426,0.04621722972972972,0.5054054054054054
datafly_shuffled,193,0.042090090090090126,0.0875,0.410945945945946,0.9527287810248508,0.15627209642074508,0.048902400426742536,0.5054054054054054
mondrian,193,0.43594099463836333,0.625,0.22378378378378375,0.8082281011096761,0.0003346968590211833,0.04685757467994315,0.4945945945945946
datafly,194,0.01666666666666661,0.03,0.3875675675675676,0.9872749766121356,0.7036416362308254,0.048221799431009967,0.5054054054054054
datafly_shuffled,194,0.05000000000000005,0.085,0.404054054054054,0.9082908853758842,0.024022972972972973,0.04808509957325744,0.5655405405405406
mondrian,194,0.4123332877411825,0.61,0.24297297297297296,0.8211426299839939,0.0005260774287801315,0.045607165718349926,0.4945945945945946
datafly,195,0.033328828828828594,0.085,0.3202702702702703,0.95577887063349,0.2417788897005113,0.04578630867709815,0.5074324324324324
datafly_shuffled,195,0.01666666666666661,0.0325,0.4562162162162162,0.9780439335325708,0.428868334550767,0.04886054409672831,0.5054054054054054
mondrian,195,0.413155223036802,0.62,0.2660810810810811,0.8187341286582163,0.0005246165084002922,0.045404516358463765,0.4945945945945946
datafly,196,0.033328828828828594,0.0825,0.3328378378378378,0.9678778804979792,0.4001331263696129,0.04613342816500713,0.5054054054054054
datafly_shuffled,196,0.033319819819819914,0.0875,0.3654054054054054,0.9420714600845338,0.09699046749452156,0.04836438477951635,0.6310810810810811
mondrian,196,0.4182610880110881,0.585,0.24621621621621625,0.8188314703611719,0.0005226077428780131,0.046214793741109525,0.4945945945945946
datafly,197,0.04224211711711723,0.0925,0.36783783783783786,0.9521180628194744,0.15753641344046748,0.046027542674253207,0.5871621621621622
datafly_shuffled,197,0.01666666666666661,0.0325,0.4790540540540541,0.9730313658142936,0.3303277209642074,0.049161006401137984,0.4952702702702703
mondrian,197,0.4178335339387973,0.6025,0.2554054054054054,0.8210858729429853,0.0005182249817384954,0.04633417496443817,0.4945945945945946
datafly,198,0.03333333333333355,0.06,0.3190540540540541,0.9553946030983056,0.217113915266618,0.045988602418207694,0.5054054054054054
datafly_shuffled,198,0.01666666666666661,0.0275,0.4085135135135135,0.9742072446626568,0.38717154857560265,0.04905595661450925,0.5054054054054054
mondrian,198,0.4191751103330053,0.6325,0.2512162162162162,0.8195134368232118,0.0005265157048940833,0.0462137624466571,0.4945945945945946
datafly,199,0.016666666666666833,0.0275,0.4540540540540541,0.9809413609533372,0.4861843681519357,0.04806913229018492,0.5054054054054054
datafly_shuffled,199,0.03333333333333355,0.05,0.3962162162162162,0.9463109008052752,0.13790675675675676,0.048051280227596034,0.497972972972973
mondrian,199,0.4186648976912133,0.6075,0.26256756756756755,0.8193372861789968,0.0005221694667640613,0.047187624466571904,0.4945945945945946
datafly,200,0.02501689189189193,0.0325,0.3828378378378378,0.9881036670618916,0.7551788897005113,0.04813929587482218,0.5054054054054054
datafly_shuffled,200,0.033324324324324084,0.0825,0.3651351351351351,0.9490933143967064,0.15928378378378374,0.04789187411095305,0.5054054054054054
mondrian,200,0.39736871284239694,0.57,0.28283783783783784,0.8340278072668349,0.0008997808619430242,0.046265398293029864,0.4945945945945946
