algo,no,precision,dm,cm,entropy,discern,ilm,auroc,hellinger,bivariate_corr,lr_acc
mondrian,137,0.4135905095378778,0.6025,0.2594594594594595,0.8209173445161695,0.0005211468224981738,0.04673435277382653,0.6924476198825282,0.49804726107709296,0.004400566808631614,0.5533783783783783
datafly,104,0.016666666666666385,0.03,0.415945945945946,0.9768289600381824,0.4237102994886779,0.04797329302987198,0.5672823339469917,0.4957945036047083,1.1102230246251563e-16,0.575
datafly,179,0.03333333333333344,0.065,0.3836486486486487,0.9659631798412658,0.2644187728268809,0.04642315078236132,0.6519534788580111,0.4940209269021612,0.0015012865967520982,0.5236486486486487
mondrian,169,0.43899417332312063,0.6325,0.23094594594594595,0.808294165826814,0.00033579254930606283,0.046381241109530506,0.743688086262821,0.4915061333845514,0.004758199053379986,0.5912162162162162
datafly_shuffled,169,0.03333333333333344,0.055,0.3358108108108108,0.9482945091344518,0.1837211833455077,0.04858735775248935,0.6998051269688204,0.4957945036047083,0.0012925337793276061,0.5513513513513514
datafly,46,0.03331981981981992,0.08,0.31594594594594594,0.9732526863367746,0.4673257121986852,0.046553253911806536,0.5525992811431577,0.4976367379802792,0.12381683681503355,0.5378378378378378
mondrian,108,0.4384403928219718,0.665,0.2033783783783784,0.8077354465963519,0.00033436815193571947,0.04574308321479377,0.7464550276146226,0.4917694763356275,0.004620560283350292,0.5310810810810811
mondrian,34,0.43015856950067466,0.6225,0.2327027027027027,0.8079524513689534,0.00033425858290723164,0.04653433499288765,0.7478631542035592,0.495832264934288,0.0046911356822074745,0.5418918918918919
mondrian,138,0.4329175876281139,0.645,0.22594594594594594,0.8079355757365859,0.00033579254930606283,0.046569594594594574,0.7496913444960698,0.4956954169110263,0.004189532978507982,0.5804054054054054
mondrian,94,0.4107357661305031,0.5825,0.2447297297297297,0.8283497680590601,0.0007116508400292184,0.046118225462304506,0.7066786476140382,0.4900478369382458,0.006273752842721261,0.6067567567567568
mondrian,74,0.43789635992267584,0.6525,0.22283783783783784,0.8085087207536777,0.00033524470416362314,0.0461930476529161,0.7708424651529763,0.49572517409291295,0.006102649474324854,0.5601351351351351
mondrian,90,0.4320175073859285,0.6375,0.20405405405405405,0.8080022489890016,0.00033590211833455083,0.046613424608819336,0.7718780135004821,0.4989598459379453,0.00446692821194672,0.6027027027027027
datafly_shuffled,22,0.033333333333333215,0.065,0.3840540540540541,0.9574981446750344,0.2308943024105186,0.04781792318634424,0.5742380409689957,0.4940209269021612,0.001808690578196513,0.5189189189189191
mondrian,33,0.43519897326476265,0.65,0.19986486486486488,0.8109658910185156,0.0003330533235938641,0.04644864864864867,0.7237076648841354,0.504070215393406,0.004856558238662716,0.5608108108108109
mondrian,28,0.4214923861108072,0.6175,0.2482432432432433,0.8189958918497567,0.000531154127100073,0.046508392603129424,0.7573986002746851,0.4982225855206309,0.005209808892230117,0.5817567567567568
datafly_shuffled,64,0.033333333333333215,0.0675,0.382027027027027,0.9623236884042335,0.26046205259313365,0.04850284495021336,0.6165740700154876,0.4966454497753235,0.003029900471331876,0.5263513513513514
mondrian,145,0.4229037914432652,0.6025,0.2255405405405405,0.8181308788225746,0.0005239956172388607,0.045398150782361334,0.7491543935010665,0.4934031177033564,0.005699033113242928,0.5844594594594594
mondrian,39,0.4115419174234965,0.6025,0.2583783783783784,0.8211186245744106,0.0005281227173119065,0.04641296230440962,0.6789818386370943,0.5046308194684184,0.005474946688186922,0.5993243243243244
mondrian,143,0.4192560455192035,0.6175,0.2493243243243244,0.8211971970576358,0.0005225346968590212,0.04685949502133701,0.7725976008883435,0.4926969809398376,0.0042586905181305305,0.5939189189189189
mondrian,102,0.4302634405660724,0.6275,0.21243243243243248,0.8092720919858124,0.0003331628926223521,0.04596121977240399,0.8148432249203704,0.499903848296661,0.005724643249740586,0.6033783783783784
datafly_shuffled,25,0.03333333333333344,0.0525,0.35121621621621624,0.9459861470245842,0.14179043097151206,0.04769379445234709,0.6510129014347915,0.4940209269021612,0.001011478654023428,0.5858108108108108
datafly,61,0.04183108108108114,0.09,0.3521621621621622,0.9589872429847208,0.2345284879474069,0.04617763157894736,0.6170069182665615,0.4957945036047083,0.12360276975108585,0.5425675675675675
datafly,173,0.033328828828828816,0.09,0.3433783783783784,0.9569931069943144,0.22299777209642074,0.04602713371266002,0.6335309459104059,0.4957945036047083,0.09835267448109657,0.572972972972973
datafly,47,0.0416610360360361,0.0875,0.3121621621621621,0.9556629524265576,0.20882319211102995,0.04603927809388335,0.6522109961719411,0.4940209269021612,0.1237912347488218,0.5432432432432432
datafly,186,0.05335585585585578,0.0675,0.33,0.943269605720874,0.10750047479912343,0.04578595305832149,0.7017492913707958,0.4940209269021612,0.0014120207617366715,0.5871621621621622
datafly,144,0.0416610360360361,0.085,0.33972972972972976,0.9673185422598792,0.3880080350620891,0.04612035917496443,0.6146162078840478,0.4940209269021612,0.1234152255686129,0.5682432432432433
mondrian,112,0.4047779844621948,0.5725,0.3008108108108108,0.8285812547453674,0.0007171658144631117,0.04652464438122327,0.7050385728061717,0.4948595370063574,0.004285182007929329,0.5831081081081081
datafly,119,0.01666666666666661,0.03,0.3789189189189189,0.9872075524384448,0.69455,0.04815469416785207,0.6325081821104,0.4957945036047083,0.0,0.5202702702702703
datafly_shuffled,53,0.04997972972972975,0.13,0.3493243243243243,0.9077401169041908,0.02379601899196494,0.04766253556187768,0.6769207869436895,0.4918433251816744,0.2449394874158173,0.6141891891891892
datafly_shuffled,91,0.05000000000000016,0.0925,0.3308108108108108,0.9050457745594132,0.02216734842951059,0.04771173541963016,0.6739401610122441,0.4957945036047083,0.002115868693488052,0.6108108108108108
datafly,151,0.04202927927927957,0.0925,0.3083783783783784,0.960603714066232,0.29969057706355,0.04596792318634423,0.6934338564039625,0.4957945036047083,0.09945425839473976,0.5581081081081081
datafly,21,0.033333333333333215,0.065,0.3605405405405405,0.9599129903363164,0.2388234842951059,0.046110881934566125,0.6588763113293008,0.4957945036047083,0.0010770892604627163,0.5324324324324324
mondrian,13,0.427022850786009,0.63,0.2447297297297297,0.8220843088946713,0.0005211468224981738,0.0475387980085348,0.777137941614798,0.4975518214948017,0.006928911028239637,0.5574324324324325
datafly_shuffled,18,0.04997972972972975,0.13,0.3377027027027027,0.910233416944122,0.04029411979547114,0.04631543385490755,0.6953469726191519,0.4940209269021612,0.1961107762726632,0.6331081081081081
datafly,140,0.033333333333333215,0.0675,0.3736486486486487,0.973950723936394,0.508467823228634,0.04663867354196302,0.5000255690950002,0.4957945036047083,0.0006716237282884957,0.5452702702702703
datafly_shuffled,35,0.03333333333333298,0.0525,0.3994594594594595,0.9379957075895374,0.0947882030679328,0.047973915362731136,0.6246283349405335,0.4957945036047083,0.00193977449752408,0.5608108108108109
datafly_shuffled,157,0.0422984234234236,0.0675,0.3793243243243243,0.9456421381473612,0.11840109569028487,0.048531223328591735,0.6489116697349581,0.4957945036047083,0.0012879395225849082,0.5601351351351351
datafly_shuffled,100,0.0416610360360361,0.0875,0.3614864864864865,0.9542994834394452,0.2318692111029949,0.047999004267425316,0.5994226863621753,0.4957945036047083,0.12283649603574427,0.5939189189189189
datafly_shuffled,160,0.03331981981982013,0.0825,0.3835135135135136,0.952405549402678,0.18104097881665449,0.04817046586059743,0.6119031442681394,0.4957945036047083,0.1230161058562944,0.5391891891891892
datafly,48,0.02531756756756753,0.03,0.3967567567567568,0.976004019907136,0.4114784514243974,0.047859281650071125,0.5753283802343591,0.4957945036047083,0.0,0.5932432432432433
mondrian,75,0.4396383265856952,0.6425,0.22243243243243244,0.8070374940531209,0.0003345872899926953,0.045347243954480684,0.7414160895356652,0.4946685958338667,0.004500538979809456,0.5087837837837837
datafly_shuffled,112,0.058920045045045,0.135,0.3501351351351351,0.9121257677940124,0.0342954711468225,0.04726018847795164,0.6871465985798193,0.4940209269021612,0.24430640853250696,0.6297297297297297
mondrian,86,0.439887414742678,0.665,0.19405405405405404,0.8088037214482644,0.00033623082542001464,0.04618664651493611,0.7441976417988955,0.4954285054567641,0.004142045228314792,0.5668918918918919
datafly,84,0.03332882882882915,0.0875,0.3232432432432432,0.9543723334631966,0.2068697954711468,0.045790878378378384,0.63051196633646,0.4957945036047083,0.0992089081877754,0.5527027027027027
datafly,9,0.03333333333333344,0.0575,0.3666216216216216,0.9634141990686916,0.2950654857560263,0.04599770625889047,0.6630751220011104,0.4940209269021612,0.001660181741602054,0.5945945945945946
datafly,183,0.045966216216216216,0.09,0.3497297297297297,0.951296412599506,0.16388476990504014,0.04588744665718349,0.6990243563893516,0.4957945036047083,0.09821141505316136,0.5459459459459459
mondrian,139,0.4322178575336468,0.645,0.2212162162162162,0.8086138344908161,0.00033524470416362314,0.04456461593172117,0.7393924783027965,0.4986749917370683,0.005262220013792158,0.5722972972972973
mondrian,155,0.4427013896487581,0.685,0.1818918918918919,0.8057651688971245,0.0003368882395909424,0.04490072901849222,0.696703047836124,0.4934451954054424,0.007685405713095891,0.5824324324324325
mondrian,167,0.4420833606886239,0.6525,0.2195945945945946,0.8082711897975967,0.00033349159970781585,0.04596490042674253,0.7769443470383682,0.4983417599705196,0.007151766639640722,0.5695945945945946
datafly,95,0.033328828828828594,0.085,0.3295945945945946,0.9629618241582616,0.2961331628926224,0.04646386913229018,0.6189593013062156,0.4940209269021612,0.12358008329271115,0.5405405405405406
datafly_shuffled,103,0.059064189189189424,0.1325,0.3608108108108108,0.9075396823177054,0.027681555880204527,0.04763138335704125,0.6762833859326145,0.4957945036047083,0.195965025328906,0.6263513513513513
mondrian,85,0.4061122569938358,0.5775,0.2595945945945946,0.8282607284513948,0.0007151935719503287,0.045883517069701306,0.6802675988428157,0.5027862372965708,0.0077927670847782815,0.5722972972972973
mondrian,113,0.4181141080351607,0.5975,0.23243243243243245,0.8180321727154763,0.0005210737764791819,0.0457930298719772,0.7333472136991906,0.4976043878877184,0.004294719716666154,0.6
mondrian,96,0.3956168526826419,0.5475,0.28554054054054057,0.8387745611967516,0.0011134404674945217,0.04573730440967285,0.7428552643113877,0.4948507450812412,0.0050610078824141575,0.6283783783783784
mondrian,126,0.4167200641937484,0.6125,0.25756756756756755,0.8200723829087262,0.0005234842951059168,0.04586961237553348,0.7590021478039799,0.4976293837937034,0.005436419255924099,0.5797297297297297
datafly,57,0.04258445945945944,0.09,0.4031081081081081,0.9805708770152762,0.6367372534696859,0.04686856330014224,0.5021094503375121,0.4976367379802792,0.12331083293143022,0.5506756756756757
mondrian,119,0.3979994711310499,0.5525,0.3025675675675676,0.8347545429819743,0.0009092403214024836,0.04701413584637267,0.6788558195260221,0.4954769243896149,0.004373067574839667,0.5817567567567568
datafly_shuffled,101,0.04999324324324339,0.1325,0.3860810810810811,0.911786216366082,0.03302688093498905,0.04799528805120913,0.6207445720464042,0.4957945036047083,0.24594516323402216,0.5574324324324325
datafly,97,0.033333333333333215,0.06,0.3766216216216216,0.9632282955660741,0.24419317019722425,0.0462477240398293,0.6448288331726132,0.4957945036047083,0.00315412396417945,0.5351351351351351
datafly,169,0.03333333333333355,0.0675,0.3786486486486487,0.9543077590789272,0.1967901022644266,0.04605558321479375,0.654950542064814,0.4940209269021612,0.0015312319310688395,0.5912162162162162
mondrian,37,0.42347727687201386,0.655,0.2339189189189189,0.8193108264183886,0.0005241782322863404,0.04498924253200568,0.7194814587533971,0.4881488965509688,0.005199251794243523,0.5560810810810811
mondrian,14,0.4310021884232408,0.6625,0.2208108108108108,0.8090141156707691,0.0003346968590211833,0.04710716571834996,0.7544252797989539,0.5013586592921291,0.0045094852903181356,0.5587837837837838
datafly,51,0.01666666666666661,0.025,0.4118918918918919,0.9766302476235238,0.43050832724616506,0.047860579658605976,0.6289686888168085,0.4957945036047083,0.0,0.5817567567567568
datafly,91,0.033333333333333215,0.0575,0.2864864864864865,0.9608094144151528,0.2808237764791819,0.04584583926031294,0.7406051839513748,0.4940209269021612,0.00034581142548641787,0.577027027027027
datafly_shuffled,114,0.01666666666666661,0.0275,0.4408108108108108,0.9719779049049478,0.35069978086194303,0.04947290184921764,0.5592673358464101,0.4957945036047083,0.0,0.5472972972972973
datafly,108,0.033333333333333215,0.0525,0.3367567567567568,0.960000862916656,0.2634945215485756,0.04587208392603128,0.7137695055667573,0.4940209269021612,0.00042918720719533157,0.5310810810810811
datafly,171,0.04166103603603588,0.0875,0.3298648648648649,0.9526694873974592,0.16992779401022645,0.04609334992887625,0.6457730633236901,0.4957945036047083,0.12360610442416155,0.5736486486486486
datafly_shuffled,104,0.04242004504504493,0.05,0.3691891891891892,0.9383220323432814,0.09703940832724617,0.048327702702702695,0.6539935273662372,0.4957945036047083,0.00199630768869443,0.5277027027027027
mondrian,42,0.3967024565050881,0.5475,0.3005405405405405,0.8384864887107125,0.0011050766983199416,0.04685353840682791,0.6808228134771047,0.4968807055810277,0.004840464919586346,0.552027027027027
mondrian,65,0.4179887022650179,0.6125,0.2639189189189189,0.8204661648253073,0.0005261504747991235,0.04629361664295866,0.7478138423774875,0.49701663285223,0.005018455151914016,0.5608108108108109
datafly_shuffled,182,0.033310810810810776,0.085,0.4174324324324325,0.950601416665162,0.14925858290723154,0.04845229374110952,0.5880827927296104,0.4957945036047083,0.1234686595531464,0.5655405405405406
mondrian,29,0.4062720301272932,0.615,0.2818918918918919,0.8282167398172328,0.000716654492330168,0.04701001066856335,0.7632283539347186,0.49896538451873296,0.004449449529167138,0.5195945945945946
mondrian,6,0.4220030729109675,0.6175,0.2404054054054054,0.8207905093238236,0.0005253104455807158,0.04685464082503565,0.7341782092866953,0.4899976131209331,0.005057537989048496,0.5851351351351352
datafly,52,0.04165540540540536,0.0825,0.345,0.9592888629058236,0.2328131482834185,0.046000533428165,0.6552098857426726,0.4957945036047083,0.12339595885373067,0.5567567567567567
datafly,80,0.02501689189189193,0.03,0.40878378378378377,0.9875997405159804,0.7314597151205259,0.04815076458036985,0.5921610633821337,0.4957945036047083,0.0,0.547972972972973
datafly_shuffled,31,0.033333333333333215,0.0625,0.3695945945945946,0.9493931104610888,0.15585416362308255,0.0481371266002845,0.6383297171327548,0.4940209269021612,0.0020118287922540816,0.5425675675675675
mondrian,153,0.4338898858372546,0.665,0.2175675675675676,0.8085924492201525,0.00033502556610664715,0.04628250355618777,0.7426068788171006,0.4959038086987123,0.004867428207088307,0.597972972972973
datafly_shuffled,44,0.041703828828828726,0.06,0.3331081081081081,0.9402107165091214,0.09421990504017533,0.04859038051209103,0.7131394100113966,0.4957945036047083,0.0013838734719620995,0.6
mondrian,191,0.4377840573366889,0.655,0.2179729729729729,0.8091926074359391,0.00033535427319211086,0.04596200213371263,0.7395714619677974,0.4927071154653819,0.005436992511876216,0.5466216216216216
mondrian,141,0.4360535525403948,0.66,0.22067567567567567,0.8045457918663421,0.0003345872899926953,0.045094061166429666,0.7249989041816428,0.4952388570148752,0.0054275364041405155,0.5682432432432433
datafly_shuffled,3,0.033333333333333215,0.05,0.38972972972972975,0.940803661405976,0.09620504017531044,0.048418634423897586,0.6418226381461676,0.4957945036047083,0.0014593462875410802,0.5304054054054054
mondrian,173,0.4304919848998796,0.645,0.2143243243243244,0.8089489762992992,0.0003372169466764061,0.04525145803698435,0.69923256187721,0.49941851208410504,0.004794795425935115,0.5371621621621622
datafly,3,0.01666666666666661,0.03,0.4258108108108108,0.9922774428794264,0.8651150840029218,0.04837379089615931,0.5721925133689839,0.4957945036047083,0.0,0.5675675675675675
mondrian,87,0.4404459824196666,0.655,0.20229729729729728,0.8077347051611136,0.00033349159970781585,0.04537219061166424,0.7464020630606937,0.4968278621948786,0.006590759278572666,0.5641891891891891
datafly,94,0.03333333333333344,0.0625,0.3545945945945946,0.9693800742143116,0.3676900292184076,0.04630972617354195,0.6967121796557669,0.4940209269021612,0.0008577176018847524,0.5445945945945946
mondrian,171,0.4194550826129776,0.61,0.2479729729729729,0.8200140631354045,0.0005235938641344047,0.046396266002845056,0.6963578650536221,0.4993296281233832,0.00503035969556619,0.6236486486486487
datafly,83,0.016666666666666833,0.0275,0.3698648648648649,0.9733655494518764,0.3558545288531775,0.04780897937411095,0.6135934440840419,0.4957945036047083,0.0,0.6168918918918919
datafly,158,0.04230292792792778,0.0875,0.392027027027027,0.9721480529236582,0.4809119065010957,0.046408783783783776,0.5761840317348997,0.4940209269021612,0.12122166643647067,0.5581081081081081
datafly_shuffled,62,0.033333333333333215,0.0475,0.3991891891891892,0.9363376122254048,0.0866790357925493,0.0481685277382646,0.5915839323807018,0.4957945036047083,0.0022332550217550127,0.5540540540540541
datafly_shuffled,97,0.04199774774774767,0.055,0.4324324324324325,0.9371938144597036,0.09111709276844412,0.0489724573257468,0.5712263668507642,0.4976367379802792,0.002280346339084666,0.5216216216216216
mondrian,70,0.4333685304737935,0.635,0.20445945945945945,0.8075025953638222,0.00033743608473338197,0.04596386913229028,0.7282480056105901,0.4974101829841625,0.004299429190364282,0.5614864864864865
datafly_shuffled,15,0.04999324324324328,0.13,0.3189189189189189,0.9133601141555444,0.03898130021913807,0.04706904338549075,0.7008799421407907,0.4957945036047083,0.2467749780444945,0.5668918918918919
datafly_shuffled,137,0.033333333333333215,0.0625,0.3860810810810811,0.9428838366201472,0.10335657414170928,0.04918549075391182,0.5974383419537711,0.4976367379802792,0.0018724775804626168,0.5418918918918919
datafly_shuffled,119,0.033333333333333215,0.055,0.3944594594594595,0.932131389455228,0.060934002921840764,0.04799631934566145,0.6150919756874434,0.4957945036047083,0.0021399587505306445,0.5452702702702703
mondrian,56,0.43340064558485614,0.6375,0.20283783783783785,0.8071021126576022,0.0003360116873630386,0.04522964082503556,0.7735016510329915,0.4958281692627992,0.0038988117697882642,0.5628378378378378
datafly_shuffled,130,0.03333333333333344,0.055,0.3533783783783784,0.9525069651269744,0.2134399196493791,0.04827197724039827,0.6565750927792876,0.4957945036047083,0.0017444603962939965,0.5486486486486486
datafly_shuffled,192,0.05000000000000005,0.0925,0.3832432432432433,0.9120388660397256,0.02903696128560993,0.04792981863442389,0.6384712603372199,0.4950122151071168,0.003567107338597669,0.5891891891891892
datafly_shuffled,142,0.03333333333333344,0.0625,0.3974324324324324,0.9382424058020812,0.07755135135135137,0.04868213015647225,0.6498915139826422,0.4976367379802792,0.0011660021340120052,0.5878378378378378
datafly_shuffled,140,0.059699324324324565,0.1375,0.3335135135135135,0.8975886720933964,0.01617899926953981,0.04772910739687057,0.6742515560620672,0.4976367379802792,0.1954633780236298,0.6418918918918919
datafly_shuffled,60,0.05000000000000005,0.0925,0.3883783783783784,0.9118148561435562,0.030184368151935717,0.0477513157894737,0.6453027746120803,0.4990152430314918,0.0035811851019819725,0.5790540540540541
datafly,165,0.033324324324324306,0.0825,0.3659459459459459,0.9657954692686276,0.31510617238860483,0.04626701635846372,0.6397981137313346,0.4976367379802792,0.12298988617236906,0.5148648648648648
mondrian,194,0.4123332877411825,0.61,0.24297297297297296,0.8211426299839939,0.0005260774287801315,0.045607165718349926,0.7752914876830016,0.4976908774490471,0.004720866281504603,0.5716216216216217
mondrian,144,0.4096690465769413,0.585,0.24621621621621625,0.8187789247617613,0.0005246165084002922,0.04598959815078231,0.821847330586482,0.498731756418893,0.004332962267976165,0.5709459459459459
mondrian,188,0.4039996990918042,0.5675,0.2627027027027027,0.8279858171047949,0.0007213294375456537,0.046521159317211916,0.6540446655562374,0.4952692997207125,0.004411730507801205,0.5797297297297297
mondrian,117,0.4065767315898895,0.5925,0.2744594594594595,0.8283980168228186,0.0007202702702702702,0.04532773826458037,0.6973988924929138,0.5031619096950494,0.005630999797292586,0.5763513513513514
datafly,102,0.03331981981981968,0.08,0.3375675675675676,0.9649778326785604,0.3136115412710007,0.04606952347083925,0.6256602305601824,0.4940209269021612,0.12353228475926326,0.5412162162162162
datafly_shuffled,37,0.04174999999999995,0.0875,0.432027027027027,0.9488627957412415,0.12861150474799124,0.04891754978662872,0.5797554863972415,0.4976367379802792,0.1233362452091543,0.5114864864864865
mondrian,41,0.4079083415399206,0.58,0.2945945945945946,0.8269569142176254,0.0007165449233016801,0.045999768847795185,0.5831233014815463,0.4974613311380093,0.004488529535777567,0.5385135135135135
datafly,160,0.01666666666666661,0.0325,0.4458108108108108,0.9880446267664263,0.7355999634769905,0.04832594238975818,0.4972211872826627,0.4976367379802792,0.0,0.5128378378378379
datafly_shuffled,136,0.05177477477477455,0.06,0.3601351351351351,0.9346343847642478,0.07740390796201607,0.04805531650071125,0.644024319862073,0.4957945036047083,0.002064031894332248,0.5912162162162162
datafly_shuffled,106,0.03333333333333355,0.0575,0.37945945945945947,0.9384549313688656,0.08891289262235208,0.04781730085348506,0.6398666023786563,0.4940209269021612,0.0016397551096768985,0.5817567567567568
datafly,24,0.016666666666666833,0.03,0.3718918918918919,0.9806645856278337,0.5205883491599708,0.04799267425320057,0.6439421334852868,0.4976367379802792,0.0,0.5513513513513514
datafly,138,0.042295045045045,0.0925,0.3664864864864865,0.9539689558846272,0.20080412710007306,0.04600024893314368,0.6775061365828001,0.4957945036047083,0.097933557655312,0.5695945945945946
datafly,131,0.04173310810810815,0.09,0.3585135135135135,0.9588803221308616,0.22049065010956906,0.04610584992887624,0.6671588717454195,0.4957945036047083,0.09807044192584558,0.527027027027027
datafly,13,0.0333153153153154,0.0825,0.3627027027027027,0.9561950098310932,0.1874565010956903,0.04595890825035561,0.6347683074720201,0.4950122151071168,0.1235502694962262,0.5418918918918919
mondrian,195,0.413155223036802,0.62,0.2660810810810811,0.8187341286582163,0.0005246165084002922,0.04540451635846377,0.6652439291663015,0.5016713626363167,0.005067967719677234,0.5824324324324325
mondrian,105,0.39256416639311376,0.545,0.2695945945945946,0.8332171105558117,0.0008927319211102994,0.04656621621621615,0.6656201601355892,0.5006103108040186,0.004653544342190632,0.5675675675675675
mondrian,62,0.4361316610132401,0.625,0.20513513513513512,0.806965923879945,0.00033371073776479183,0.04572766714082502,0.7463564039624792,0.499587874613729,0.0071095425399515045,0.5797297297297297
datafly_shuffled,194,0.05000000000000005,0.085,0.4040540540540539,0.9082908853758842,0.024022972972972973,0.04808509957325744,0.5967233204757313,0.4976367379802792,0.0027901554587575514,0.5662162162162162
datafly,109,0.033328828828828816,0.0775,0.2927027027027027,0.9712722301006522,0.4830985390796202,0.046072830725462297,0.7194513237485755,0.4940209269021612,0.12462809061887113,0.5993243243243244
datafly_shuffled,185,0.05129391891891888,0.0875,0.35135135135135137,0.9523920895631588,0.18710226442658875,0.04872556899004269,0.6838536644165863,0.4940209269021612,0.12369691186227015,0.5763513513513514
datafly,43,0.033328828828828816,0.0825,0.33878378378378377,0.9596236092812584,0.2687355368882396,0.04595736130867708,0.6937242482686071,0.4957945036047083,0.12332570528556876,0.6054054054054054
mondrian,187,0.4331210106868001,0.6275,0.2177027027027027,0.8083746405575115,0.0003348064280496713,0.04529322546230445,0.782863592530902,0.4941794954678334,0.0057030101535253406,0.5297297297297298
datafly,127,0.024993243243243257,0.035,0.4272972972972973,0.9905958352284018,0.8067847699050402,0.048276102418207685,0.5828703500774378,0.4957945036047083,2.220446049250313e-16,0.5263513513513514
datafly_shuffled,197,0.01666666666666661,0.0325,0.4790540540540541,0.9730313658142936,0.3303277209642074,0.049161006401137984,0.5016117661669734,0.4976367379802792,0.0,0.5128378378378379
mondrian,61,0.4100873272057484,0.585,0.2747297297297297,0.8289676751752203,0.0007259313367421477,0.04693634423897578,0.689286183922153,0.4964451685508701,0.004761546358807218,0.547972972972973
mondrian,55,0.43894313746945335,0.66,0.2104054054054054,0.8081877332986692,0.00033403944485025565,0.045945003556187636,0.7442725227199674,0.4975650853437078,0.005199401429245761,0.5871621621621622
datafly,29,0.033324324324324306,0.085,0.41216216216216217,0.9757867980511876,0.4582046018991965,0.04679151849217639,0.5930705926185675,0.4940209269021612,0.12277347169424005,0.5702702702702702
datafly,99,0.016666666666666833,0.04,0.39635135135135136,0.9848529080029056,0.5701570854638423,0.0485205547652916,0.40097363461032703,0.4957945036047083,0.0,0.4993243243243243
datafly_shuffled,54,0.033333333333333215,0.055,0.34635135135135137,0.9445165350817292,0.1337556975894814,0.048370750355618775,0.6623546214312849,0.4940209269021612,0.0038284706238839853,0.6047297297297297
mondrian,89,0.4157315442973338,0.5775,0.25702702702702696,0.8203245740944677,0.0005258217677136597,0.04630810810810817,0.7400280529499429,0.4944090674858115,0.004524338683806879,0.5581081081081081
datafly_shuffled,26,0.05000000000000005,0.1,0.3671621621621622,0.909191319773093,0.025803871439006573,0.04778572190611665,0.618367559393355,0.4990152430314918,0.00295782429826207,0.5993243243243244
datafly,149,0.04197522522522512,0.0925,0.3366216216216216,0.9675238237102296,0.3792918188458729,0.0461858108108108,0.6722736039274129,0.4957945036047083,0.0978160880932476,0.5425675675675675
datafly_shuffled,184,0.03331981981981968,0.0825,0.4205405405405405,0.9463728774756732,0.11744203798392988,0.048174519914651485,0.5941262309692878,0.4957945036047083,0.12318140285869035,0.5472972972972973
datafly_shuffled,55,0.033333333333333215,0.0675,0.4287837837837838,0.9473169629113328,0.1317237399561724,0.04838687766714082,0.5618680780807106,0.4957945036047083,0.0016146101091913698,0.5243243243243243
datafly_shuffled,158,0.033333333333333215,0.0625,0.3706756756756757,0.950522638276138,0.1591462381300219,0.048135686344238975,0.6127871044095731,0.4976367379802792,0.00184226000845142,0.5466216216216216
datafly,82,0.033328828828828934,0.08,0.3798648648648649,0.9588081758617326,0.2275356099342586,0.04587864509246088,0.6184278294029982,0.4940209269021612,0.12380621311487265,0.606081081081081
datafly_shuffled,95,0.041829954954955006,0.0875,0.3495945945945946,0.953598740213701,0.17845661066471874,0.04876041963015647,0.6674830513427428,0.4976367379802792,0.12336400221660684,0.5682432432432433
mondrian,3,0.4052074898785425,0.585,0.26675675675675675,0.8265905754491416,0.0007156683710737762,0.0461563477951636,0.7067261330761813,0.4961080632681743,0.005163322072563797,0.597972972972973
datafly_shuffled,68,0.03333333333333344,0.0475,0.3864864864864865,0.9371802669671332,0.08813692476260042,0.048024893314367004,0.6413450439788434,0.4959307780040992,0.0022239151001535768,0.5486486486486486
datafly,122,0.01666666666666661,0.0275,0.4258108108108108,0.9814069217519152,0.5739993791088386,0.0479725640113798,0.5716190350954092,0.4957945036047083,0.0,0.5675675675675675
mondrian,157,0.4159708757340337,0.6025,0.255,0.8185594810536124,0.0005211833455076698,0.04705960170697018,0.7225424446977002,0.4969270573435336,0.004369599826819703,0.597972972972973
datafly,193,0.033333333333333215,0.065,0.3227027027027027,0.9662453282182406,0.3472128560993426,0.04621722972972972,0.6946173402296836,0.4957945036047083,0.0003717262796692912,0.5168918918918919
mondrian,133,0.4389030802057119,0.6475,0.2222972972972973,0.8091358061315944,0.00033371073776479183,0.0460379089615932,0.7842278863855527,0.4922773467385774,0.005124824854569115,0.5472972972972973
datafly_shuffled,71,0.04999324324324328,0.1275,0.37,0.9101611292647253,0.029543425858290725,0.04730985064011376,0.6551249598199936,0.4957945036047083,0.24562657949061176,0.575
datafly_shuffled,176,0.04999324324324339,0.13,0.3422972972972973,0.9028187226261606,0.021534696859021183,0.04691682076813659,0.6855339192308817,0.4940209269021612,0.1962028736457957,0.6202702702702703
datafly,143,0.033328828828828594,0.085,0.3216216216216216,0.96165533264946,0.29111066471877284,0.04597361308677099,0.7037628576020571,0.4940209269021612,0.1242115004147965,0.5655405405405406
datafly_shuffled,161,0.03333333333333355,0.06,0.35783783783783785,0.9385386645954621,0.08941921110299489,0.04857347083926033,0.6673524663218491,0.4957945036047083,0.0015250249591040519,0.6033783783783784
datafly_shuffled,76,0.033333333333333215,0.075,0.3874324324324324,0.9592216451298162,0.25006380569758946,0.04897704480796584,0.6053519768563163,0.4940209269021612,0.001265167598884353,0.5851351351351352
mondrian,7,0.4385809260677683,0.65,0.2066216216216216,0.8063378721178659,0.00033546384222059896,0.04566996799431014,0.7752531340405014,0.4950624167490741,0.004632353486865308,0.5952702702702702
datafly,175,0.033333333333333215,0.065,0.3033783783783784,0.9537294161733814,0.20285390796201608,0.045840985064011366,0.7298634245054206,0.4940209269021612,3.705873570696147e-05,0.5290540540540539
mondrian,59,0.4182874949848636,0.6325,0.2536486486486487,0.8196890580542465,0.0005255295836376917,0.045806152204836435,0.7107989246369187,0.4947417104698906,0.005666773531714458,0.547972972972973
datafly,77,0.0416610360360361,0.085,0.3409459459459461,0.9567871938456236,0.24197100073046016,0.04589438122332858,0.6762432059261857,0.4957945036047083,0.12366916392772848,0.5932432432432433
mondrian,36,0.42111954261954265,0.6325,0.24635135135135136,0.8199135849167286,0.0005255295836376917,0.04587046586059741,0.7585638204611205,0.4926075784106329,0.00455503958494121,0.5763513513513514
mondrian,154,0.4372117117117118,0.625,0.2214864864864865,0.8071873474103296,0.00033623082542001464,0.04537235064011376,0.7554590017825311,0.4950305627143062,0.005390841486998102,0.5168918918918919
datafly_shuffled,134,0.03333333333333344,0.06,0.3575675675675676,0.9476768824349486,0.13799017531044558,0.04858086770981508,0.6785654276613775,0.4957945036047083,0.0010594105738843946,0.5804054054054054
datafly,76,0.033328828828828934,0.0875,0.33635135135135136,0.9558931364075504,0.20865376186997808,0.04601070412517778,0.678290559890126,0.4940209269021612,0.123609447359444,0.5554054054054054
mondrian,76,0.4149257577415471,0.5975,0.2510810810810811,0.8191762387233533,0.0005191745799853908,0.04653888691322888,0.7053380964904591,0.4992904597141419,0.0046142305657592645,0.5817567567567568
mondrian,146,0.4167622460517197,0.62,0.2754054054054054,0.8212258361459425,0.0005264061358655953,0.04697222617354202,0.7425466088074574,0.4958237451429521,0.0071259758860687875,0.5601351351351351
mondrian,196,0.4182610880110881,0.585,0.24621621621621625,0.8188314703611719,0.0005226077428780131,0.046214793741109525,0.6981769235264896,0.4927448564505535,0.005198354714299075,0.581081081081081
datafly_shuffled,148,0.033333333333333215,0.0675,0.42108108108108105,0.9421265611673378,0.0924337107377648,0.04854937766714082,0.5509738172467198,0.4976367379802792,0.0018762355582970613,0.5060810810810811
datafly_shuffled,51,0.05000000000000005,0.0875,0.3910810810810811,0.9150488115177812,0.0358672753834916,0.04766201991465148,0.6433942243067122,0.4957945036047083,0.003189373677139775,0.581081081081081
datafly,155,0.033324324324324306,0.0825,0.3459459459459461,0.9716437058624692,0.40806592403214026,0.04661504267425319,0.5176837687384939,0.4957945036047083,0.1237221050968997,0.5358108108108108
mondrian,190,0.4030271546850495,0.5525,0.28797297297297303,0.8281427790195559,0.0007275383491599707,0.04663719772403981,0.7260143625259344,0.49860699443977796,0.00458451206814969,0.5648648648648649
datafly,181,0.03331981981981946,0.0875,0.40635135135135136,0.9612143568660568,0.2300161066471877,0.04636162873399717,0.6304781786037813,0.4940209269021612,0.12067596120013108,0.5060810810810811
mondrian,178,0.4317932669511618,0.6425,0.2108108108108108,0.8086344319865836,0.00033447772096420735,0.0470825568990042,0.7744477075479969,0.4967615011113525,0.004845420030812488,0.5635135135135135
datafly_shuffled,200,0.033324324324324084,0.0825,0.3651351351351351,0.9490933143967064,0.15928378378378374,0.04789187411095305,0.6451594050436866,0.4957945036047083,0.12367803479239828,0.5560810810810811
datafly_shuffled,180,0.04999324324324339,0.125,0.3560810810810811,0.91538619096997,0.035831811541271005,0.04788392603129444,0.6835258320914059,0.4976367379802792,0.2443655892574668,0.6047297297297297
datafly,154,0.041694819819819706,0.0925,0.3945945945945946,0.9601484465296464,0.2712757487216947,0.046040220483641515,0.6438152011922503,0.4957945036047083,0.0981323316659546,0.552027027027027
mondrian,160,0.3999702830360724,0.5675,0.2833783783783784,0.8343552736966744,0.000908254200146092,0.04592457325746798,0.6742533824259959,0.5008605990590009,0.010085139220480727,0.5763513513513514
mondrian,22,0.4192187602582339,0.6075,0.2602702702702703,0.8194510816523021,0.0005245799853907961,0.0457828591749645,0.6970390987989831,0.496335605650175,0.00450321251997069,0.5763513513513514
mondrian,122,0.4128941076704236,0.5825,0.2606756756756757,0.81899450232005,0.000529145361577794,0.04621948790896168,0.6957496858654043,0.4982248634436511,0.005057773925765458,0.5398648648648648
datafly,187,0.024993243243243257,0.04,0.43635135135135134,0.991531024181986,0.8208852081811542,0.0484031827880512,0.5614973262032086,0.4957945036047083,0.0,0.5054054054054054
datafly_shuffled,56,0.03333333333333344,0.0525,0.3875675675675676,0.9333900086501842,0.07270799853907962,0.048102507112375535,0.6300590280821717,0.4957945036047083,0.001906430394041568,0.5858108108108108
mondrian,49,0.39790612576138906,0.56,0.2981081081081081,0.833616497530718,0.0009077063550036523,0.04672393314366993,0.7435109289617488,0.4942094344462089,0.0058375736804721365,0.5885135135135136
datafly_shuffled,19,0.03331981981981992,0.0875,0.3667567567567567,0.9441339546347988,0.12417165814463113,0.04852900071123755,0.6447667367990415,0.4957945036047083,0.0979516738510654,0.5918918918918918
datafly,55,0.033328828828828934,0.0825,0.4098648648648648,0.9636502014964448,0.23874291453615776,0.046384619487908944,0.4926799333742439,0.4950122151071168,0.12259780136770106,0.5378378378378378
mondrian,179,0.4147151858336068,0.5975,0.2521621621621621,0.8202929217851722,0.0005248356464572681,0.046384086059743986,0.772835028199059,0.4985360589630185,0.004798640367268483,0.5797297297297297
mondrian,107,0.40837501367764495,0.6025,0.2801351351351352,0.8284936761990758,0.000712527392257122,0.047333997155049816,0.7558991554893193,0.4955670964138274,0.009487052360776087,0.6304054054054054
datafly_shuffled,10,0.01666666666666661,0.0275,0.4531081081081081,0.9723064438747824,0.39076610664718775,0.04909683499288762,0.5634926287951842,0.4957945036047083,0.0,0.5216216216216216
datafly,41,0.04165540540540536,0.085,0.2883783783783784,0.9637561557067909,0.3627407596785976,0.04596344238975818,0.7323217103532919,0.4957945036047083,0.12456134198770275,0.5472972972972973
datafly,87,0.01666666666666661,0.0225,0.35283783783783784,0.9811506584069138,0.5666932432432432,0.04791562944523471,0.6417523231349171,0.4957945036047083,0.0,0.5060810810810811
datafly_shuffled,59,0.016666666666666833,0.025,0.4132432432432432,0.9677020738006392,0.2880648283418554,0.04894166073968706,0.5816567312468951,0.4957945036047083,0.0,0.5472972972972973
mondrian,106,0.42073804573804574,0.5875,0.24594594594594602,0.8213336265479974,0.000522936449963477,0.04612149715504978,0.6882068028403613,0.4985153961231932,0.004553923503230753,0.5790540540540541
datafly_shuffled,12,0.048801801801801714,0.0525,0.34662162162162163,0.9332660294318038,0.07029390065741417,0.04806411806543386,0.6567212018935741,0.4957945036047083,0.0015363787762106235,0.6148648648648649
mondrian,82,0.4347818689134477,0.645,0.20270270270270271,0.8098094728360428,0.00033283418553688816,0.04656614509246089,0.7875189941848573,0.497888623891877,0.004762269731994243,0.5736486486486486
datafly_shuffled,116,0.03332432432432453,0.085,0.3889189189189189,0.9365337714197468,0.07148619430241053,0.04843134779516359,0.6243005026153531,0.4957945036047083,0.12112184165652184,0.5993243243243244
datafly,96,0.033324324324324306,0.0825,0.39972972972972975,0.9627893210319212,0.2700419649379109,0.04620616998577525,0.5937253440869641,0.4976367379802792,0.12316351228180475,0.5817567567567568
datafly_shuffled,123,0.05000000000000005,0.1,0.3389189189189189,0.9211362409797093,0.05008703433162893,0.047533463726884766,0.6799936442535287,0.4950122151071168,0.002422675479223705,0.5912162162162162
datafly_shuffled,143,0.04479842342342333,0.055,0.3721621621621621,0.9353700154665344,0.08170310445580715,0.04788063655761023,0.6339144823354079,0.4976367379802792,0.0018443759336775824,0.6236486486486487
mondrian,115,0.43468648101542817,0.6325,0.23243243243243245,0.8074139372994837,0.00033425858290723164,0.046317176386913225,0.7829567370912598,0.5000457494948272,0.006259999887980761,0.6175675675675676
datafly,39,0.02505405405405403,0.0325,0.3828378378378378,0.9882405799121132,0.7557080715850986,0.04815030227596017,0.6120172920136758,0.4957945036047083,2.220446049250313e-16,0.5756756756756757
mondrian,111,0.4171826239194659,0.625,0.2439189189189189,0.8214308000030458,0.0005231921110299488,0.04609350995732573,0.7305839250752464,0.4954992342145895,0.0039764331852564175,0.606081081081081
datafly,145,0.01666666666666661,0.025,0.40878378378378377,0.9869969131657936,0.7304317384952521,0.04811132645803698,0.5173413255018848,0.4957945036047083,0.0,0.55
datafly,129,0.01666666666666661,0.035,0.4152702702702703,0.9920402020044176,0.8269756391526661,0.048501066856330016,0.5694675783875398,0.4976367379802792,0.0,0.5
mondrian,57,0.4180837254258308,0.6325,0.2536486486486487,0.8216630452307281,0.0005240686632578523,0.04644210526315783,0.7435127553256772,0.4978689799887139,0.00441346987532736,0.5391891891891892
datafly,199,0.016666666666666833,0.0275,0.4540540540540541,0.9809413609533372,0.4861843681519357,0.04806913229018492,0.4993333771660676,0.4957945036047083,0.0,0.5283783783783784
mondrian,168,0.4362703158624213,0.65,0.20972972972972967,0.8094287514141002,0.0003348064280496713,0.0460660561877667,0.7722505917419128,0.4945573213030117,0.005454128476268349,0.5297297297297298
datafly,196,0.033328828828828594,0.0825,0.3328378378378378,0.9678778804979792,0.4001331263696129,0.04613342816500713,0.6569540632944683,0.4957945036047083,0.1238022705512148,0.5851351351351352
datafly,164,0.033324324324324084,0.085,0.3314864864864865,0.9645464477513276,0.3058036523009496,0.04605314722617352,0.6895263507787616,0.4957945036047083,0.09841101738633376,0.5405405405405406
mondrian,16,0.4166667852062588,0.6075,0.26256756756756755,0.8203530847780814,0.0005284514243973703,0.04630837482219067,0.7431712252710324,0.4955885854849852,0.004433133084001877,0.5459459459459459
datafly_shuffled,168,0.033315315315315286,0.085,0.4262162162162162,0.9427837373060424,0.09236665449233017,0.0487108108108108,0.5781583311416967,0.4976367379802792,0.12352648526139905,0.5655405405405406
mondrian,149,0.435541525330999,0.6825,0.21783783783783786,0.808635023745018,0.00033546384222059896,0.04651566500711225,0.7972918675666988,0.4986141177140718,0.007702977891289698,0.6027027027027027
datafly,135,0.033333333333333215,0.0625,0.3277027027027027,0.9620397260577268,0.2946246895544193,0.046057841394025606,0.6530757794921247,0.4957945036047083,0.0015653092519546904,0.5858108108108108
datafly,34,0.01666666666666661,0.035,0.3964864864864865,0.9783415766352768,0.4611478451424397,0.048042176386913216,0.5676430408228865,0.4957945036047083,0.0,0.5925675675675676
datafly_shuffled,122,0.049986486486486514,0.13,0.4033783783783784,0.9157828194467672,0.035710226442658866,0.04756941678520625,0.5953517211653663,0.4926256136792659,0.2463451169098121,0.5466216216216216
datafly_shuffled,159,0.05000000000000005,0.0925,0.34986486486486484,0.9062512211181978,0.02349970781592403,0.047800906827880484,0.6904039186464452,0.4976367379802792,0.0015408257279922346,0.6148648648648649
mondrian,88,0.391474103658314,0.5475,0.3121621621621621,0.8394529554682386,0.0011180423666910153,0.046411201991465166,0.6240484643932088,0.5041184703577621,0.006797462484744018,0.55
datafly,78,0.033328828828828934,0.085,0.3543243243243243,0.9643333411640038,0.2797972242512783,0.04633058321479374,0.6779965152976244,0.4940209269021612,0.12342230027655796,0.5094594594594595
mondrian,101,0.4364016759674654,0.645,0.2118918918918919,0.808253488314967,0.0003360116873630386,0.04538358819345669,0.7882897197627188,0.5019572679741393,0.007292913265782764,0.5533783783783783
mondrian,4,0.4390019969362078,0.6825,0.20094594594594595,0.8079071554237749,0.00033360116873630384,0.04626532716927456,0.8012715145670786,0.4960023016984893,0.004840201874876666,0.5168918918918919
datafly,93,0.033328828828828934,0.085,0.32175675675675675,0.9694335325368084,0.3857820672023375,0.04623908250355618,0.7005037111715029,0.4950122151071168,0.1179378797567833,0.5364864864864864
mondrian,104,0.4396860980413613,0.65,0.20486486486486485,0.8085788269352666,0.00033546384222059896,0.04581328236130865,0.7521295403407264,0.4906603957502887,0.004421058687389325,0.5445945945945946
mondrian,172,0.4235315953605428,0.585,0.2310810810810811,0.8190455943683863,0.0005264061358655953,0.04424747510668566,0.6821195318663978,0.4998301769457022,0.005469272721616929,0.6148648648648649
mondrian,84,0.4303426888426891,0.65,0.2122972972972973,0.8065568733705578,0.0003360116873630386,0.0460805120910384,0.7587373250343356,0.4973109968706341,0.004429592426407305,0.5871621621621622
datafly,200,0.02501689189189193,0.0325,0.3828378378378378,0.9881036670618916,0.7551788897005113,0.04813929587482218,0.6119597615499255,0.4957945036047083,0.0,0.6074324324324324
datafly,121,0.04167454954954963,0.0925,0.31851351351351354,0.9499372198157492,0.15863330898466033,0.04583125889046941,0.7131156672803249,0.4957945036047083,0.09862511324527999,0.5601351351351351
datafly,19,0.016666666666666833,0.035,0.4501351351351352,0.9931509636446496,0.8623720598977356,0.04851253556187767,0.5467421320241956,0.4957945036047083,0.0,0.5040540540540539
datafly_shuffled,34,0.04365315315315288,0.0925,0.3743243243243243,0.9473974016755542,0.17275606281957634,0.047363815789473684,0.6330104321907603,0.4957945036047083,0.09810848328054687,0.5831081081081081
mondrian,69,0.4075957070430751,0.5625,0.2802702702702703,0.8297563404771859,0.0007217311906501097,0.04639591038406826,0.7424388533356711,0.5009807968424844,0.0057599481286512285,0.5878378378378378
datafly_shuffled,66,0.025027027027027082,0.0375,0.42945945945945946,0.9802272216285032,0.46038688823959095,0.049432076813655766,0.5804056719558166,0.4957945036047083,0.0,0.5236486486486487
datafly_shuffled,8,0.0416610360360361,0.0875,0.3695945945945946,0.9491111669338138,0.1661637326515705,0.04833685988620198,0.6435430729668916,0.4957945036047083,0.12337492254956252,0.5601351351351351
datafly,111,0.041797297297297316,0.09,0.3297297297297297,0.9666368136535612,0.3517216216216216,0.04622654694167851,0.7045765027322404,0.4957945036047083,0.09843509028674544,0.5317567567567567
datafly,38,0.042445945945945966,0.0925,0.3314864864864865,0.9654592037472396,0.37167753834915995,0.04615913940256047,0.6215874389994448,0.4957945036047083,0.09859477052480876,0.6195945945945946
mondrian,176,0.3986183936973411,0.5525,0.3062162162162162,0.8339781130410151,0.000902118334550767,0.0464301742532005,0.766104877122235,0.5005211089801904,0.005300520494489848,0.577027027027027
datafly_shuffled,195,0.01666666666666661,0.0325,0.4562162162162162,0.9780439335325708,0.428868334550767,0.04886054409672831,0.5500104102743929,0.4976367379802792,0.0,0.4952702702702703
datafly_shuffled,48,0.016666666666666833,0.0275,0.42445945945945945,0.9712247583282096,0.334614061358656,0.0492452880512091,0.593367376756962,0.4976367379802792,1.1102230246251563e-16,0.547972972972973
datafly,130,0.033328828828828934,0.08,0.3572972972972973,0.963697573235372,0.2685020818115413,0.04616586059743956,0.6366047164022093,0.4957945036047083,0.1235343542318962,0.5608108108108109
mondrian,17,0.4402629937629938,0.6525,0.2195945945945946,0.8088834733881279,0.00033568298027757484,0.04575572546230432,0.8096326086321265,0.4929116109643487,0.005916006194732953,0.5621621621621622
mondrian,40,0.4071857333041543,0.595,0.29324324324324325,0.8284455174543391,0.0007143170197224251,0.046741376244665664,0.7186267204348207,0.4974047628642772,0.004625056591261749,0.5547297297297298
datafly_shuffled,29,0.049986486486486514,0.1275,0.3464864864864865,0.9073509983172344,0.0251655222790358,0.047838815789473695,0.6714873542561586,0.4940209269021612,0.1967321973223646,0.5898648648648649
datafly_shuffled,196,0.03331981981981992,0.0875,0.3654054054054054,0.9420714600845338,0.09699046749452156,0.04836438477951635,0.6527780821717658,0.4940209269021612,0.12328720135030095,0.5864864864864865
mondrian,68,0.40358544880913294,0.585,0.28945945945945944,0.8284490028653014,0.0007138422205989774,0.0462604374110953,0.7201298179480436,0.4966513504873169,0.004274826563434631,0.5425675675675675
mondrian,100,0.3958542418937154,0.5475,0.3178378378378378,0.8334189018275655,0.0009277940102264424,0.04668728662873399,0.6501362467490722,0.4973645437335605,0.005589236860722097,0.5925675675675676
datafly_shuffled,115,0.04164977477477472,0.085,0.3998648648648649,0.9400587291797086,0.0923445215485756,0.04821799431009958,0.6176415797317437,0.4957945036047083,0.12284463840820882,0.5581081081081081
datafly_shuffled,41,0.03333333333333344,0.05,0.37445945945945946,0.9297667207824536,0.05774671292914536,0.04785833926031294,0.6549733716139213,0.4976367379802792,0.0020253039422374838,0.6033783783783784
datafly,128,0.04202590090090075,0.09,0.3255405405405405,0.9769748321828176,0.5803579620160702,0.04649569701280226,0.6604433315800239,0.4957945036047083,0.0988214816741894,0.5655405405405406
mondrian,177,0.4148037805011491,0.59,0.2560810810810811,0.8195828914413407,0.0005201972242512783,0.0456440967283072,0.7082018351304755,0.4959795544861376,0.004162852418020238,0.6270270270270271
mondrian,38,0.4064057610241819,0.58,0.2825675675675676,0.8278538221343119,0.0007171658144631117,0.0462442923186344,0.6908805996318049,0.4977622521888687,0.004210689906842143,0.5418918918918919
datafly_shuffled,98,0.03333333333333355,0.0625,0.3709459459459459,0.9431451758685084,0.12254638422205988,0.04808536628733998,0.6498348967008563,0.4940209269021612,0.003808996854556743,0.6121621621621621
mondrian,130,0.4231413356676512,0.6075,0.23513513513513515,0.8193142323849183,0.0005168736303871438,0.046510650782361364,0.7484201952017767,0.4950552234978815,0.004474950340170981,0.5466216216216216
datafly,161,0.03331981981981992,0.09,0.3181081081081081,0.9507833593180084,0.14995215485756025,0.04580714793741108,0.6859320665673124,0.4957945036047083,0.09900335998870856,0.5277027027027027
datafly,22,0.033328828828828934,0.085,0.3616216216216217,0.966158065104361,0.34730485756026297,0.04610058677098152,0.6510640396247918,0.4957945036047083,0.12394040634329374,0.5378378378378378
mondrian,60,0.4158545519203416,0.5875,0.2712162162162162,0.8210939180270043,0.0005260409057706355,0.0473423364153628,0.6666137021127378,0.494994463111519,0.005034117929580196,0.577027027027027
mondrian,79,0.4207957380457379,0.635,0.2264864864864865,0.8199614847851515,0.0005273192111029948,0.0448831436699858,0.8365404283919231,0.4976500953434505,0.006136112127771796,0.5695945945945946
datafly,123,0.04217792792792796,0.0925,0.3451351351351352,0.963968488385578,0.3522790357925493,0.046109210526315766,0.6180278557026387,0.4950122151071168,0.11793578763667315,0.6162162162162163
mondrian,192,0.4117527537659117,0.57,0.2704054054054054,0.8281920539743215,0.0007288531775018263,0.04488894025604544,0.7518884603021537,0.4960537428813725,0.004939183030206121,0.5871621621621622
datafly_shuffled,144,0.04999324324324339,0.1275,0.3186486486486487,0.9079570850902204,0.027010774287801315,0.04775234708392603,0.7104464363987026,0.4957945036047083,0.1966711431770038,0.647972972972973
datafly_shuffled,86,0.04332882882882872,0.07,0.3983783783783784,0.9527197635101304,0.18311851716581445,0.04807480440967282,0.5743969346307822,0.4981642968608766,0.0014169234309922088,0.5878378378378378
mondrian,93,0.4145826129773498,0.6075,0.26175675675675675,0.8213286608832008,0.0005276479181884588,0.0470421941678521,0.7393267292013677,0.4997283732415106,0.005180319610811916,0.547972972972973
datafly_shuffled,52,0.03333333333333344,0.0625,0.34783783783783784,0.9418688128159012,0.10050745069393716,0.048352169274537685,0.681043803512463,0.4940209269021612,0.001193689142137683,0.6155405405405405
datafly_shuffled,32,0.05000000000000005,0.0825,0.33972972972972976,0.9103936877229052,0.02963228634039445,0.04777814722617355,0.6938749232927149,0.4937042848016148,0.003064985030243019,0.6033783783783784
datafly,74,0.01666666666666661,0.0375,0.44635135135135134,0.9924690712239954,0.8494379474068663,0.04851424253200568,0.5407754010695187,0.4976367379802792,0.0,0.5054054054054054
datafly_shuffled,199,0.03333333333333355,0.05,0.3962162162162162,0.9463109008052752,0.13790675675675676,0.048051280227596034,0.5898242307355133,0.4940209269021612,0.0017107866126772932,0.5533783783783783
datafly_shuffled,84,0.041983108108108125,0.0875,0.3433783783783784,0.9556548518470456,0.21529948867786705,0.04821984352773828,0.7008050612197189,0.4940209269021612,0.1239206907141821,0.5405405405405406
datafly,103,0.033324324324324306,0.0875,0.34702702702702704,0.9625671393817998,0.29289879474068664,0.04600993954480796,0.6701723722275796,0.4957945036047083,0.0984760278884068,0.5601351351351351
datafly,168,0.04190427927927931,0.0875,0.3652702702702703,0.9699963449962816,0.3951725712198685,0.04640556543385491,0.6548838797814208,0.4976367379802792,0.12336484435370484,0.6013513513513513
datafly,23,0.041677927927928016,0.0875,0.3278378378378378,0.9611925583987672,0.25835653761869976,0.04605295163584637,0.7072265567926127,0.4957945036047083,0.12376230617345566,0.5398648648648648
mondrian,200,0.39736871284239694,0.57,0.28283783783783784,0.8340278072668349,0.0008997808619430242,0.04626539829302986,0.6896003185178692,0.4969191756622097,0.004618295461614703,0.5763513513513514
datafly_shuffled,28,0.041713963963963874,0.0575,0.3743243243243243,0.9414295462979512,0.10644342585829072,0.04852505334281648,0.6161996654101283,0.4960024845731272,0.0021124729283220787,0.552027027027027
datafly,148,0.033333333333333215,0.0525,0.3222972972972973,0.9630815417352484,0.3284698319941563,0.04598129445234709,0.7107961850910259,0.4940209269021612,0.0007202709951373192,0.5655405405405406
datafly,89,0.01666666666666661,0.03,0.4118918918918919,0.9898034895029384,0.8189401387874361,0.04823253911806543,0.5334827299026914,0.4957945036047083,2.220446049250313e-16,0.5554054054054054
mondrian,99,0.41833877703614575,0.5925,0.2271621621621621,0.8207667626085864,0.0005284149013878743,0.04514710170697017,0.7848123228426989,0.49288017460225797,0.006707777544808317,0.6094594594594595
mondrian,54,0.4191919611919611,0.6275,0.2554054054054054,0.8210904644185532,0.0005247991234477721,0.046448079658605916,0.7454359165424742,0.4985357638384882,0.005088547011314384,0.5986486486486486
mondrian,197,0.4178335339387973,0.6025,0.2554054054054054,0.8210858729429853,0.0005182249817384954,0.04633417496443817,0.681812702726396,0.492161615516467,0.004111493512766247,0.5574324324324325
datafly,30,0.01666666666666661,0.0225,0.4027027027027027,0.9802218860597592,0.5296132943754566,0.04792275960170697,0.5998491423394992,0.4957945036047083,2.220446049250313e-16,0.5756756756756757
datafly_shuffled,151,0.049986486486486285,0.13,0.352972972972973,0.9100871191232472,0.035348758217677134,0.04756890113798005,0.6467940007597673,0.4961360515370321,0.1957574079026168,0.6182432432432432
datafly,177,0.016666666666666833,0.035,0.3868918918918919,0.9864032793328658,0.7009796566837108,0.04831155761024182,0.5030025422985887,0.4957945036047083,0.0,0.55
mondrian,147,0.4358290385527227,0.6225,0.21635135135135136,0.8092409458914379,0.00033579254930606283,0.04548963371265997,0.8037005785920925,0.4959497873380429,0.00507377733611625,0.5371621621621622
mondrian,110,0.4179974103658314,0.6025,0.25513513513513514,0.8211620076199271,0.0005202337472607742,0.04572793385490749,0.7377323134917155,0.4976743278435632,0.004746862762833262,0.5554054054054054
datafly_shuffled,38,0.048801801801801936,0.065,0.3686486486486487,0.9482155694760122,0.15468053323593864,0.04852638691322903,0.6278993527366237,0.4957124847570353,0.0028616834279638326,0.55
datafly_shuffled,92,0.03333333333333344,0.0575,0.39864864864864863,0.9441237094628278,0.10927804967129293,0.04877528449502135,0.6270573989655475,0.4957945036047083,0.0023763295368697483,0.572972972972973
mondrian,150,0.4067280701754388,0.56,0.2762162162162162,0.8295468421909235,0.0007223155588020452,0.04480048008534841,0.6520813243330119,0.4968847167605831,0.004624038760418349,0.5871621621621622
datafly,73,0.01666666666666661,0.03,0.40864864864864864,0.9772201358633548,0.4211706355003652,0.047912980085348514,0.5697232693375412,0.4957945036047083,2.220446049250313e-16,0.581081081081081
mondrian,170,0.4133482693219533,0.62,0.2613513513513513,0.8219801142906501,0.0005256756756756755,0.046505032005689916,0.6998352619736419,0.4972777582149356,0.004087186907279839,0.5635135135135135
mondrian,15,0.4133549166575483,0.5925,0.2640540540540541,0.821019997206424,0.0005275018261504748,0.046628929587482174,0.7283137547120191,0.4968388456038753,0.00479894685297475,0.5763513513513514
mondrian,12,0.43007286537549694,0.6425,0.2175675675675676,0.8087871597730705,0.00033666910153396635,0.04630458748221912,0.6995503492007831,0.4960870861117439,0.004872271024165286,0.5398648648648648
mondrian,189,0.4229036364299521,0.5925,0.2366216216216216,0.8198468272337235,0.0005226442658875091,0.04591973684210527,0.8071012682271121,0.494356264510883,0.0044465684971647145,0.5493243243243243
datafly_shuffled,65,0.041679054054054254,0.09,0.4251351351351351,0.9411737723010004,0.09114159970781592,0.04865908605974397,0.5787391148709857,0.4940209269021612,0.12309098351360995,0.5567567567567567
mondrian,32,0.4302560819929239,0.625,0.2185135135135135,0.8104966106253669,0.00033634039444850264,0.04588406827880514,0.7000434674615003,0.5023596771823078,0.005247938378634513,0.5702702702702702
datafly,197,0.04224211711711723,0.0925,0.36783783783783786,0.9521180628194744,0.15753641344046748,0.046027542674253207,0.6549888957073142,0.4957945036047083,0.12341000197592505,0.5777027027027027
datafly_shuffled,24,0.03333333333333344,0.055,0.3239189189189189,0.9401536615876818,0.11379795471146822,0.04779950213371267,0.6722069416440197,0.4976367379802792,0.0013659240293462515,0.6074324324324324
datafly_shuffled,74,0.041742117117117394,0.09,0.4110810810810811,0.9404355419646628,0.10029444850255664,0.04853291251778093,0.6257305455714327,0.4976367379802792,0.0978436773064328,0.5452702702702703
datafly,105,0.04463063063063066,0.09,0.3517567567567568,0.9665069648399331,0.4011750182615048,0.046193100995732574,0.6505846190935389,0.4940209269021612,0.12389405322006633,0.5790540540540541
datafly,18,0.01666666666666661,0.03,0.3872972972972973,0.9833381711131096,0.5566938276113952,0.048152489331436704,0.6103160340142018,0.4976367379802792,0.0,0.5155405405405405
datafly,45,0.04240878378378354,0.0925,0.3262162162162162,0.9651161455424702,0.3632868882395909,0.046041714082503536,0.6980417725957746,0.4957945036047083,0.1239788473540414,0.6006756756756757
datafly_shuffled,109,0.033333333333333215,0.06,0.4047297297297297,0.9456098420217148,0.14477925493060628,0.04832498221906116,0.5938814982028578,0.4976367379802792,0.0021024099831628037,0.5608108108108109
datafly_shuffled,42,0.04283896396396414,0.055,0.4155405405405405,0.93174009067327,0.06313959094229364,0.0482822546230441,0.5949480947371497,0.4976367379802792,0.0022034778357929176,0.5385135135135135
datafly_shuffled,2,0.025027027027027082,0.0325,0.4337837837837838,0.9724641373616644,0.33620588020452885,0.04945368065433855,0.5479457058531312,0.4957945036047083,0.0,0.5155405405405405
mondrian,51,0.42357716015610736,0.6025,0.2327027027027027,0.8202649762806979,0.0005274287801314829,0.045245305832147927,0.8001373425674295,0.4965185635254954,0.005288933689446629,0.5466216216216216
datafly,66,0.01666666666666661,0.03,0.4377027027027027,0.9937300943515224,0.888940723155588,0.04850568990042674,0.5601604278074866,0.4957945036047083,0.0,0.5554054054054054
datafly_shuffled,93,0.04198873873873876,0.0925,0.4336486486486487,0.9422663832095868,0.10379590942293647,0.04818662873399717,0.568388197305748,0.4957945036047083,0.09779497541736257,0.5310810810810811
datafly_shuffled,105,0.049986486486486514,0.135,0.3228378378378378,0.8999973462776749,0.020116837107377647,0.047081987908961585,0.6873739808889278,0.4957945036047083,0.19564870761579856,0.6135135135135135
datafly,50,0.033328828828828816,0.085,0.3456756756756757,0.9606122633167188,0.2696168736303872,0.04611484708392603,0.6789115236258438,0.4976367379802792,0.12315311681872705,0.575
datafly_shuffled,132,0.03333333333333344,0.0575,0.397027027027027,0.9353117728991276,0.08015065741417092,0.04862736486486485,0.6002171546711084,0.4957945036047083,0.0018172679318841927,0.5574324324324325
mondrian,24,0.4323569865411971,0.635,0.2263513513513513,0.8080330645690215,0.00033524470416362314,0.04549656827880512,0.7241752140498524,0.5016638216221494,0.005018445458135545,0.5412162162162162
datafly_shuffled,40,0.041754504504504464,0.065,0.3816216216216216,0.9483203060403872,0.13345588020452887,0.0486154160739687,0.6258492592267906,0.4976367379802792,0.0021047935083931065,0.5493243243243243
mondrian,8,0.40562450304555575,0.595,0.29567567567567565,0.8276193767003394,0.0007166179693206719,0.04575293385490755,0.7761973641915783,0.4973404975889724,0.004709187966419769,0.5662162162162162
datafly,44,0.03333333333333344,0.06,0.3348648648648649,0.9601205029563624,0.2663027027027027,0.0460036628733997,0.7011721603693639,0.4976367379802792,0.0008356400241683255,0.5864864864864865
mondrian,120,0.4223611810190761,0.6075,0.24283783783783786,0.8201517368136543,0.0005248721694667642,0.04605659672830725,0.7793953274305251,0.4995030374876811,0.004917357868290999,0.5513513513513514
datafly,32,0.016666666666666833,0.03,0.4540540540540541,0.9822733580595284,0.5011785244704163,0.0481527027027027,0.5592947313053388,0.4957945036047083,0.0,0.5135135135135135
datafly_shuffled,110,0.049999999999999815,0.0875,0.3724324324324325,0.9214673048732896,0.051759422936449966,0.047752453769559056,0.6453119064317232,0.4940209269021612,0.0017776105324823488,0.5601351351351351
datafly,37,0.03331981981981968,0.0825,0.30608108108108106,0.9631590859849606,0.3075650474799124,0.046031632290184914,0.7292963385055959,0.4957945036047083,0.12421182177468924,0.602027027027027
datafly,194,0.01666666666666661,0.03,0.3875675675675676,0.9872749766121356,0.7036416362308254,0.048221799431009967,0.6002162414891441,0.4957945036047083,0.0,0.5141891891891892
datafly_shuffled,152,0.033324324324324306,0.085,0.3698648648648649,0.9388104756018241,0.09694043097151206,0.04800104907539119,0.6595602846205545,0.4957945036047083,0.09850191490555056,0.6047297297297297
datafly,147,0.03331981981981992,0.08,0.3406756756756757,0.9812929173729268,0.6638508765522279,0.0466309388335704,0.6684765933198913,0.4957945036047083,0.12404897365034945,0.5790540540540541
datafly,20,0.01666666666666661,0.035,0.4298648648648649,0.9926585740020548,0.8688903579254931,0.04849811522048364,0.5687936500978932,0.4976367379802792,0.0,0.5641891891891891
datafly,49,0.016666666666666833,0.025,0.37972972972972974,0.9848653585611848,0.6704918553688825,0.048012073257468,0.6187538353642501,0.4957945036047083,0.0,0.5756756756756757
datafly,137,0.01666666666666661,0.0275,0.40878378378378377,0.9871812988852414,0.7308536523009496,0.04812444879089616,0.5922432497589201,0.4957945036047083,0.0,0.5493243243243243
datafly,27,0.03332432432432453,0.0875,0.3705405405405405,0.9703292450170524,0.3820377647918188,0.04630919274537696,0.6026544373338009,0.4957945036047083,0.09817951039270327,0.5513513513513514
datafly,176,0.01666666666666661,0.0325,0.4295945945945946,0.9791972328812352,0.4581189554419284,0.04801598506401138,0.5692538938078957,0.4976367379802792,0.0,0.5547297297297298
datafly,65,0.033324324324324084,0.09,0.29527027027027025,0.9565537178707958,0.2337626734842951,0.04586954125177807,0.7143530288419393,0.4957945036047083,0.0997201653788992,0.552027027027027
mondrian,44,0.4203141208009628,0.6375,0.2545945945945946,0.8199275143759109,0.0005214024835646457,0.04640472972972972,0.7410636012974491,0.4978518894057423,0.004391601057985887,0.5493243243243243
datafly,100,0.016666666666666833,0.025,0.37972972972972974,0.9850497442806329,0.67091376917458,0.04802519559032717,0.6186963049004998,0.4957945036047083,0.0,0.575
datafly,166,0.03333333333333355,0.06,0.3195945945945946,0.9528086114169432,0.19561731190650108,0.04574073613086769,0.6629938488062885,0.4940209269021612,0.0006298565658838784,0.5682432432432433
datafly,159,0.016666666666666833,0.0325,0.3967567567567568,0.9794703287634834,0.5234639883126371,0.047909174964438125,0.5915127041874872,0.4957945036047083,0.0,0.5932432432432433
datafly_shuffled,27,0.05025000000000002,0.0925,0.3689189189189189,0.9501748159987358,0.17137498173849525,0.048050266714082496,0.6615126676602087,0.4957945036047083,0.09856979371765703,0.5547297297297298
datafly,136,0.033328828828828816,0.0875,0.3268918918918919,0.9623804456477618,0.26340960555149745,0.046162322190611664,0.6899856813067999,0.4957945036047083,0.12427600807821508,0.5094594594594595
datafly,124,0.03333333333333344,0.0625,0.3733783783783784,0.9583071470841288,0.23127224251278306,0.0460241998577525,0.6655818064930891,0.4957945036047083,0.001718433738029749,0.552027027027027
mondrian,10,0.4349464474596054,0.645,0.2227027027027027,0.8092318426135693,0.00033349159970781585,0.04631063300142249,0.8044201659799539,0.4941059220691816,0.005434623589683299,0.5506756756756757
mondrian,174,0.4350620873910347,0.6375,0.2133783783783784,0.808066634539848,0.00033502556610664715,0.045804711948791,0.6884405774232196,0.4935507055173127,0.0042944541670170006,0.5662162162162162
mondrian,20,0.4260041944778789,0.605,0.2448648648648649,0.8207767395418146,0.0005242878013148283,0.046341731863442336,0.8150295140410858,0.496592135927852,0.005198315577768023,0.5405405405405406
datafly_shuffled,78,0.03333333333333344,0.06,0.3786486486486487,0.9392714256777741,0.08973575602629656,0.04855186699857753,0.6341035110020162,0.4976367379802792,0.0018041557408841051,0.5418918918918919
datafly,162,0.041668918918918885,0.08,0.352972972972973,0.980143708028374,0.6439283418553688,0.046533339260312966,0.6445146985768972,0.4957945036047083,0.12311032810466442,0.5736486486486486
datafly,92,0.01666666666666661,0.035,0.425,0.9811241673473592,0.4884699415631848,0.048346194879089616,0.4755075465357528,0.4957945036047083,0.0,0.5222972972972973
datafly,25,0.016666666666666833,0.0375,0.4512162162162162,0.9944948066053244,0.8995585463842221,0.04852720483641535,0.5461421714736565,0.4957945036047083,0.0,0.5074324324324324
datafly_shuffled,165,0.04479842342342333,0.055,0.372972972972973,0.9347201001953854,0.0793299853907962,0.047972919630156464,0.6605766561468105,0.4957945036047083,0.0018957654919612656,0.6148648648648649
mondrian,193,0.4359409946383633,0.625,0.22378378378378366,0.8082281011096761,0.0003346968590211833,0.04685757467994315,0.7589528359779083,0.4982010683265691,0.0045262876104884475,0.5256756756756756
datafly_shuffled,69,0.04231193693693691,0.06,0.3531081081081081,0.9450155162253592,0.13774758948137328,0.04859864864864866,0.677832142544052,0.4940209269021612,0.0014119617040421822,0.5851351351351352
datafly_shuffled,102,0.01666666666666661,0.03,0.4197297297297297,0.969800926901762,0.29885390796201605,0.04857091038406828,0.589305543379796,0.4957945036047083,1.1102230246251563e-16,0.5358108108108108
datafly,17,0.033328828828828816,0.0825,0.3332432432432432,0.956437837669564,0.21164236669101533,0.04591861664295877,0.6905335904853744,0.4957945036047083,0.12373435945818513,0.5310810810810811
datafly_shuffled,85,0.04182432432432437,0.0875,0.4110810810810811,0.9537567962859248,0.16250573411249086,0.0486937588904694,0.5683608018468191,0.4957945036047083,0.12301732378910685,0.5439189189189191
mondrian,9,0.4376910402305141,0.6525,0.21702702702702706,0.8098312599072539,0.00033590211833455083,0.0463783072546231,0.8133200374039333,0.4930474572382374,0.004320683771841732,0.575
datafly_shuffled,99,0.033333333333333215,0.0675,0.3547297297297297,0.9538033560034282,0.19943772826880926,0.04889651493598863,0.6305421013412816,0.4957945036047083,0.0010727259037994717,0.5635135135135135
mondrian,123,0.4174252562278881,0.6,0.2495945945945946,0.8195415567976265,0.0005251643535427318,0.044950782361308735,0.6962263668507641,0.4960767394896227,0.005158215219196354,0.575
mondrian,158,0.3996213754240071,0.5575,0.2872972972972973,0.8378306360648791,0.0011119065010956905,0.045960312944523525,0.7375788989217147,0.4966935580809455,0.008093399493738336,0.6101351351351352
datafly,53,0.016666666666666833,0.0275,0.3914864864864865,0.9806701219528292,0.4926669466764062,0.047982859174964435,0.6182753280149615,0.4957945036047083,0.0,0.5283783783783784
mondrian,64,0.4202343618922567,0.61,0.26,0.8202730773099318,0.0005302045288531779,0.04639352773826458,0.7503634464217876,0.4973073294960511,0.005797684535508414,0.5641891891891891
mondrian,164,0.42302918809497736,0.6375,0.24,0.8201210586202295,0.0005300219138056972,0.046686966571834916,0.7330148154641887,0.4920511857782203,0.004310510735884578,0.5790540540540541
mondrian,46,0.4362025385709597,0.6225,0.2368918918918919,0.8075729873839631,0.00033634039444850264,0.04570528093883357,0.8154605359282312,0.5002282523495499,0.007411879119568708,0.5283783783783784
mondrian,186,0.4169509428456797,0.6125,0.2606756756756757,0.8191442943019408,0.0005210372534696858,0.04582409317211942,0.6132619590310043,0.495048450750795,0.004242772294426442,0.5439189189189191
mondrian,47,0.4211758306889885,0.61,0.2395945945945946,0.8198099216190711,0.0005281957633308988,0.04581379800853495,0.7659405043686625,0.4909320324911197,0.004531460341468585,0.5418918918918919
datafly_shuffled,164,0.03331981981981992,0.085,0.40554054054054056,0.9448701322985608,0.108468334550767,0.04825627667140825,0.6229334692148097,0.4976367379802792,0.12325062176565288,0.5824324324324325
datafly_shuffled,73,0.049999999999999815,0.085,0.36783783783783786,0.9040209745369384,0.0203736303871439,0.04765839260312943,0.6167996259606674,0.4974389526969992,0.002718270726776397,0.5608108108108109
datafly_shuffled,190,0.016666666666666833,0.0375,0.4737837837837838,0.9776408515343259,0.4242126734842951,0.049382432432432434,0.5066388328803951,0.4957945036047083,0.0,0.4952702702702703
mondrian,148,0.4022130885946675,0.5675,0.2971621621621622,0.8344299055801783,0.0009139152666179693,0.047374110953058365,0.7442871336313959,0.4964450046650503,0.006670071182058036,0.6006756756756757
datafly,153,0.03331981981981992,0.085,0.4154054054054054,0.9649666449303824,0.283077173119065,0.04647487553342817,0.6046771353847054,0.4976367379802792,0.16477585092636327,0.5364864864864864
datafly,157,0.033315315315315286,0.09,0.3435135135135135,0.9696407350279904,0.4262354273192111,0.046454907539118066,0.6240073712048158,0.4957945036047083,0.12337891277420125,0.6155405405405405
mondrian,109,0.4353022668417403,0.6575,0.21324324324324329,0.8079478185573568,0.00033842220598977364,0.04473460170697017,0.730187604102744,0.49835266847619897,0.005175390793695845,0.6033783783783784
mondrian,128,0.42190787649998174,0.605,0.2483783783783784,0.8185912486649213,0.0005232651570489409,0.04578911806543382,0.7476622541714152,0.4987105047203779,0.00542803368610786,0.5797297297297297
mondrian,26,0.4210466863624759,0.6225,0.2389189189189189,0.8205998438103231,0.0005188093498904308,0.04636932788051206,0.7782575027030186,0.4973518207263039,0.005277692735136012,0.5466216216216216
datafly_shuffled,149,0.05848648648648647,0.135,0.3917567567567568,0.9134891486536288,0.035636851716581444,0.048099644381223314,0.5905839981298033,0.4957945036047083,0.1954620329873812,0.5756756756756757
mondrian,45,0.4045003738556369,0.6075,0.29081081081081084,0.8278329547172474,0.0007188823959094232,0.046324715504978665,0.6633554688641479,0.4972727841250331,0.006524142957243769,0.5621621621621622
datafly,33,0.054543918918918965,0.085,0.33202702702702697,0.9611709074931664,0.2768982834185537,0.04607176386913229,0.6696591639636481,0.4957945036047083,0.16621619704777693,0.6432432432432432
datafly_shuffled,124,0.02501689189189193,0.035,0.4671621621621622,0.9787889238050064,0.4629955441928415,0.04907603129445234,0.5197758686186844,0.4957945036047083,0.0,0.4959459459459459
mondrian,63,0.4051115092825621,0.5675,0.2910810810810811,0.8280682227645453,0.0007126734842951059,0.04638721550497868,0.7427365506560301,0.4964217399133639,0.005157975864143813,0.5918918918918918
datafly_shuffled,50,0.042666666666666964,0.0625,0.377972972972973,0.9447991599016464,0.11982888970051132,0.04854340327169275,0.6156608880511967,0.4945037214490876,0.001699818798629121,0.5567567567567567
datafly,182,0.03331981981981968,0.08,0.3560810810810811,0.966552056943405,0.3250336742147553,0.04622181721194878,0.5906314835919465,0.4940209269021612,0.12360958130882226,0.5581081081081081
mondrian,184,0.4323206040048145,0.65,0.22405405405405404,0.806048465396598,0.00033634039444850264,0.0459934566145092,0.8010486981677918,0.5000575759775273,0.007187765814808829,0.5310810810810811
datafly,88,0.033328828828828816,0.085,0.3867567567567568,0.9580185336091273,0.20133305332359386,0.04604811522048363,0.6099891148709857,0.4950122151071168,0.11680025597175295,0.5527027027027027
mondrian,135,0.3903322208848523,0.56,0.3191891891891892,0.8392117154997634,0.0010975529583637687,0.04811385135135137,0.6690007597673943,0.4980682124492842,0.004829503756097652,0.5966216216216216
datafly,59,0.033310810810810776,0.0875,0.3345945945945946,0.9541291194860162,0.22181132213294366,0.04581762091038406,0.6792210923117384,0.4957945036047083,0.0989176347621294,0.6398648648648648
datafly,85,0.025347972972972976,0.0375,0.4318918918918919,0.9890557602996451,0.7706354638422206,0.04828598862019914,0.5693324274568248,0.4957945036047083,0.0,0.5243243243243243
datafly_shuffled,82,0.04171171171171162,0.0925,0.3740540540540541,0.9424309547801176,0.11746709276844412,0.04808840682788052,0.6278609990941234,0.4957945036047083,0.09805122329989548,0.5972972972972973
datafly_shuffled,57,0.045889639639639546,0.0675,0.4254054054054054,0.9365941615624781,0.07049554419284149,0.04853744665718352,0.5762817422050788,0.4990152430314918,0.0013721491377488568,0.5506756756756757
datafly_shuffled,20,0.049999999999999815,0.1025,0.3704054054054054,0.9124855934414196,0.032527794010226437,0.04766929231863441,0.6612825458052074,0.4957945036047083,0.0030000472086722514,0.6006756756756757
datafly_shuffled,7,0.043632882882882806,0.0625,0.3932432432432432,0.943372912467578,0.12035682980277575,0.048357379089615925,0.5794230881622396,0.4976367379802792,0.0016982999666892145,0.577027027027027
datafly_shuffled,63,0.016666666666666833,0.03,0.4374324324324324,0.9731245444643238,0.3463362673484295,0.04881776315789474,0.5094788287893399,0.4976367379802792,0.0,0.5195945945945946
mondrian,95,0.4365047142283983,0.64,0.2181081081081081,0.8100248914598734,0.00033666910153396635,0.0465865576102418,0.6249525145378568,0.4976173730136994,0.007488436644207666,0.5608108108108109
datafly_shuffled,131,0.050033783783783765,0.085,0.4177027027027027,0.9467408093480472,0.12576972242512782,0.04880282716927454,0.5882736477601473,0.4957945036047083,0.12272890711115605,0.5027027027027027
mondrian,152,0.3995197322828904,0.55,0.2545945945945946,0.8335806570480699,0.0009258582907231556,0.04727002133712657,0.6659653429180912,0.4995977056371196,0.005350529112867613,0.6074324324324324
datafly_shuffled,146,0.04999324324324328,0.13,0.30594594594594593,0.918132588432232,0.04362808619430241,0.04811754978662874,0.7340202288068729,0.4950122151071168,0.2353491789548592,0.6290540540540539
datafly,146,0.01666666666666661,0.0325,0.3559459459459459,0.972387544856697,0.34019408327246164,0.04783047652916074,0.6192222977119313,0.4957945036047083,1.1102230246251563e-16,0.6310810810810811
datafly_shuffled,153,0.03331981981981992,0.0875,0.34162162162162163,0.9442414898705396,0.12802308254200145,0.04871282005689901,0.6561851640805354,0.4957945036047083,0.09836627316136606,0.5912162162162162
datafly_shuffled,177,0.01666666666666661,0.0325,0.4239189189189189,0.969291966738222,0.2878147187728269,0.0494481507823613,0.5955608398351889,0.4957945036047083,0.0,0.5635135135135135
datafly,110,0.033328828828828934,0.085,0.3604054054054054,0.9698878819708278,0.4512186632578524,0.04610695234708392,0.5702711785161159,0.4940209269021612,0.12367513678539432,0.6040540540540541
datafly,7,0.033324324324324306,0.08,0.3855405405405405,0.9620772306572852,0.24895956902848795,0.04612951635846373,0.676661443265831,0.4950122151071168,0.12298539484444468,0.5364864864864864
datafly_shuffled,88,0.049986486486486514,0.13,0.3636486486486487,0.9148354576116708,0.039043718042366685,0.047686166429587465,0.6631134756436107,0.4957945036047083,0.245561651660699,0.5939189189189189
datafly_shuffled,191,0.03333333333333355,0.0575,0.3833783783783784,0.9409408734382216,0.10140394448502556,0.04814843527738265,0.651984527044797,0.4957945036047083,0.0030686185663368914,0.5513513513513514
datafly_shuffled,67,0.04181869369369362,0.0625,0.3991891891891892,0.9442463954427516,0.11644477720964208,0.049046692745376944,0.5380714692732533,0.4963763350938891,0.0013580420418724914,0.5560810810810811
mondrian,156,0.43316144180617855,0.635,0.2140540540540541,0.807591630845698,0.0003330533235938641,0.04578737553342807,0.7276106045995149,0.4962655896874113,0.0047269550467558645,0.5445945945945946
datafly_shuffled,14,0.033333333333333215,0.0575,0.3835135135135136,0.9374127458466088,0.0835944850255661,0.04799891536273115,0.6166991759445954,0.4976367379802792,0.0020394098081043034,0.552027027027027
mondrian,159,0.4038209778604516,0.5675,0.2959459459459459,0.8291773024137821,0.0007189554419284147,0.04665072901849219,0.5807800765611759,0.4990653336324565,0.004517570145441373,0.5209459459459459
mondrian,67,0.4130011853959224,0.59,0.2422972972972973,0.8191933882366008,0.0005211102994886779,0.04613822901849224,0.744064317232109,0.5007534763467232,0.00458284975348109,0.577027027027027
datafly,156,0.03331981981981992,0.085,0.2910810810810811,0.9628527013139492,0.3573657779401023,0.04588858463726887,0.703379321177055,0.4940209269021612,0.12395708401276027,0.5554054054054054
mondrian,134,0.4168740197687566,0.6,0.25594594594594594,0.8208177087744156,0.0005205259313367422,0.0468597617354197,0.7075078168376143,0.4977230566806104,0.004864719705345266,0.606081081081081
mondrian,199,0.4186648976912133,0.6075,0.26256756756756755,0.8193372861789968,0.0005221694667640613,0.047187624466571904,0.7564379328482511,0.4957443068485586,0.004173386626208607,0.5993243243243244
datafly,8,0.04405855855855867,0.0625,0.3391891891891892,0.97123882918614,0.4705062819576333,0.04632805832147939,0.6613720376377078,0.4940209269021612,0.0011416283489065187,0.5310810810810811
datafly_shuffled,135,0.05000000000000005,0.085,0.3727027027027027,0.9160675683596288,0.03757852447041636,0.047800373399715525,0.6372494228689985,0.4957945036047083,0.0024245512467109594,0.5858108108108108
mondrian,103,0.4164133566765147,0.61,0.2398648648648649,0.8208128598205483,0.0005253834915997078,0.04618177453769561,0.7675732737208147,0.4999250999206652,0.006639877177952218,0.5668918918918919
datafly_shuffled,30,0.03331981981981968,0.09,0.3352702702702703,0.9479635876537404,0.1696208181154127,0.04717983641536274,0.6539770900908798,0.4957945036047083,0.09821738732939098,0.6040540540540541
mondrian,71,0.40463462450304577,0.5925,0.27635135135135136,0.8276906792894103,0.0007131482834185536,0.04738828236130865,0.7887262207416499,0.4987964679585678,0.00527895571235012,0.5533783783783783
mondrian,181,0.43297873582084095,0.645,0.22135135135135134,0.8097302518968872,0.00033425858290723164,0.04711132645803693,0.7672974927675988,0.4991291407460198,0.006075108809961965,0.5459459459459459
mondrian,18,0.41147415836889534,0.6125,0.2856756756756757,0.8285645014668845,0.0007138056975894814,0.0449597617354196,0.7295922094620263,0.499335986469143,0.005169106534678903,0.5628378378378378
datafly,184,0.04167680180180156,0.09,0.34905405405405404,0.9615012963036552,0.27849057706355,0.04614623044096728,0.6540674951053446,0.4957945036047083,0.09824708436576993,0.5135135135135135
datafly,31,0.016666666666666833,0.03,0.3787837837837838,0.9891183039476179,0.7651714755295836,0.04815353840682789,0.6188670699278221,0.4957945036047083,0.0,0.6148648648648649
mondrian,19,0.4339450796950796,0.66,0.20635135135135133,0.8082626768588754,0.0003329437545653761,0.04545611664295871,0.7691549048829666,0.5015517828684187,0.004366985403790557,0.5310810810810811
datafly_shuffled,36,0.05000000000000005,0.09,0.3789189189189189,0.9137165709911179,0.03433710737764792,0.0483195945945946,0.6537040486835569,0.4957945036047083,0.003174315758253588,0.5986486486486486
datafly,112,0.033328828828828816,0.08,0.3491891891891892,0.9714805836869124,0.4383909788166545,0.046319381223328585,0.5733732576488121,0.4957945036047083,0.12272617074978495,0.5364864864864864
datafly_shuffled,89,0.03333333333333355,0.06,0.4040540540540539,0.939530152439182,0.08775712198685172,0.04834624822190612,0.6053492373104234,0.4957945036047083,0.0020766290636989974,0.5817567567567568
datafly_shuffled,45,0.033333333333333215,0.07,0.4397297297297297,0.9478932430547584,0.13469850255661067,0.04852745376955904,0.5767657286461529,0.4954423381181763,0.001965725411585715,0.5277027027027027
datafly_shuffled,111,0.03333333333333355,0.055,0.4058108108108108,0.938523270069903,0.09965810810810813,0.047997848506401125,0.6044716694427399,0.4976367379802792,0.0019197165813434444,0.5824324324324325
mondrian,136,0.4342009519641099,0.6425,0.2172972972972973,0.8079310625046726,0.00033371073776479183,0.04701226884779512,0.7393431664767248,0.4974186264027118,0.00516535083294751,0.5506756756756757
datafly_shuffled,33,0.04183333333333317,0.09,0.43445945945945946,0.9483431716816988,0.1486879839298758,0.04836326458036985,0.541206422956664,0.4957945036047083,0.12279532984427725,0.5168918918918919
datafly_shuffled,4,0.05000000000000005,0.09,0.33959459459459457,0.9118940104629524,0.03359167275383492,0.04783433499288765,0.6895172189591187,0.494742993147685,0.003046843675383984,0.6162162162162163
datafly_shuffled,5,0.03333333333333344,0.065,0.35702702702702704,0.9620578071010604,0.2917910518626735,0.04846655405405406,0.6862781625317788,0.4957945036047083,0.0013786549822305124,0.5486486486486486
mondrian,185,0.4030654520917678,0.585,0.28040540540540543,0.8282236301458781,0.0007204528853177503,0.047151493598862025,0.6918978843400251,0.4974061552777865,0.004235741309163133,0.6013513513513513
datafly,191,0.016666666666666833,0.0375,0.4690540540540541,0.9966114566952105,0.9483048210372534,0.04866194879089617,0.5294117647058824,0.4957945036047083,0.0,0.5243243243243243
datafly_shuffled,188,0.033333333333333215,0.065,0.3627027027027027,0.9478159624360942,0.13011884587289993,0.04900318278805122,0.6345144428859473,0.4961717305361415,0.002448725115633466,0.5567567567567567
mondrian,161,0.4193623846518584,0.615,0.2414864864864865,0.8208289417942481,0.0005255295836376917,0.046582201280227664,0.6787571958738786,0.4959711943027205,0.0045660450000915035,0.597972972972973
datafly_shuffled,178,0.03333333333333344,0.06,0.3294594594594595,0.9445673617838836,0.14623173849525198,0.04773714438122333,0.6976564098068437,0.4957945036047083,0.0005832349808633608,0.6121621621621621
datafly,98,0.033328828828828934,0.0825,0.3398648648648649,0.96435642198664,0.3244580350620891,0.04609132290184922,0.6675962859063148,0.4957945036047083,0.1236417985417048,0.5351351351351351
datafly_shuffled,129,0.033333333333333215,0.07,0.3762162162162162,0.9447677218440338,0.11520507669831995,0.048947510668563315,0.647806719558166,0.4990152430314918,0.0022489571380934145,0.5905405405405405
datafly,118,0.033324324324324306,0.085,0.4068918918918919,0.9743729065466824,0.49249035792549295,0.046549768847795145,0.5432492110107828,0.4940209269021612,0.12288619438195587,0.5540540540540541
mondrian,183,0.43540809534230585,0.6625,0.21554054054054053,0.8093265584918425,0.00033162892622352083,0.045157183499288725,0.7958618246106192,0.4957613920645944,0.006130192878298235,0.5432432432432432
datafly_shuffled,154,0.03333333333333344,0.0575,0.35743243243243245,0.9385859284979864,0.08592041636230825,0.04796808321479374,0.6895656176032261,0.4940209269021612,0.0012338080284811555,0.5952702702702702
datafly_shuffled,90,0.04245720720720714,0.0625,0.3832432432432433,0.9373004636081704,0.08052804967129291,0.04780215149359888,0.6410793080272347,0.4957945036047083,0.002126210897290601,0.5756756756756757
datafly,69,0.03331981981981968,0.09,0.3245945945945946,0.9656605174722114,0.3389202337472608,0.04639521692745378,0.6569732401157183,0.4940209269021612,0.12393196950226668,0.5702702702702702
mondrian,11,0.43392047817047785,0.645,0.22445945945945947,0.8084884696701413,0.0003341490138787436,0.04647880512091039,0.7070055667572542,0.5023125536620235,0.0051977810727045,0.5344594594594595
datafly_shuffled,23,0.02501689189189193,0.0325,0.4339189189189189,0.9703723310940868,0.31314970781592405,0.048820039118065435,0.5563615908360363,0.4957945036047083,0.0,0.5378378378378378
datafly,62,0.01666666666666661,0.0325,0.3718918918918919,0.9826608886902478,0.5353898831263696,0.04814470128022758,0.6366038032202449,0.4976367379802792,0.0,0.5182432432432432
datafly,139,0.033333333333333215,0.06,0.3868918918918919,0.9636819132786788,0.2490876186997809,0.046282592460881934,0.6507051591128254,0.4957945036047083,0.001673180897079153,0.5324324324324324
mondrian,58,0.4188889557573768,0.59,0.2532432432432433,0.8209138261552382,0.0005231921110299488,0.046807290184921774,0.7522957394582275,0.4952313616599624,0.004473427485583596,0.5445945945945946
datafly_shuffled,128,0.041997747747747886,0.0675,0.40297297297297296,0.9442189770579908,0.1075391891891892,0.048778876244665724,0.6179520615996026,0.4957945036047083,0.0017856470597856363,0.5574324324324325
datafly_shuffled,13,0.03331981981981992,0.09,0.3927027027027027,0.9497037450195271,0.14121676406135866,0.048308748221906096,0.5819252067443967,0.4957945036047083,0.12309202598579032,0.5837837837837838
datafly_shuffled,21,0.03333333333333344,0.06,0.3558108108108108,0.9423599858140672,0.11201661796932068,0.04785257823613087,0.6731182972443821,0.4957945036047083,0.001181477016109022,0.5527027027027027
mondrian,142,0.4042451672320092,0.5775,0.2895945945945946,0.8278992260235496,0.000714426588750913,0.046624502133712636,0.6999448438093567,0.4969552721319873,0.004813493160162946,0.5641891891891891
datafly,101,0.033328828828828934,0.0825,0.3132432432432433,0.9753012523916472,0.5381929875821768,0.04639068278805119,0.6972646547441629,0.4957945036047083,0.12399418818448625,0.5905405405405405
datafly_shuffled,16,0.049986486486486514,0.1325,0.34324324324324323,0.9100296874694036,0.031479291453615776,0.046943830014224745,0.6660283524736272,0.4976367379802792,0.19606926705102304,0.5905405405405405
datafly_shuffled,172,0.04835247747747762,0.06,0.3541891891891892,0.929327372475538,0.0545418188458729,0.047975106685633,0.6794521273487041,0.4957945036047083,0.0018596660842623465,0.6054054054054054
datafly_shuffled,163,0.04622072072072081,0.07,0.3922972972972973,0.9400767559372848,0.1062036523009496,0.047684797297297306,0.6342067005639811,0.4976367379802792,0.0012849014000655213,0.5871621621621622
datafly,4,0.041960585585585686,0.0875,0.31283783783783786,0.9574370758703716,0.23976972242512784,0.045853805120910376,0.7171373206510622,0.4957945036047083,0.1241434523128046,0.5804054054054054
datafly_shuffled,127,0.03333333333333344,0.0625,0.4251351351351351,0.9388503555059116,0.08977677136596056,0.04799567923186345,0.5713231641389791,0.4957945036047083,0.0017742535881932141,0.5439189189189191
datafly,126,0.01665990990991006,0.045,0.46,0.9889747377560648,0.7116610299488678,0.04859270981507823,0.5413050466088074,0.4957945036047083,0.0,0.4945945945945946
datafly,150,0.033324324324324306,0.085,0.34459459459459457,0.9583302644128979,0.2533985025566107,0.0458877667140825,0.6504869086233599,0.4957945036047083,0.09828515421337433,0.5608108108108109
datafly,189,0.05382770270270265,0.0725,0.34378378378378377,0.9704350018075952,0.478649780861943,0.04647115931721196,0.6020088176850471,0.4976367379802792,0.001850802327368648,0.5864864864864865
mondrian,78,0.4180531239741767,0.585,0.2506756756756757,0.8204695749579254,0.0005284879474068663,0.04614882645803711,0.7506465328307179,0.4977800389250669,0.006006617176907056,0.5459459459459459
datafly,70,0.03331981981981968,0.085,0.3121621621621621,0.9718501793901464,0.4748777940102265,0.046306365576102425,0.5761447649104352,0.4940209269021612,0.12430589194141865,0.5459459459459459
datafly,5,0.016666666666666833,0.03,0.4174324324324325,0.991834438591605,0.8428318115412711,0.048260544096728315,0.5877887481371088,0.4957945036047083,1.1102230246251563e-16,0.5831081081081081
datafly,141,0.033328828828828816,0.08,0.30783783783783786,0.9731868230590583,0.4789353177501826,0.046458979374110934,0.5968027673066245,0.4957945036047083,0.12428534125992273,0.5148648648648648
datafly_shuffled,79,0.049999999999999815,0.0925,0.3802702702702703,0.9099308650412528,0.02852878013148284,0.04827976529160738,0.6433175170217119,0.4957945036047083,0.003297044370929503,0.6040540540540541
datafly,64,0.016666666666666833,0.0275,0.3828378378378378,0.9877099198915014,0.7541276479181884,0.048117940967283064,0.6121241343034978,0.4957945036047083,0.0,0.5736486486486486
datafly,28,0.026388513513513567,0.0375,0.4451351351351352,0.988946220576,0.7884317750182614,0.04835405405405405,0.5449422503725783,0.4957945036047083,0.0,0.5452702702702703
datafly,167,0.033324324324324084,0.085,0.3112162162162162,0.9687684112140617,0.4169020818115413,0.046090469416785206,0.7196403524151835,0.4940209269021612,0.12380540931315374,0.552027027027027
datafly_shuffled,80,0.05880292792792818,0.13,0.3601351351351351,0.9148251249211468,0.03922772096420745,0.0478620199146515,0.6573960433651851,0.4957945036047083,0.2411602608625065,0.5918918918918918
datafly_shuffled,170,0.041795045045044936,0.06,0.3656756756756757,0.9474723172335044,0.1481418918918919,0.048943243243243235,0.5969917959732328,0.4957945036047083,0.0017670965574777915,0.5925675675675676
datafly_shuffled,117,0.016666666666666833,0.0225,0.4614864864864865,0.9669456354852034,0.2733150840029218,0.04914918207681366,0.5459723196282984,0.4957945036047083,0.0,0.5256756756756756
mondrian,52,0.4321459678301785,0.63,0.21202702702702705,0.8102628309766684,0.00033436815193571947,0.04496335348506402,0.724399856813068,0.4930089635912882,0.005192541708345756,0.5756756756756757
datafly_shuffled,141,0.03333333333333344,0.0525,0.3725675675675676,0.9322091107303404,0.06667005113221329,0.04881610953058322,0.6694509584757897,0.4975071469507837,0.0017660003797154808,0.6013513513513513
datafly_shuffled,133,0.05000000000000005,0.09,0.3559459459459459,0.9136278926530468,0.03984824689554418,0.047180707681365584,0.6795443587270974,0.4957945036047083,0.0027421952705544107,0.6081081081081081
mondrian,127,0.4173801564722617,0.6025,0.2520270270270269,0.8186892846840289,0.0005230825420014609,0.046630298719772464,0.7319664825691826,0.4982257650707694,0.004978569460910029,0.5425675675675675
datafly,42,0.03333333333333344,0.0525,0.2913513513513514,0.956676396890872,0.25433151935719506,0.045797990753911805,0.6972810920195203,0.4957945036047083,4.630842718588574e-05,0.575
mondrian,91,0.4328177316993106,0.6325,0.2158108108108108,0.8089480045171099,0.00033546384222059896,0.04610773470839275,0.7279247391952309,0.500315157023075,0.006601875878757461,0.5608108108108109
datafly_shuffled,61,0.03333333333333344,0.0675,0.3833783783783784,0.9373167944668278,0.08678312636961286,0.04837352418207681,0.6247370035942842,0.4969886006743433,0.0018346884894196206,0.5851351351351352
datafly,79,0.016666666666666833,0.0325,0.4078378378378377,0.9906527013603744,0.7897348794740686,0.04837300853485064,0.598982532655387,0.4957945036047083,0.0,0.5074324324324324
datafly_shuffled,167,0.03333333333333344,0.065,0.3774324324324324,0.9479677607913624,0.16537041636230826,0.04839779516358466,0.6369334619093541,0.4967239263387565,0.001455037868426527,0.5581081081081081
mondrian,151,0.4182557719662983,0.5825,0.23202702702702704,0.8192231070281427,0.0005275018261504748,0.04592190611664297,0.7289383711755939,0.49996403229681896,0.01090485108429036,0.5675675675675675
mondrian,124,0.4414107579239159,0.6425,0.20067567567567568,0.8098149968470141,0.00033524470416362314,0.04559041607396887,0.7774721662137285,0.5002123071540518,0.00536330955077768,0.5614864864864865
datafly,133,0.033328828828828816,0.0825,0.357972972972973,0.9720279258283341,0.4565825785244704,0.046358766002844935,0.6603447079278805,0.4940209269021612,0.12352428150564447,0.5777027027027027
datafly,132,0.03332432432432453,0.0825,0.31094594594594593,0.9754208291757184,0.5489569393718042,0.04635675675675675,0.6996462333070337,0.4940209269021612,0.1666298733086143,0.5959459459459461
datafly,35,0.025645270270270304,0.0375,0.4482432432432432,0.9931217931768592,0.8856073776479182,0.048505725462304417,0.5217465152976242,0.4957945036047083,0.0,0.5310810810810811
datafly_shuffled,96,0.033333333333333215,0.055,0.39472972972972975,0.9398992635457998,0.09738736303871436,0.047763940256045516,0.6256976710207183,0.4940209269021612,0.004117381002437038,0.5486486486486486
datafly_shuffled,107,0.05000000000000005,0.0875,0.3547297297297297,0.913281303192661,0.035430350620891164,0.048214669274537714,0.6749601852663569,0.4940209269021612,0.002714593588578659,0.6148648648648649
datafly,72,0.03333333333333344,0.0575,0.29162162162162164,0.9609771767959266,0.3312836011687363,0.045890736130867714,0.6975559597907717,0.4957945036047083,0.0003318169926476563,0.5472972972972973
datafly,15,0.04202927927927913,0.0875,0.3452702702702703,0.9768523061747334,0.4736991234477721,0.04668161450924608,0.6447932190760061,0.4957945036047083,0.12341589203714252,0.5466216216216216
datafly,195,0.033328828828828594,0.085,0.3202702702702703,0.95577887063349,0.2417788897005113,0.04578630867709815,0.7317272288945385,0.4957945036047083,0.12484103484325085,0.5864864864864865
datafly,56,0.0446486486486487,0.0925,0.335,0.9615836806822144,0.30642140248356464,0.04612647581792318,0.6102055389965226,0.4957945036047083,0.0986401067956147,0.6162162162162163
mondrian,92,0.4193212514133563,0.615,0.22513513513513514,0.8202842185836895,0.0005205989773557342,0.04649655049786632,0.7810153122351773,0.499315499503608,0.005198095671269147,0.572972972972973
mondrian,140,0.4324942006784112,0.6475,0.2271621621621621,0.8066726326670013,0.00033338203067932796,0.046096799431009916,0.7137411969258642,0.5005264155738505,0.0051036471780042435,0.5527027027027027
mondrian,182,0.4327327844038371,0.635,0.21986486486486487,0.8065843363561083,0.00033677867056245434,0.045765451635846416,0.7322678326173987,0.4954662575255078,0.004771385345580818,0.5418918918918919
datafly,11,0.05062162162162165,0.0825,0.36283783783783785,0.9771363727382758,0.49629601899196507,0.0467468883357041,0.6275103372198357,0.4940209269021612,0.12288047144022088,0.5452702702702703
datafly,178,0.033333333333333215,0.07,0.36108108108108106,0.965606327995113,0.29646957633308985,0.04626041963015648,0.640342370182052,0.4957945036047083,0.0012529760671184755,0.5277027027027027
mondrian,198,0.4191751103330053,0.6325,0.2512162162162162,0.8195134368232118,0.0005265157048940833,0.0462137624466571,0.6652347973466586,0.4970473878506607,0.004207319471664917,0.581081081081081
datafly_shuffled,75,0.049979729729729534,0.135,0.3601351351351351,0.8965531260681247,0.016779693206720233,0.04746874110953055,0.6573522106308991,0.4957945036047083,0.1959611847003137,0.6027027027027027
datafly,75,0.025989864864864886,0.0325,0.37972972972972974,0.9838388055393038,0.6674756391526662,0.04803917140825035,0.6168471114228106,0.4957945036047083,0.0,0.5459459459459459
datafly_shuffled,138,0.06546846846846832,0.095,0.3564864864864865,0.9115619125370048,0.03355420014609204,0.047516802987197716,0.6472953376581632,0.4957945036047083,0.002810557760522869,0.6033783783783784
mondrian,2,0.4106846208556736,0.5875,0.23540540540540544,0.8191101324090374,0.0005295471146822498,0.04599512802275962,0.7222666637444843,0.5014210321090208,0.005020337179855973,0.6094594594594595
