algo,no,dm,cm,entropy,acc,discern,ilm,precision
datafly,1,0.4666666666666667,0.5553789083200847,0.7064957820185369,0.35185185185185186,0.19178357259344825,0.15563210269092628,0.4442089147971501
mondrian,1,0.8,0.4462109167991521,0.4472577991438915,0.4867724867724868,0.0291703842625006,0.1739916386975211,0.5310800997075507
datafly,2,0.4666666666666667,0.5315315315315315,0.6814090409222198,0.3201058201058201,0.2724678292806975,0.1951834187128305,0.44706471177059415
mondrian,2,0.8333333333333334,0.4758876523582406,0.4938734616726556,0.42857142857142855,0.04910484224053849,0.18583289171524486,0.4883314687236256
datafly,3,0.4,0.5527291997880233,0.7279202405619292,0.4365079365079365,0.19695773581493206,0.2,0.33333333333333337
mondrian,3,0.8333333333333334,0.4308426073131956,0.4293612216137347,0.3915343915343915,0.030333616137413005,0.1642171583348053,0.5399909713635204
datafly,4,0.3333333333333333,0.5728669846316905,0.753819625608721,0.3783068783068783,0.2480006425578295,0.18894777130071247,0.3886828004475064
mondrian,4,0.8666666666666667,0.3958664546899841,0.37719076687661995,0.4947089947089947,0.017248802154815442,0.15789907554613436,0.5992463051286581
datafly,5,0.3333333333333333,0.5786963434022258,0.8008228203507648,0.36507936507936506,0.3644170683355197,0.19908143437555206,0.3901843019490079
mondrian,5,0.8,0.4705882352941176,0.5043029559571385,0.35714285714285715,0.03833638183212671,0.18828828828828825,0.4734342185322576
datafly,6,0.4666666666666667,0.5209326974032856,0.7238520235279341,0.3333333333333333,0.18010688140679726,0.16648413119001354,0.4725313548842961
mondrian,6,0.8333333333333334,0.4138844727080021,0.4367175700099393,0.3783068783068783,0.027684188443563736,0.15470764882529595,0.5369879683605174
datafly,7,0.4666666666666667,0.5633280339162692,0.699756272039084,0.3333333333333333,0.12459359200217705,0.1752988282400047,0.4442089147971501
mondrian,7,0.8,0.41017488076311603,0.3731738006324552,0.4735449735449736,0.02257854974585546,0.14251898957781314,0.5796777169326189
datafly,8,0.4666666666666667,0.5691573926868044,0.7110846533869185,0.3941798941798942,0.1915628337586628,0.1801625154566332,0.4442089147971501
mondrian,8,0.8,0.4711181770005299,0.527273606186745,0.4576719576719577,0.041501990159990725,0.16948124595183425,0.492276590315806
datafly,9,0.3333333333333333,0.5850556438791733,0.8302429683498823,0.34656084656084657,0.3747311325165996,0.1887946770299712,0.3890066537125361
mondrian,9,0.8,0.38897721250662426,0.3564392660365074,0.4365079365079365,0.018833853024445,0.15098039215686285,0.5813264244636793
datafly,10,0.4666666666666667,0.5564387917329093,0.6968338800097424,0.41534391534391535,0.12482781107114785,0.16762644997939108,0.4696755579108521
mondrian,10,0.8666666666666667,0.4329623741388448,0.504231243344643,0.3624338624338624,0.06413755006292181,0.14911381970205495,0.5440931127205637
datafly,11,0.4,0.5930047694753577,0.7930281662825406,0.35978835978835977,0.3483171753067947,0.21689925219336986,0.3337160690101867
mondrian,11,0.8666666666666667,0.42183359830418654,0.4336201103152227,0.3756613756613757,0.025100476891368132,0.1575752222811046,0.5260554672319377
datafly,12,0.4,0.5993640699523053,0.833451237592027,0.3201058201058201,0.4536421767320486,0.21937820173114286,0.33822057351469115
mondrian,12,0.8,0.4281928987811341,0.44342754228944986,0.3544973544973545,0.03423221219910643,0.1478949537773067,0.5457418202516242
datafly,13,0.4,0.5458399576046635,0.7627292123685122,0.3068783068783069,0.2478276462191173,0.2196961667549903,0.3558264146499439
mondrian,13,0.8666666666666667,0.4260731319554849,0.3736371277960235,0.4259259259259259,0.02325199977869949,0.1591356061944298,0.5685293136273528
datafly,14,0.3333333333333333,0.5659777424483307,0.7526323310718299,0.4021164021164021,0.2002648866017425,0.1778425484307837,0.3886828004475064
mondrian,14,0.8333333333333334,0.4266030736618972,0.4197766582677557,0.4761904761904762,0.02431525325007041,0.1625213448742861,0.5271938605271939
datafly,15,0.4666666666666667,0.5691573926868044,0.6720734196994848,0.3756613756613757,0.1539181564431728,0.1727315550844963,0.4442089147971501
mondrian,15,0.8333333333333334,0.4440911499735029,0.4283989298171363,0.32275132275132273,0.03984223632591724,0.16813872696225632,0.5398928340104812
datafly,16,0.3333333333333333,0.5320614732379438,0.7571230661394696,0.3835978835978836,0.21102155180524207,0.18888888888888888,0.4072896425837602
mondrian,16,0.8333333333333334,0.4149443561208267,0.4190965588443756,0.3994708994708995,0.030592548969056964,0.15250544662309373,0.5800310114035605
datafly,17,0.3333333333333333,0.5320614732379438,0.7565960359884133,0.3941798941798942,0.21102155180524207,0.18888888888888888,0.4072896425837602
mondrian,17,0.8,0.4531001589825121,0.4481287135666721,0.3333333333333333,0.026419293135836668,0.17015250544662291,0.4893913521364501
datafly,18,0.4,0.5484896661367249,0.7285077670985051,0.3862433862433862,0.15738426165808567,0.2008655714538068,0.377289053759642
mondrian,18,0.8333333333333334,0.4467408585055644,0.470851852005411,0.42063492063492064,0.044861938530693785,0.1581463816757934,0.5319437084142966
datafly,19,0.3333333333333333,0.5728669846316905,0.7687794602738245,0.3915343915343915,0.2480006425578295,0.1778425484307837,0.3886828004475064
mondrian,19,0.8,0.4213036565977743,0.3742026413381488,0.4947089947089947,0.02725619100817829,0.16203850909733256,0.5674890576851361
datafly,20,0.3333333333333333,0.5744568097509274,0.7920787019879938,0.3333333333333333,0.3267117299661955,0.1975446034269564,0.3927456868633339
mondrian,20,0.8333333333333334,0.4679385267620562,0.5116876805596298,0.46296296296296297,0.05653469798237401,0.171430253783195,0.5115900213939428
datafly,21,0.4,0.5484896661367249,0.7285077670985051,0.3862433862433862,0.15738426165808567,0.2008655714538068,0.377289053759642
mondrian,21,0.8333333333333334,0.4483306836248013,0.4408891995321156,0.4497354497354497,0.03243990272887684,0.17530471648118698,0.5043082297984258
datafly,22,0.4666666666666667,0.5633280339162692,0.699756272039084,0.3624338624338624,0.12459359200217705,0.1752988282400047,0.4442089147971501
mondrian,22,0.8666666666666667,0.4382617912029677,0.4012239844901282,0.3968253968253968,0.020683453489962426,0.19896366955190506,0.5255844079373491
datafly,23,0.3333333333333333,0.5818759936406995,0.7663029082181748,0.3862433862433862,0.2392115298689693,0.17777777777777776,0.3888888888888888
mondrian,23,0.8333333333333334,0.3995760466348702,0.3431983100594624,0.3888888888888889,0.02324806804372876,0.1260731319554849,0.6022885630728767
datafly,24,0.3333333333333333,0.5744568097509274,0.8029201196499012,0.35978835978835977,0.3267117299661955,0.187299063769652,0.3927456868633339
mondrian,24,0.8,0.4160042395336513,0.4270752781043067,0.3756613756613757,0.041804172076312734,0.15481363716657834,0.5353588883000648
datafly,25,0.4666666666666667,0.5633280339162692,0.683521341870835,0.3624338624338624,0.12459359200217705,0.16673732556085494,0.4442089147971501
mondrian,25,0.8333333333333334,0.38897721250662426,0.4348800090260513,0.3253968253968254,0.033436878382169695,0.15013248542660299,0.5707275903354335
datafly,26,0.4666666666666667,0.566507684154743,0.7184191253394289,0.3201058201058201,0.2588269556379535,0.18644526879821,0.44824236000706585
mondrian,26,0.8333333333333334,0.4128245892951775,0.4328015246055802,0.4312169312169312,0.027055110848246543,0.15363598893010666,0.5414237767178944
datafly,27,0.4666666666666667,0.5320614732379438,0.6735672760975209,0.3862433862433862,0.13391068052996416,0.1778425484307838,0.4625802272861096
mondrian,27,0.8,0.4552199258081611,0.4170381436633188,0.4603174603174603,0.042402919144712836,0.16521227109462408,0.5218355610512473
datafly,28,0.4666666666666667,0.5320614732379438,0.6885179906877762,0.3783068783068783,0.13391068052996416,0.16674321380203727,0.4625802272861096
mondrian,28,0.8333333333333334,0.383147853736089,0.3803611669483607,0.3492063492063492,0.0351185375967944,0.14780663015957138,0.5762429095762429
datafly,29,0.3333333333333333,0.5818759936406995,0.784410284456158,0.3915343915343915,0.2392115298689693,0.18888888888888888,0.3888888888888888
mondrian,29,0.8666666666666667,0.4186539480657128,0.4084256141325464,0.4259259259259259,0.022828495754709164,0.1543720190779015,0.5330624742389448
datafly,30,0.3333333333333333,0.5384207737148914,0.810329819545365,0.3201058201058201,0.35008252430865355,0.1983395159865748,0.3915385974209503
mondrian,30,0.8,0.4520402755696874,0.4504221595345184,0.328042328042328,0.04034606007859538,0.1541541541541542,0.5280574692339398
datafly,31,0.2,0.5866454689984102,0.8374476140849348,0.3915343915343915,0.3836179769033037,0.2,0.33333333333333337
mondrian,31,0.8333333333333334,0.3921568627450979,0.376056782639164,0.4391534391534391,0.0193343067185768,0.15585585585585582,0.5650159963885455
datafly,32,0.3333333333333333,0.5384207737148914,0.8115726868531419,0.3201058201058201,0.35008252430865355,0.18780545251133485,0.3915385974209503
mondrian,32,0.7666666666666667,0.4578696343402226,0.5325645193029169,0.3201058201058201,0.10732990542211528,0.18993699581934864,0.4598323814010089
datafly,33,0.4666666666666667,0.5707472178060413,0.7117265082531455,0.36507936507936506,0.22949789778556265,0.17688276511805914,0.4456809750927399
mondrian,33,0.8333333333333334,0.4181240063593005,0.4052619619872072,0.3544973544973545,0.03219950521923776,0.1704056998174645,0.5280770967045478
datafly,34,0.4666666666666667,0.519872813990461,0.6630328027820468,0.37301587301587297,0.15894572211789082,0.1857327916151445,0.462815756933404
mondrian,34,0.8666666666666667,0.4520402755696874,0.4754882843688672,0.4021164021164021,0.06834338312875674,0.15547312017900258,0.5292547449410194
datafly,35,0.2,0.5866454689984102,0.8374476140849348,0.3915343915343915,0.3836179769033037,0.2,0.33333333333333337
mondrian,35,0.9,0.4350821409644939,0.41799786260111177,0.4708994708994709,0.031246902003471726,0.17251369016074902,0.5240730927005437
datafly,36,0.4666666666666667,0.5707472178060413,0.7504784804735148,0.36507936507936506,0.22949789778556265,0.1823470529352882,0.4456809750927399
mondrian,36,0.8,0.3932167461579226,0.4360920094651993,0.3412698412698413,0.028476152201954125,0.14584584584584587,0.5400302263047361
datafly,37,0.3333333333333333,0.5320614732379438,0.7563242790372708,0.41798941798941797,0.21102155180524207,0.1815050344462109,0.4072896425837602
mondrian,37,0.8333333333333334,0.489136195018548,0.5483960463468408,0.3333333333333333,0.06536088131524398,0.1926455867632338,0.4490372725666844
datafly,38,0.3333333333333333,0.5320614732379438,0.7571230661394696,0.3624338624338624,0.21102155180524207,0.18888888888888888,0.4072896425837602
mondrian,38,0.8,0.43773184949655536,0.49061622429967,0.4259259259259259,0.09288976622746377,0.17260790201966647,0.5184203811654791
datafly,39,0.3333333333333333,0.5744568097509274,0.7920787019879938,0.34656084656084657,0.3267117299661955,0.1975446034269564,0.3927456868633339
mondrian,39,0.8,0.40646528881823,0.4127426200757344,0.34656084656084657,0.034125493678472264,0.14151210033562986,0.5747512218100452
datafly,40,0.3333333333333333,0.5384207737148914,0.8115726868531419,0.3201058201058201,0.35008252430865355,0.18780545251133485,0.3915385974209503
mondrian,40,0.8666666666666667,0.4239533651298357,0.4012210818124413,0.5052910052910053,0.022130331959191958,0.14063475239945827,0.6059000176647236
datafly,41,0.3333333333333333,0.5786963434022258,0.7827932944230968,0.36507936507936506,0.3644170683355197,0.19908143437555206,0.3901843019490079
mondrian,41,0.8,0.4117647058823529,0.4836968585855013,0.3253968253968254,0.0637769537984632,0.16313372195725134,0.5171053406347523
datafly,42,0.3333333333333333,0.5320614732379438,0.7565960359884133,0.3862433862433862,0.21102155180524207,0.18888888888888888,0.4072896425837602
mondrian,42,0.9,0.456809750927398,0.4340553022582119,0.3968253968253968,0.03312402461378427,0.18013307425072125,0.5352214960058097
datafly,43,0.4666666666666667,0.5564387917329093,0.6968338800097424,0.41534391534391535,0.12482781107114785,0.16762644997939108,0.4696755579108521
mondrian,43,0.8,0.4271330153683095,0.4576982003487661,0.3333333333333333,0.03042404604173986,0.17460401578048632,0.500579010382932
datafly,44,0.4666666666666667,0.4970853206147324,0.7312846991871844,0.3201058201058201,0.1912258279040286,0.1767002296414061,0.4654360242595537
mondrian,44,0.8,0.39745627980922105,0.3890027943412138,0.4338624338624337,0.018963038602054786,0.14451510333863266,0.5779504995191269
datafly,45,0.4666666666666667,0.5145733969263381,0.6724557181429562,0.42063492063492064,0.11300171395560905,0.16673732556085502,0.4442089147971501
mondrian,45,0.8666666666666667,0.3942766295707472,0.4361577705505594,0.3994708994708995,0.036528345422014184,0.15659188600365068,0.558754833264637
datafly,46,0.3333333333333333,0.5686274509803921,0.7496340113381967,0.41534391534391535,0.19772442413422486,0.1786551257139492,0.4144144144144144
mondrian,46,0.8666666666666667,0.4186539480657128,0.4086218132432528,0.3888888888888889,0.03170129823080352,0.17183654242477758,0.5423462678364639
datafly,47,0.4666666666666667,0.5304716481187071,0.7094886222607258,0.3306878306878307,0.19754244097272247,0.1882529588411941,0.4637284343166697
mondrian,47,0.8333333333333334,0.4615792262851086,0.4888427753406169,0.31746031746031744,0.0538420212038467,0.15580286168521465,0.4952992207894168
datafly,48,0.4666666666666667,0.5654478007419184,0.6598880306570885,0.3412698412698413,0.1998683430461229,0.18586233292115645,0.4439733851498557
mondrian,48,0.8333333333333334,0.4366719660837308,0.4211934668518029,0.3809523809523809,0.031022793110139973,0.16712594947889062,0.5286659208227835
datafly,49,0.4666666666666667,0.5320614732379438,0.6735672760975209,0.41798941798941797,0.13391068052996416,0.1778425484307838,0.4625802272861096
mondrian,49,0.9,0.3783783783783784,0.35947947848074324,0.4365079365079365,0.02854973181354926,0.14182417711829487,0.6025044652495632
datafly,50,0.4,0.5527291997880233,0.7768191962317892,0.3148148148148148,0.2481517335159905,0.19826885709238654,0.3376611906023671
mondrian,50,0.7666666666666667,0.44992050874403816,0.5243453219681232,0.3809523809523809,0.10427157729130984,0.1658069834540422,0.480127186009539
datafly,51,0.4666666666666667,0.5315315315315315,0.7017967376798165,0.3201058201058201,0.2724678292806975,0.18723429311664605,0.44706471177059415
mondrian,51,0.8,0.4213036565977743,0.4629670846865153,0.4259259259259259,0.03854588713842432,0.17546958723429318,0.4810104221868928
datafly,52,0.3333333333333333,0.5834658187599364,0.8282228205862087,0.3201058201058201,0.3750024222295802,0.1887122416534181,0.38921274215391866
mondrian,52,0.8333333333333334,0.4122946475887652,0.3996132563778492,0.3994708994708995,0.03536174348855542,0.16489430607077676,0.5540049853775344
datafly,53,0.4,0.5527291997880233,0.7299176734879087,0.4021164021164021,0.19695773581493206,0.21111111111111108,0.33333333333333337
mondrian,53,0.8666666666666667,0.4366719660837308,0.4535976835799292,0.32275132275132273,0.03188777480370111,0.17483365718659835,0.530039843765334
datafly,54,0.3333333333333333,0.5945945945945946,0.8739613949044588,0.3544973544973545,0.4354157767605818,0.2338220573514691,0.2487781899546605
mondrian,54,0.8333333333333334,0.4112347641759406,0.3983472679419462,0.4603174603174603,0.03161255335574984,0.16067243714302545,0.5481363716657834
datafly,55,0.3333333333333333,0.5384207737148914,0.810329819545365,0.3201058201058201,0.35008252430865355,0.1983395159865748,0.3915385974209503
mondrian,55,0.8666666666666667,0.4175940646528882,0.43236059467850624,0.4232804232804233,0.03766686353425341,0.15434257787198966,0.5568313411450667
datafly,56,0.2,0.5866454689984102,0.8374476140849348,0.3915343915343915,0.3836179769033037,0.2,0.33333333333333337
mondrian,56,0.8333333333333334,0.3879173290937997,0.34783293955493194,0.455026455026455,0.016171506772834743,0.14786551257139496,0.5983238140100886
datafly,57,0.3333333333333333,0.5744568097509274,0.7839582228002334,0.3306878306878307,0.3267117299661955,0.1975446034269564,0.3927456868633339
mondrian,57,0.7666666666666667,0.4154742978272391,0.4331635172950896,0.4312169312169312,0.047968009157572426,0.14409114997350292,0.5628373471510726
datafly,58,0.4,0.5930047694753577,0.8186084211169234,0.335978835978836,0.3483171753067947,0.1998115762821645,0.3337160690101867
mondrian,58,0.8333333333333334,0.3937466878643349,0.3665692295903838,0.5158730158730159,0.017914950394142388,0.15898840016487084,0.5793244224616774
datafly,59,0.4666666666666667,0.5691573926868044,0.7325115251708361,0.35714285714285715,0.1915628337586628,0.16673732556085494,0.4442089147971501
mondrian,59,0.8333333333333334,0.424483306836248,0.4623413337186898,0.4497354497354497,0.1160415067644096,0.1399340516987575,0.5565761840271644
datafly,60,0.3333333333333333,0.5744568097509274,0.7839582228002334,0.3306878306878307,0.3267117299661955,0.1975446034269564,0.3927456868633339
mondrian,60,0.8333333333333334,0.469528351881293,0.517071731768585,0.31746031746031744,0.03405584580184786,0.17716540069481254,0.4679581542326641
datafly,61,0.3333333333333333,0.5659777424483307,0.7526323310718299,0.4021164021164021,0.2002648866017425,0.1778425484307837,0.3886828004475064
mondrian,61,0.8,0.4366719660837308,0.473956733650226,0.3677248677248677,0.04038537742830271,0.15818171112288762,0.5413648943060708
datafly,62,0.4666666666666667,0.5320614732379438,0.6621222551917455,0.3756613756613757,0.13391068052996416,0.1764646999941117,0.4625802272861096
mondrian,62,0.8333333333333334,0.4260731319554849,0.4134445680869331,0.3544973544973545,0.03853016019854138,0.16021904257198374,0.5384207737148914
datafly,63,0.3333333333333333,0.5384207737148914,0.7754993042796424,0.3201058201058201,0.35008252430865355,0.1983395159865748,0.3915385974209503
mondrian,63,0.7666666666666667,0.4462109167991521,0.4846955183478658,0.35978835978835977,0.036920395566238634,0.1617735382441264,0.5263302518204479
datafly,64,0.4,0.5527291997880233,0.7299176734879087,0.3888888888888889,0.19695773581493206,0.21111111111111108,0.33333333333333337
mondrian,64,0.8666666666666667,0.4133545310015898,0.4079360576401725,0.46296296296296297,0.023277275217797055,0.17744803627156586,0.5410901097175607
datafly,65,0.4666666666666667,0.5574986751457339,0.6557364872494995,0.42063492063492064,0.15271223716000673,0.1755814638167579,0.4696755579108521
mondrian,65,0.8333333333333334,0.38950715421303655,0.3842993535017939,0.35714285714285715,0.01835249632874247,0.14619325207560502,0.5920430234155724
datafly,66,0.3333333333333333,0.5320614732379438,0.7563242790372708,0.3835978835978836,0.21102155180524207,0.1815050344462109,0.4072896425837602
mondrian,66,0.8,0.4213036565977743,0.4499814925441687,0.34656084656084657,0.03459056175786747,0.16932815168109286,0.5229150719346798
datafly,67,0.3333333333333333,0.5744568097509274,0.7920787019879938,0.3333333333333333,0.3267117299661955,0.1975446034269564,0.3927456868633339
mondrian,67,0.8,0.447800741918389,0.42597502411999305,0.4417989417989418,0.038035323268653484,0.15921804157098282,0.5275667824687433
datafly,68,0.3333333333333333,0.5320614732379438,0.7571230661394696,0.3624338624338624,0.21102155180524207,0.18888888888888888,0.4072896425837602
mondrian,68,0.8333333333333334,0.4430312665606783,0.4196347197542506,0.36507936507936506,0.030286996994188613,0.1687275510804923,0.5498243341380596
datafly,69,0.4,0.5527291997880233,0.7598547323081009,0.3783068783068783,0.2481517335159905,0.219625507860802,0.3376611906023671
mondrian,69,0.8,0.4382617912029677,0.4269085179759029,0.3835978835978836,0.03807464061836082,0.15012659718542073,0.5363795167716736
datafly,70,0.3333333333333333,0.5320614732379438,0.7563242790372708,0.3835978835978836,0.21102155180524207,0.1815050344462109,0.4072896425837602
mondrian,70,0.8333333333333334,0.4228934817170111,0.3763386641504776,0.4841269841269841,0.028172846932783338,0.14632868162279936,0.5721015132779839
datafly,71,0.3333333333333333,0.5818759936406995,0.7663029082181748,0.3915343915343915,0.2392115298689693,0.17777777777777776,0.3888888888888888
mondrian,71,0.8,0.4186539480657128,0.4042422010510612,0.49206349206349204,0.02588120712127072,0.14254254254254256,0.5540442403187502
datafly,72,0.4666666666666667,0.5707472178060413,0.7478552215139257,0.3624338624338624,0.22949789778556265,0.1879820997468057,0.4456809750927399
mondrian,72,0.8,0.4366719660837308,0.4139984719994824,0.4523809523809524,0.03149460130662786,0.16196196196196205,0.5353392608294569
datafly,73,0.4666666666666667,0.5691573926868044,0.7108441416616491,0.3677248677248677,0.1539181564431728,0.17820761938409,0.4442089147971501
mondrian,73,0.8333333333333334,0.469528351881293,0.4871113567202622,0.3888888888888889,0.029496156588647,0.1899723252664429,0.4910400596675106
datafly,74,0.3333333333333333,0.5834658187599364,0.8282228205862087,0.3439153439153439,0.3750024222295802,0.1887122416534181,0.38921274215391866
mondrian,74,0.8333333333333334,0.442501324854266,0.4539145465699381,0.3624338624338624,0.03397384104388687,0.16099040216687274,0.5282733714106262
datafly,75,0.4666666666666667,0.5633280339162692,0.6815241059227821,0.3941798941798942,0.12459359200217705,0.15563210269092626,0.4442089147971501
mondrian,75,0.8333333333333334,0.4308426073131956,0.4240324417005371,0.4444444444444444,0.03762979289024365,0.18204086439380548,0.4965750063789279
datafly,76,0.3333333333333333,0.5850556438791733,0.8302429683498823,0.3253968253968254,0.3747311325165996,0.1887946770299712,0.3890066537125361
mondrian,76,0.8333333333333334,0.4091149973502913,0.3767465124285005,0.4603174603174603,0.02713880063548071,0.1418477300830242,0.5897269818838446
datafly,77,0.4666666666666667,0.5267620561738209,0.6724098171975924,0.3915343915343915,0.12238283359577665,0.16418182888771124,0.4967320261437909
mondrian,77,0.9,0.4059353471118177,0.4454808844342527,0.4761904761904762,0.05290345989869042,0.14611081669905202,0.5919448860625331
datafly,78,0.3333333333333333,0.5728669846316905,0.7431816448485326,0.3783068783068783,0.2480006425578295,0.19494200082435376,0.3886828004475064
mondrian,78,0.8333333333333334,0.40646528881823,0.4272503386862007,0.3703703703703704,0.04918235358710436,0.16169110286757354,0.5393825197746765
datafly,79,0.3333333333333333,0.5786963434022258,0.8008228203507648,0.36507936507936506,0.3644170683355197,0.19908143437555206,0.3901843019490079
mondrian,79,0.8,0.4848966613672496,0.5324879987685687,0.4074074074074074,0.08226958839509106,0.20060648884178314,0.4442677972089737
datafly,80,0.3333333333333333,0.5744568097509274,0.7920787019879938,0.328042328042328,0.3267117299661955,0.1975446034269564,0.3927456868633339
mondrian,80,0.9,0.3969263381028087,0.37542602768090777,0.4470899470899471,0.018299698744849786,0.1451804745922393,0.5827396023474456
datafly,81,0.4666666666666667,0.5691573926868044,0.6827114004596732,0.3862433862433862,0.1539181564431728,0.16673732556085494,0.4442089147971501
mondrian,81,0.8666666666666667,0.4430312665606783,0.4182721059068789,0.4523809523809524,0.03108008410542779,0.183507036448213,0.528037841763332
datafly,82,0.4,0.5527291997880233,0.776958537065555,0.3492063492063492,0.2481517335159905,0.20683035977153624,0.3376611906023671
mondrian,82,0.8666666666666667,0.4107048224695283,0.3872007863305463,0.37301587301587297,0.021852302129118737,0.16880998645704526,0.5585978134997742
datafly,83,0.4,0.5527291997880233,0.7430285361356466,0.35978835978835977,0.19695773581493206,0.19745039156803865,0.33333333333333337
mondrian,83,0.8,0.4133545310015898,0.4047515079533107,0.35978835978835977,0.0228964586020604,0.1588353058941293,0.5391077351861665
datafly,84,0.4666666666666667,0.5564387917329093,0.7174866648969996,0.4074074074074074,0.12482781107114785,0.1619914031678738,0.4696755579108521
mondrian,84,0.8333333333333334,0.4160042395336513,0.450836633109168,0.37301587301587297,0.06062594905763333,0.17123594182417706,0.5356925553003984
datafly,85,0.3333333333333333,0.5659777424483307,0.7526323310718299,0.4021164021164021,0.2002648866017425,0.1778425484307837,0.3886828004475064
mondrian,85,0.8333333333333334,0.4324324324324325,0.37476219439803504,0.4365079365079365,0.022735819144684758,0.16038391332508975,0.5670572533317629
datafly,86,0.3333333333333333,0.5744568097509274,0.7920787019879938,0.335978835978836,0.3267117299661955,0.1975446034269564,0.3927456868633339
mondrian,86,0.8,0.4181240063593005,0.4195981279002485,0.35185185185185186,0.029247333932642082,0.1565271153506448,0.5545152996133388
datafly,87,0.3333333333333333,0.5728669846316905,0.753819625608721,0.37301587301587297,0.2480006425578295,0.18894777130071247,0.3886828004475064
mondrian,87,0.8666666666666667,0.4271330153683095,0.4677814277754451,0.35185185185185186,0.02799704221194916,0.18287110640051804,0.5060158197413098
datafly,88,0.3333333333333333,0.5818759936406995,0.784410284456158,0.3915343915343915,0.2392115298689693,0.18888888888888888,0.3888888888888888
mondrian,88,0.8333333333333334,0.4287228404875464,0.403293503082788,0.46296296296296297,0.02397824739543621,0.16942236354001064,0.549628059431981
datafly,89,0.3333333333333333,0.5850556438791733,0.7882596553254528,0.3624338624338624,0.36180583463852894,0.19936406995230524,0.3898310074780663
mondrian,89,0.8,0.4069952305246423,0.4198886416197596,0.4365079365079365,0.04355098575616671,0.13439910498734028,0.5819937584643466
datafly,90,0.4666666666666667,0.5691573926868044,0.6720734196994848,0.3888888888888889,0.1539181564431728,0.1727315550844963,0.4442089147971501
mondrian,90,0.8333333333333334,0.4361420243773185,0.4745836919830426,0.3756613756613757,0.05019056276888503,0.17690042984160625,0.4899605487840782
datafly,91,0.4666666666666667,0.5691573926868044,0.7008038346543197,0.35185185185185186,0.1539181564431728,0.17784254843078376,0.4442089147971501
mondrian,91,0.8,0.4960254372019078,0.5102145342683294,0.4523809523809524,0.03427040619596497,0.1928222339987046,0.4461716618579365
datafly,92,0.4,0.5458399576046635,0.7808923221159816,0.4047619047619048,0.2478276462191173,0.20206677265500794,0.3558264146499439
mondrian,92,0.8333333333333334,0.4160042395336513,0.4059348820396305,0.3835978835978836,0.02463316210627536,0.16809750927397993,0.5528665920822784
datafly,93,0.3333333333333333,0.5728669846316905,0.753819625608721,0.37301587301587297,0.2480006425578295,0.18894777130071247,0.3886828004475064
mondrian,93,0.8333333333333334,0.4525702172760997,0.4583422817282917,0.4444444444444444,0.04890207705133357,0.15774009303421072,0.5683134114506663
datafly,94,0.3333333333333333,0.5744568097509274,0.7839582228002334,0.32275132275132273,0.3267117299661955,0.1975446034269564,0.3927456868633339
mondrian,94,0.8333333333333334,0.4043455219925808,0.38175497645816864,0.455026455026455,0.021162001803543,0.13616557734204796,0.5905905905905906
datafly,95,0.3333333333333333,0.5744568097509274,0.8029201196499012,0.36507936507936506,0.3267117299661955,0.187299063769652,0.3927456868633339
mondrian,95,0.8,0.4435612082670906,0.43247553508016656,0.3201058201058201,0.028681725773281007,0.16831537419772707,0.5066046438595457
datafly,96,0.4,0.5527291997880233,0.7598547323081009,0.36507936507936506,0.2481517335159905,0.219625507860802,0.3376611906023671
mondrian,96,0.8333333333333334,0.4504504504504505,0.4696976442601926,0.3253968253968254,0.02733763408971489,0.17924394983218508,0.5012070894423836
datafly,97,0.4,0.5527291997880233,0.776958537065555,0.3412698412698413,0.2481517335159905,0.20683035977153624,0.3376611906023671
mondrian,97,0.8,0.424483306836248,0.4112933441921448,0.37301587301587297,0.02854467672572975,0.15432491314844266,0.542032228306738
datafly,98,0.2,0.5866454689984102,0.8374476140849348,0.3915343915343915,0.3836179769033037,0.2,0.33333333333333337
mondrian,98,0.8666666666666667,0.4430312665606783,0.4412911043060727,0.328042328042328,0.037991512507551034,0.1600718365424248,0.5481756266069991
datafly,99,0.4666666666666667,0.5574986751457339,0.6761419021980165,0.3888888888888889,0.15271223716000673,0.1676264499793912,0.4696755579108521
mondrian,99,0.8,0.38738738738738737,0.4256391444716316,0.4021164021164021,0.03164850064691082,0.14397927339103805,0.5732987889850634
datafly,100,0.4666666666666667,0.5082140964493905,0.6705185636212194,0.41798941798941797,0.1105061856020427,0.1777836660189601,0.462815756933404
mondrian,100,0.8333333333333334,0.442501324854266,0.496432577700495,0.35185185185185186,0.0390935216522049,0.17611729376435256,0.472531354884296
datafly,101,0.4,0.5993640699523053,0.8415717167797874,0.3201058201058201,0.4536421767320486,0.21937820173114286,0.33822057351469115
mondrian,101,0.8333333333333334,0.4223635400105989,0.4163591314709845,0.4761904761904762,0.04829321980729444,0.14654065830536425,0.573671710926613
datafly,102,0.3333333333333333,0.5320614732379438,0.7565960359884133,0.3624338624338624,0.21102155180524207,0.18888888888888888,0.4072896425837602
mondrian,102,0.8333333333333334,0.4228934817170111,0.3790043754939609,0.4126984126984127,0.026000282523241467,0.14161808867691214,0.5772242831066361
datafly,103,0.3333333333333333,0.5728669846316905,0.753819625608721,0.3756613756613757,0.2480006425578295,0.18894777130071247,0.3886828004475064
mondrian,103,0.8333333333333334,0.4001059883412825,0.3704614569502729,0.34656084656084657,0.021910154800830944,0.17501030442206916,0.5697069618638246
datafly,104,0.4666666666666667,0.5320614732379438,0.6621222551917455,0.3994708994708995,0.13391068052996416,0.1764646999941117,0.4625802272861096
mondrian,104,0.8333333333333334,0.4859565447800742,0.5428358171221244,0.3333333333333333,0.08921752576479969,0.18693988105752787,0.453531963335885
datafly,105,0.4666666666666667,0.5707472178060413,0.7874825966405706,0.36507936507936506,0.22949789778556265,0.1715892362951186,0.4456809750927399
mondrian,105,0.8333333333333334,0.3942766295707472,0.3782549874658485,0.3835978835978836,0.023773797176958125,0.16821527409762718,0.5551630061433983
datafly,106,0.4666666666666667,0.5320614732379438,0.6885179906877762,0.3677248677248677,0.13391068052996416,0.16674321380203727,0.4625802272861096
mondrian,106,0.8333333333333334,0.43932167461579225,0.4876771156584067,0.3994708994708995,0.04897340995723115,0.1482541364894306,0.5332587489450233
datafly,107,0.4666666666666667,0.4970853206147324,0.7312846991871844,0.3201058201058201,0.1912258279040286,0.1767002296414061,0.4654360242595537
mondrian,107,0.8333333333333334,0.42183359830418654,0.4307413463242775,0.41534391534391535,0.026823138484973332,0.16598363068951305,0.532336257826454
datafly,108,0.3333333333333333,0.5516693163751988,0.7678572939637355,0.3677248677248677,0.2563078368745628,0.1836954601660484,0.4018135782841665
mondrian,108,0.7666666666666667,0.4213036565977743,0.4224350878276553,0.4735449735449736,0.04678961201920147,0.1468586233292115,0.549058862784353
datafly,109,0.3333333333333333,0.5744568097509274,0.7920787019879938,0.35978835978835977,0.3267117299661955,0.1975446034269564,0.3927456868633339
mondrian,109,0.8333333333333334,0.4435612082670906,0.4467160952468585,0.3703703703703704,0.041343597408312636,0.16425837602308188,0.5196961667549904
datafly,110,0.3333333333333333,0.5384207737148914,0.810329819545365,0.3201058201058201,0.35008252430865355,0.1983395159865748,0.3915385974209503
mondrian,110,0.8,0.4292527821939587,0.4519771092434584,0.3968253968253968,0.03975517648013673,0.15540246128481414,0.5188325580482442
datafly,111,0.4666666666666667,0.5320614732379438,0.6623937954308056,0.3703703703703704,0.13391068052996416,0.18384266619560727,0.4625802272861096
mondrian,111,0.8,0.4430312665606783,0.5017961377653369,0.42063492063492064,0.10142387781965076,0.16628981923099576,0.5377926946554397
datafly,112,0.4666666666666667,0.5654478007419184,0.6492411598622022,0.4021164021164021,0.1998683430461229,0.19186245068598007,0.4439733851498557
mondrian,112,0.8,0.4239533651298357,0.4502538186124185,0.4047619047619048,0.05057194106104608,0.16819172113289754,0.5117666686294137
datafly,113,0.4666666666666667,0.5320614732379438,0.6885179906877762,0.3703703703703704,0.13391068052996416,0.16674321380203727,0.4625802272861096
mondrian,113,0.8333333333333334,0.4234234234234234,0.4622280162538666,0.3492063492063492,0.05369205359853448,0.16230936819172118,0.5258395650552514
datafly,114,0.3333333333333333,0.5818759936406995,0.784410284456158,0.3492063492063492,0.2392115298689693,0.18888888888888888,0.3888888888888888
mondrian,114,0.8666666666666667,0.4175940646528882,0.4573126387821242,0.34656084656084657,0.04141549199063462,0.14803038332450094,0.5742997899860645
datafly,115,0.4666666666666667,0.5633280339162692,0.6816638378444373,0.3677248677248677,0.12459359200217705,0.164193605370076,0.4442089147971501
mondrian,115,0.7666666666666667,0.4605193428722841,0.5289451877390897,0.35714285714285715,0.06676507237621986,0.17811340752517232,0.4674282125262517
datafly,116,0.4666666666666667,0.5564387917329093,0.6787346926766302,0.41534391534391535,0.12482781107114785,0.15652711535064476,0.4696755579108521
mondrian,116,0.8,0.4509803921568628,0.4477120508664276,0.3677248677248677,0.03963778610743915,0.18256491785903547,0.5182437339300084
datafly,117,0.3333333333333333,0.5320614732379438,0.7563242790372708,0.41798941798941797,0.21102155180524207,0.1815050344462109,0.4072896425837602
mondrian,117,0.8333333333333334,0.4525702172760997,0.4810411712276099,0.3544973544973545,0.038877837905239014,0.20012954130601174,0.4842685823077979
datafly,118,0.3333333333333333,0.5320614732379438,0.7563242790372708,0.42857142857142855,0.21102155180524207,0.1815050344462109,0.4072896425837602
mondrian,118,0.8333333333333334,0.4403815580286168,0.41863866721403203,0.4470899470899471,0.02920071478941768,0.17031148795854675,0.548057861783352
datafly,119,0.3333333333333333,0.5744568097509274,0.7839582228002334,0.3253968253968254,0.3267117299661955,0.1975446034269564,0.3927456868633339
mondrian,119,0.8333333333333334,0.43190249072602016,0.3770981922209475,0.35185185185185186,0.025485786918499908,0.16573043631867154,0.5473316453708611
datafly,120,0.4,0.5527291997880233,0.7299176734879087,0.3386243386243386,0.19695773581493206,0.21111111111111108,0.33333333333333337
mondrian,120,0.8,0.4069952305246423,0.3840297055712087,0.4047619047619048,0.02367325709699225,0.14535123358652766,0.5829947594653477
datafly,121,0.4666666666666667,0.5707472178060413,0.7297560341808135,0.36507936507936506,0.22949789778556265,0.17688276511805914,0.4456809750927399
mondrian,121,0.8333333333333334,0.442501324854266,0.4313163233062841,0.4100529100529101,0.02647939251324644,0.1733910380969204,0.5298631965298632
datafly,122,0.2,0.5866454689984102,0.8374476140849348,0.3915343915343915,0.3836179769033037,0.2,0.33333333333333337
mondrian,122,0.8333333333333334,0.4912559618441971,0.5455553199054207,0.335978835978836,0.09120024354289764,0.18758169934640528,0.4604997154016761
datafly,123,0.3333333333333333,0.5744568097509274,0.7839582228002334,0.3412698412698413,0.3267117299661955,0.1975446034269564,0.3927456868633339
mondrian,123,0.8,0.4430312665606783,0.4289891136139221,0.4074074074074074,0.028681725773281007,0.17554024612848146,0.535044848770339
datafly,124,0.3333333333333333,0.5728669846316905,0.7431816448485326,0.3783068783068783,0.2480006425578295,0.19494200082435376,0.3886828004475064
mondrian,124,0.8666666666666667,0.4446210916799152,0.4788932040807719,0.35978835978835977,0.03413560385411129,0.18265324147677087,0.4791654399497537
datafly,125,0.4,0.5484896661367249,0.7279807369474487,0.3783068783068783,0.15738426165808567,0.2008655714538068,0.377289053759642
mondrian,125,0.8,0.4626391096979332,0.5110290555356568,0.41534391534391535,0.0560067221434471,0.1813754931401992,0.4735716108265129
datafly,126,0.4,0.5458399576046635,0.7811640790671242,0.2989417989417989,0.2478276462191173,0.2094506270976859,0.3558264146499439
mondrian,126,0.8333333333333334,0.3969263381028087,0.4134844214405226,0.35185185185185186,0.025955910085714632,0.16833892716245644,0.5534946711417299
datafly,127,0.4,0.5458399576046635,0.7808923221159816,0.4021164021164021,0.2478276462191173,0.20206677265500794,0.3558264146499439
mondrian,127,0.8333333333333334,0.3815580286168522,0.3095773405032953,0.5132275132275133,0.01357600001572694,0.1549667314373196,0.6044083298985259
datafly,128,0.4666666666666667,0.5691573926868044,0.6927324828982574,0.4074074074074074,0.1915628337586628,0.16673732556085494,0.4442089147971501
mondrian,128,0.8333333333333334,0.469528351881293,0.5011018231804378,0.3412698412698413,0.040688682697473486,0.18631572749219813,0.4692928222339987
datafly,129,0.4666666666666667,0.5633280339162692,0.7204345598066018,0.35978835978835977,0.12459359200217705,0.16966966966966968,0.4442089147971501
mondrian,129,0.8,0.4303126656067833,0.4386955846631457,0.3544973544973545,0.05443402815515413,0.17312017900253202,0.5271349781153702
datafly,130,0.3333333333333333,0.5744568097509274,0.8029201196499012,0.328042328042328,0.3267117299661955,0.187299063769652,0.3927456868633339
mondrian,130,0.8,0.37042925278219396,0.3272876962890053,0.4497354497354497,0.017935732421844833,0.1442206912795147,0.5963806944199102
datafly,131,0.3333333333333333,0.5749867514573397,0.7853832271680281,0.37301587301587297,0.2976022875957413,0.17777777777777776,0.3888888888888888
mondrian,131,0.8333333333333334,0.4255431902490726,0.4299371586449699,0.3783068783068783,0.03262300924322808,0.1470941529765058,0.5617774637382479
datafly,132,0.4,0.5527291997880233,0.7174304906702041,0.35714285714285715,0.19695773581493206,0.21454984396160864,0.33333333333333337
mondrian,132,0.8333333333333334,0.4578696343402226,0.428058399141128,0.42857142857142855,0.023774920529806905,0.185573809103221,0.4925317474337082
datafly,133,0.3333333333333333,0.5744568097509274,0.7920787019879938,0.35714285714285715,0.3267117299661955,0.1975446034269564,0.3927456868633339
mondrian,133,0.8,0.4234234234234234,0.4224270927012758,0.3756613756613757,0.03634860896620926,0.15064476240946822,0.5511393746687867
datafly,134,0.4,0.5643879173290938,0.7258651200126227,0.37301587301587297,0.14835250475388884,0.2008655714538068,0.3588883000647707
mondrian,134,0.8333333333333334,0.4276629570747218,0.4147757482087233,0.3677248677248677,0.02094463302730393,0.16232703291526826,0.5295884119413532
datafly,135,0.3333333333333333,0.5818759936406995,0.8050947787320826,0.4021164021164021,0.2392115298689693,0.1832538420773715,0.3888888888888888
mondrian,135,0.8333333333333334,0.4122946475887652,0.40223383744262775,0.46296296296296297,0.053401666887124666,0.14499793911558626,0.5548489666136724
datafly,136,0.3333333333333333,0.5945945945945946,0.8739613949044588,0.3624338624338624,0.4354157767605818,0.2338220573514691,0.2487781899546605
mondrian,136,0.8333333333333334,0.4324324324324325,0.4437924885875311,0.3783068783068783,0.02878395088252004,0.16492963551787068,0.5150837111621427
datafly,137,0.3333333333333333,0.5728669846316905,0.7431816448485326,0.35185185185185186,0.2480006425578295,0.19494200082435376,0.3886828004475064
mondrian,137,0.9,0.4255431902490726,0.39230988776822096,0.4576719576719577,0.0238625420520118,0.15586174409703826,0.5468802135468802
datafly,138,0.4666666666666667,0.5553789083200847,0.6922993475046771,0.35714285714285715,0.19178357259344825,0.1709297532826944,0.4442089147971501
mondrian,138,0.8,0.42978272390037103,0.4284070952643619,0.37301587301587297,0.03796623706845347,0.1695519048460225,0.5524740426701211
datafly,139,0.3333333333333333,0.5744568097509274,0.8029201196499012,0.335978835978836,0.3267117299661955,0.187299063769652,0.3927456868633339
mondrian,139,0.8333333333333334,0.41017488076311603,0.3792257588729569,0.4338624338624337,0.029215318376451832,0.17060590001766476,0.5632887789750536
datafly,140,0.4,0.5527291997880233,0.7788166291577687,0.3386243386243386,0.2481517335159905,0.2093799682034976,0.3376611906023671
mondrian,140,0.7666666666666667,0.4048754636989931,0.4192684516636809,0.36507936507936506,0.03680581357566301,0.15216392863451694,0.5532002590826121
datafly,141,0.3333333333333333,0.5606783253842077,0.7443367559962903,0.3835978835978836,0.22038862953479998,0.193140199022552,0.3886828004475064
mondrian,141,0.8666666666666667,0.4223635400105989,0.3994404246653456,0.455026455026455,0.02579133889336826,0.15489607254313142,0.5564387917329094
datafly,142,0.4666666666666667,0.4970853206147324,0.6952314806061799,0.31746031746031744,0.1912258279040286,0.1872284048754637,0.4654360242595537
mondrian,142,0.8,0.424483306836248,0.4765753211664038,0.41534391534391535,0.08068734590758345,0.16235647412117993,0.534475652122711
datafly,143,0.3333333333333333,0.5834658187599364,0.8282228205862087,0.35185185185185186,0.3750024222295802,0.1887122416534181,0.38921274215391866
mondrian,143,0.8333333333333334,0.4255431902490726,0.4117107670760203,0.3862433862433862,0.02292229571758236,0.1629276335158688,0.5468998410174881
datafly,144,0.3333333333333333,0.5686274509803921,0.7496340113381967,0.41534391534391535,0.19772442413422486,0.1786551257139492,0.4144144144144144
mondrian,144,0.8,0.3963963963963964,0.3739085602107606,0.4788359788359789,0.024073732387582567,0.12756285697462166,0.5831517792302106
datafly,145,0.3333333333333333,0.5834658187599364,0.8282228205862087,0.3888888888888889,0.3750024222295802,0.1887122416534181,0.38921274215391866
mondrian,145,0.8666666666666667,0.4578696343402226,0.4480845455268243,0.4021164021164021,0.03133789358422296,0.17314962020844366,0.512159218041571
datafly,146,0.3333333333333333,0.5744568097509274,0.7839582228002334,0.3201058201058201,0.3267117299661955,0.1975446034269564,0.3927456868633339
mondrian,146,0.8,0.4652888182299947,0.4826770749640724,0.3888888888888889,0.043093781146712966,0.16406995230524646,0.5238571905238572
datafly,147,0.4666666666666667,0.5633280339162692,0.6815241059227821,0.3941798941798942,0.12459359200217705,0.15563210269092626,0.4442089147971501
mondrian,147,0.8666666666666667,0.4107048224695283,0.4195289057769867,0.3492063492063492,0.02575932333717801,0.1566566566566566,0.589668099472021
datafly,148,0.3333333333333333,0.5744568097509274,0.7920787019879938,0.3439153439153439,0.3267117299661955,0.1975446034269564,0.3927456868633339
mondrian,148,0.8666666666666667,0.4488606253312136,0.4635073066967199,0.42063492063492064,0.03277915528920858,0.15401283636577756,0.5755363206343599
datafly,149,0.3333333333333333,0.5320614732379438,0.7563242790372708,0.3862433862433862,0.21102155180524207,0.1815050344462109,0.4072896425837602
mondrian,149,0.8,0.4350821409644939,0.413191008913802,0.3412698412698413,0.031908556831403555,0.16838014485073302,0.5610512473257571
datafly,150,0.4,0.5527291997880233,0.7579966402158871,0.335978835978836,0.2481517335159905,0.2170758994288406,0.3376611906023671
mondrian,150,0.8333333333333334,0.424483306836248,0.3748296838596628,0.41534391534391535,0.031558632419008366,0.1717658835305893,0.5512178845512179
datafly,151,0.4,0.5527291997880233,0.7598547323081009,0.4338624338624337,0.2481517335159905,0.219625507860802,0.3376611906023671
mondrian,151,0.8666666666666667,0.4250132485426603,0.4355202889957484,0.35978835978835977,0.034607973727023573,0.1585114526290996,0.5472335080178217
datafly,152,0.3333333333333333,0.5728669846316905,0.7431816448485326,0.3809523809523809,0.2480006425578295,0.19494200082435376,0.3886828004475064
mondrian,152,0.8666666666666667,0.4419713831478537,0.4748500418317545,0.3386243386243386,0.04931210084113853,0.16317493964552776,0.4962217119079865
datafly,153,0.3333333333333333,0.5659777424483307,0.7546295670198829,0.3862433862433862,0.2002648866017425,0.1889477713007125,0.3886828004475064
mondrian,153,0.8666666666666667,0.4207737148913621,0.4447146789294051,0.32275132275132273,0.058045045887559675,0.17585232291114633,0.5470764882529588
datafly,154,0.4666666666666667,0.4970853206147324,0.7304865490762952,0.3201058201058201,0.1912258279040286,0.16932226343991047,0.4654360242595537
mondrian,154,0.8666666666666667,0.4350821409644939,0.464667164982228,0.3121693121693121,0.032094471727876765,0.1655773420479303,0.4994994994994994
datafly,155,0.4,0.5458399576046635,0.7619304252663136,0.3862433862433862,0.2478276462191173,0.21231231231231235,0.3558264146499439
mondrian,155,0.7666666666666667,0.4308426073131956,0.4142387509974174,0.4576719576719577,0.052394581058192766,0.1700111876582465,0.5365954189483602
datafly,156,0.4,0.5458399576046635,0.7703226614052165,0.3148148148148148,0.2478276462191173,0.2196961667549903,0.3558264146499439
mondrian,156,0.8666666666666667,0.442501324854266,0.4446489207557472,0.42857142857142855,0.030239816174539826,0.1619207442736853,0.5288818229994701
datafly,157,0.3333333333333333,0.5606783253842077,0.7544172462701624,0.3994708994708995,0.22038862953479998,0.1889477713007125,0.3886828004475064
mondrian,157,0.8666666666666667,0.4175940646528882,0.4418572195757696,0.4656084656084656,0.03581445468661405,0.1570806100217865,0.5393628923040688
datafly,158,0.4666666666666667,0.5691573926868044,0.7364419570869408,0.3968253968253968,0.1539181564431728,0.16110816699051994,0.4442089147971501
mondrian,158,0.8333333333333334,0.44992050874403816,0.4492563343723189,0.4365079365079365,0.03665977770532152,0.15685096861567452,0.5363598893010657
datafly,159,0.4,0.5458399576046635,0.7816911092181804,0.30952380952380953,0.2478276462191173,0.2094506270976859,0.3558264146499439
mondrian,159,0.7666666666666667,0.4409114997350291,0.4607759893611024,0.3941798941798942,0.04367960965735209,0.1707943237355002,0.4998331664998331
datafly,160,0.3333333333333333,0.5728669846316905,0.7431816448485326,0.37301587301587297,0.2480006425578295,0.19494200082435376,0.3886828004475064
mondrian,160,0.8,0.4144144144144144,0.4210191760251195,0.3201058201058201,0.024646080664036337,0.1577518695165755,0.5516104339633752
datafly,161,0.4666666666666667,0.5553789083200847,0.6922993475046771,0.3544973544973545,0.19178357259344825,0.1709297532826944,0.4442089147971501
mondrian,161,0.8666666666666667,0.4276629570747218,0.4149786097965987,0.4523809523809524,0.028921561606495675,0.15360065948301224,0.5396573043631867
datafly,162,0.4,0.5458399576046635,0.7619304252663136,0.3333333333333333,0.2478276462191173,0.21231231231231235,0.3558264146499439
mondrian,162,0.8,0.4308426073131956,0.5121482410500557,0.35185185185185186,0.04411603223910341,0.17074132956485896,0.5000686961471276
datafly,163,0.3333333333333333,0.5786963434022258,0.7827932944230968,0.36507936507936506,0.3644170683355197,0.19908143437555206,0.3901843019490079
mondrian,163,0.8,0.4366719660837308,0.4387299823398788,0.4973544973544973,0.027608923802695428,0.159600777247836,0.5262321144674087
datafly,164,0.3333333333333333,0.5659777424483307,0.7526323310718299,0.42063492063492064,0.2002648866017425,0.1778425484307837,0.3886828004475064
mondrian,164,0.8333333333333334,0.424483306836248,0.4579688610685091,0.4788359788359789,0.05852921096538416,0.14437378555025615,0.5692162750986279
datafly,165,0.3333333333333333,0.5384207737148914,0.8115726868531419,0.3201058201058201,0.35008252430865355,0.18780545251133485,0.3915385974209503
mondrian,165,0.8,0.39162692103868574,0.3865395016089777,0.3994708994708995,0.0217843392817675,0.13962786315727488,0.5822292881116411
datafly,166,0.4666666666666667,0.5320614732379438,0.6629204053026346,0.3941798941798942,0.13391068052996416,0.18384266619560727,0.4625802272861096
mondrian,166,0.8333333333333334,0.5098039215686274,0.5258112961115293,0.3888888888888889,0.06072648913759921,0.1859565447800741,0.4939449253174743
datafly,167,0.4,0.5930047694753577,0.7930281662825406,0.3121693121693121,0.3483171753067947,0.21689925219336986,0.3337160690101867
mondrian,167,0.7333333333333333,0.42978272390037103,0.4661428555253425,0.36507936507936506,0.04395651613457655,0.15231113466407575,0.5445445445445445
datafly,168,0.4,0.5930047694753577,0.7930281662825406,0.3253968253968254,0.3483171753067947,0.21689925219336986,0.3337160690101867
mondrian,168,0.8,0.4165341812400636,0.5157782208190689,0.3201058201058201,0.06967174787243992,0.16917505741035166,0.4817366385993838
datafly,169,0.3333333333333333,0.5320614732379438,0.7563242790372708,0.41534391534391535,0.21102155180524207,0.1815050344462109,0.4072896425837602
mondrian,169,0.8333333333333334,0.43190249072602016,0.4366777592295399,0.35978835978835977,0.03215513278171092,0.16410528175234054,0.5416396788945809
datafly,170,0.4666666666666667,0.5553789083200847,0.7064957820185369,0.3783068783068783,0.19178357259344825,0.15563210269092628,0.4442089147971501
mondrian,170,0.8,0.4165341812400636,0.4160826152166929,0.4470899470899471,0.03207537472944748,0.15659777424483307,0.5359280849476927
datafly,171,0.4666666666666667,0.5320614732379438,0.6879913808159471,0.3756613756613757,0.13391068052996416,0.16674321380203727,0.4625802272861096
mondrian,171,0.8666666666666667,0.4165341812400636,0.4045345752228725,0.3994708994708995,0.025636316200236518,0.1612259318141671,0.5579304794991069
datafly,172,0.3333333333333333,0.5320614732379438,0.7565960359884133,0.3862433862433862,0.21102155180524207,0.18888888888888888,0.4072896425837602
mondrian,172,0.8333333333333334,0.4080551139374669,0.3991108611061919,0.4338624338624337,0.024944892521812003,0.15716893363952178,0.5995799721289918
datafly,173,0.3333333333333333,0.5744568097509274,0.7920787019879938,0.3306878306878307,0.3267117299661955,0.1975446034269564,0.3927456868633339
mondrian,173,0.8333333333333334,0.4080551139374669,0.4509883223723607,0.3544973544973545,0.03423614393407716,0.15665076841547446,0.5561836346150072
datafly,174,0.4,0.5458399576046635,0.7816911092181804,0.3148148148148148,0.2478276462191173,0.2094506270976859,0.3558264146499439
mondrian,174,0.8,0.4186539480657128,0.3932591244991826,0.3835978835978836,0.03130419299875953,0.14366130836719068,0.5700995112759819
datafly,175,0.4,0.5527291997880233,0.7788166291577687,0.35978835978835977,0.2481517335159905,0.2093799682034976,0.3376611906023671
mondrian,175,0.7333333333333333,0.4854266030736619,0.5424728174142894,0.328042328042328,0.09391651073124936,0.1776364599894013,0.4719817857072759
datafly,176,0.4,0.5930047694753577,0.8186084211169234,0.3386243386243386,0.3483171753067947,0.1998115762821645,0.3337160690101867
mondrian,176,0.8,0.4085850556438792,0.3941131697675926,0.4841269841269841,0.019070880475537733,0.14512748042159807,0.5811694046988163
datafly,177,0.4,0.5527291997880233,0.7174304906702041,0.3439153439153439,0.19695773581493206,0.21454984396160864,0.33333333333333337
mondrian,177,0.8666666666666667,0.4207737148913621,0.4385511704673874,0.3544973544973545,0.03125925888480832,0.1675734558087499,0.5245048970539167
datafly,178,0.4,0.5458399576046635,0.7808923221159816,0.35978835978835977,0.2478276462191173,0.20206677265500794,0.3558264146499439
mondrian,178,0.8333333333333334,0.4631690514043455,0.4999710074567744,0.4100529100529101,0.04789330619312851,0.17315550844962607,0.4830713066007184
datafly,179,0.3333333333333333,0.5728669846316905,0.7431816448485326,0.3703703703703704,0.2480006425578295,0.19494200082435376,0.3886828004475064
mondrian,179,0.8,0.4096449390567037,0.3613012719390809,0.4682539682539682,0.01701739146796661,0.13112524288994878,0.5891774127068243
datafly,180,0.3333333333333333,0.5728669846316905,0.7431816448485326,0.3783068783068783,0.2480006425578295,0.19494200082435376,0.3886828004475064
mondrian,180,0.8333333333333334,0.4080551139374669,0.3596500664350464,0.4100529100529101,0.0249915116650364,0.16643702526055465,0.5786767159316178
datafly,181,0.4666666666666667,0.5320614732379438,0.6621222551917455,0.3888888888888889,0.13391068052996416,0.1764646999941117,0.4625802272861096
mondrian,181,0.8666666666666667,0.4085850556438792,0.4303670207916501,0.4047619047619048,0.038095422646063255,0.1813931578637462,0.5264087617028793
datafly,182,0.4666666666666667,0.5691573926868044,0.7008038346543197,0.3862433862433862,0.1539181564431728,0.17784254843078376,0.4442089147971501
mondrian,182,0.8333333333333334,0.4419713831478537,0.4434672500526784,0.42063492063492064,0.025686867078431645,0.16551845963610662,0.5271742330565861
datafly,183,0.3333333333333333,0.5659777424483307,0.7527720629934852,0.35978835978835977,0.2002648866017425,0.18640405110993347,0.3886828004475064
mondrian,183,0.8333333333333334,0.4663487016428193,0.5060078212978796,0.335978835978836,0.08362154354859863,0.18686922216333984,0.4757895150052014
datafly,184,0.3333333333333333,0.5659777424483307,0.7546295670198829,0.4074074074074074,0.2002648866017425,0.1889477713007125,0.3886828004475064
mondrian,184,0.8,0.4780074191838898,0.5167107077147296,0.455026455026455,0.0862367089805601,0.19143849732085044,0.4788710278906357
datafly,185,0.3333333333333333,0.5320614732379438,0.7571230661394696,0.3862433862433862,0.21102155180524207,0.18888888888888888,0.4072896425837602
mondrian,185,0.8333333333333334,0.4440911499735029,0.4365085939421134,0.4365079365079365,0.028616009631627325,0.1927280221397868,0.5084299986260772
datafly,186,0.3333333333333333,0.5659777424483307,0.7546295670198829,0.4074074074074074,0.2002648866017425,0.1889477713007125,0.3886828004475064
mondrian,186,0.8,0.424483306836248,0.4853622745081055,0.3624338624338624,0.04015509009430266,0.1545368898310074,0.5088421755088423
datafly,187,0.3333333333333333,0.5749867514573397,0.7637066165458866,0.3809523809523809,0.2976022875957413,0.18888888888888888,0.3888888888888888
mondrian,187,0.8333333333333334,0.4043455219925808,0.3644220765320825,0.4973544973544973,0.02647265239615375,0.15013248542660304,0.6160866749102043
datafly,188,0.3333333333333333,0.5320614732379438,0.7563242790372708,0.41534391534391535,0.21102155180524207,0.1815050344462109,0.4072896425837602
mondrian,188,0.8,0.4160042395336513,0.3790889708903694,0.49206349206349204,0.02518023494363156,0.14288406053111924,0.5891381577656087
datafly,189,0.3333333333333333,0.5728669846316905,0.7431816448485326,0.3703703703703704,0.2480006425578295,0.19494200082435376,0.3886828004475064
mondrian,189,0.8333333333333334,0.3995760466348702,0.4514935675591238,0.3835978835978836,0.05039950639875825,0.14001059883412822,0.5654281732713106
datafly,190,0.4,0.5527291997880233,0.776958537065555,0.35714285714285715,0.2481517335159905,0.20683035977153624,0.3376611906023671
mondrian,190,0.8333333333333334,0.4631690514043455,0.4571593073981714,0.4523809523809524,0.029472566178822605,0.173744332567862,0.5219925808161102
datafly,191,0.2,0.5866454689984102,0.8374476140849348,0.3915343915343915,0.3836179769033037,0.2,0.33333333333333337
mondrian,191,0.8,0.4011658717541071,0.3766760651802996,0.4523809523809524,0.0259109759717634,0.1485662132720956,0.579520697167756
datafly,192,0.3333333333333333,0.5818759936406995,0.7663029082181748,0.37301587301587297,0.2392115298689693,0.17777777777777776,0.3888888888888888
mondrian,192,0.8333333333333334,0.4038155802861685,0.4086904641010752,0.4232804232804233,0.039417608949078135,0.14207737148913618,0.5898840016487075
datafly,193,0.3333333333333333,0.5320614732379438,0.7563242790372708,0.42857142857142855,0.21102155180524207,0.1815050344462109,0.4072896425837602
mondrian,193,0.7666666666666667,0.4430312665606783,0.4288642494019536,0.4021164021164021,0.03654856577329224,0.15219336984042875,0.5654870556831342
datafly,194,0.3333333333333333,0.5728669846316905,0.7431816448485326,0.3783068783068783,0.2480006425578295,0.19494200082435376,0.3886828004475064
mondrian,194,0.8666666666666667,0.4308426073131956,0.3958677602796208,0.4841269841269841,0.026793369634480643,0.1598304186539482,0.5524544151995132
datafly,195,0.3333333333333333,0.5834658187599364,0.8282228205862087,0.3386243386243386,0.3750024222295802,0.1887122416534181,0.38921274215391866
mondrian,195,0.8333333333333334,0.4260731319554849,0.4500453221660651,0.3994708994708995,0.032281509977198745,0.16647235470764885,0.5372431254784196
datafly,196,0.4666666666666667,0.5633280339162692,0.7204345598066018,0.328042328042328,0.12459359200217705,0.16966966966966968,0.4442089147971501
mondrian,196,0.8333333333333334,0.4742978272390037,0.4678267650115864,0.4021164021164021,0.03549429912471155,0.17909085556144394,0.49368976819957205
datafly,197,0.4666666666666667,0.5633280339162692,0.7202948278849465,0.3968253968253968,0.12459359200217705,0.1611081669905199,0.4442089147971501
mondrian,197,0.8333333333333334,0.43190249072602016,0.4334919293962552,0.4417989417989418,0.05223899668863664,0.1553494671141729,0.5658010952128598
datafly,198,0.2,0.5866454689984102,0.8374476140849348,0.3915343915343915,0.3836179769033037,0.2,0.33333333333333337
mondrian,198,0.8333333333333334,0.4207737148913621,0.4850478363855301,0.3835978835978836,0.06419427938178522,0.17470411588058654,0.5282537439400184
datafly,199,0.4666666666666667,0.5633280339162692,0.7204345598066018,0.35978835978835977,0.12459359200217705,0.16966966966966968,0.4442089147971501
mondrian,199,0.7666666666666667,0.4382617912029677,0.4047505561490572,0.3439153439153439,0.02923778543342744,0.17303185538479662,0.5521600031403953
datafly,200,0.4,0.5527291997880233,0.7598547323081009,0.3201058201058201,0.2481517335159905,0.219625507860802,0.3376611906023671
mondrian,200,0.8,0.44939056703762587,0.4811108869972614,0.3386243386243386,0.08682197581477484,0.15407171877760112,0.515024828750319
